spot_name,district,category,year,month,season,festival,total_visitors,estimated_visitors
Air Force Academy Museum,Medchal-Malkajgiri,Museum/Gallery,2024,January,Winter,"Bhogi, Sankranti/Pongal, New Year's Day, Republic Day",775,775
Air Force Academy Museum,Medchal-Malkajgiri,Museum/Gallery,2024,February,Winter,No Major Festival / Public Holiday,592,592
Air Force Academy Museum,Medchal-Malkajgiri,Museum/Gallery,2024,March,Summer,"Maha Shivaratri, Holi",439,439
Air Force Academy Museum,Medchal-Malkajgiri,Museum/Gallery,2024,April,Summer,"Ugadi, Sri Rama Navami, Eid-ul-Fitr, Ambedkar Jayanti",432,432
Air Force Academy Museum,Medchal-Malkajgiri,Museum/Gallery,2024,May,Summer,May Day,496,496
Air Force Academy Museum,Medchal-Malkajgiri,Museum/Gallery,2024,June,Monsoon,"Bakrid/Eid-ul-Adha, Telangana Formation Day",323,323
Air Force Academy Museum,Medchal-Malkajgiri,Museum/Gallery,2024,July,Monsoon,Bonalu,319,319
Air Force Academy Museum,Medchal-Malkajgiri,Museum/Gallery,2024,August,Monsoon,"Raksha Bandhan, Krishna Janmashtami, Independence Day",352,352
Air Force Academy Museum,Medchal-Malkajgiri,Museum/Gallery,2024,September,Monsoon,"Ganesh Chaturthi, Engili Pula Bathukamma (start)",341,341
Air Force Academy Museum,Medchal-Malkajgiri,Museum/Gallery,2024,October,Post-Monsoon,"Bathukamma (Saddula Bathukamma), Dussehra/Vijayadashami",742,742
Air Force Academy Museum,Medchal-Malkajgiri,Museum/Gallery,2024,November,Post-Monsoon,Diwali/Deepavali,487,487
Air Force Academy Museum,Medchal-Malkajgiri,Museum/Gallery,2024,December,Winter,Christmas,831,831
Air Force Academy Museum,Medchal-Malkajgiri,Museum/Gallery,2025,January,Winter,"Bhogi, Sankranti/Pongal, New Year's Day, Republic Day",818,818
Air Force Academy Museum,Medchal-Malkajgiri,Museum/Gallery,2025,February,Winter,Maha Shivaratri,543,543
Air Force Academy Museum,Medchal-Malkajgiri,Museum/Gallery,2025,March,Summer,"Holi, Ugadi, Eid-ul-Fitr",411,411
Air Force Academy Museum,Medchal-Malkajgiri,Museum/Gallery,2025,April,Summer,"Sri Rama Navami, Ambedkar Jayanti",411,411
Air Force Academy Museum,Medchal-Malkajgiri,Museum/Gallery,2025,May,Summer,May Day,505,505
Air Force Academy Museum,Medchal-Malkajgiri,Museum/Gallery,2025,June,Monsoon,"Bakrid/Eid-ul-Adha, Telangana Formation Day",338,338
Air Force Academy Museum,Medchal-Malkajgiri,Museum/Gallery,2025,July,Monsoon,Bonalu,334,334
Air Force Academy Museum,Medchal-Malkajgiri,Museum/Gallery,2025,August,Monsoon,"Krishna Ashtami, Vinayaka Chavithi, Independence Day",329,329
Air Force Academy Museum,Medchal-Malkajgiri,Museum/Gallery,2025,September,Monsoon,Bathukamma (Engili Pula to Saddula),342,342
Air Force Academy Museum,Medchal-Malkajgiri,Museum/Gallery,2025,October,Post-Monsoon,"Vijaya Dasami/Dussehra, Diwali/Deepavali",693,693
Air Force Academy Museum,Medchal-Malkajgiri,Museum/Gallery,2025,November,Post-Monsoon,No Major Festival / Public Holiday,504,504
Air Force Academy Museum,Medchal-Malkajgiri,Museum/Gallery,2025,December,Winter,Christmas,774,774
"Air Force Museum, Hakimpet",Medchal-Malkajgiri,Museum/Gallery,2024,January,Winter,"Bhogi, Sankranti/Pongal, New Year's Day, Republic Day",683,683
"Air Force Museum, Hakimpet",Medchal-Malkajgiri,Museum/Gallery,2024,February,Winter,No Major Festival / Public Holiday,475,475
"Air Force Museum, Hakimpet",Medchal-Malkajgiri,Museum/Gallery,2024,March,Summer,"Maha Shivaratri, Holi",388,388
"Air Force Museum, Hakimpet",Medchal-Malkajgiri,Museum/Gallery,2024,April,Summer,"Ugadi, Sri Rama Navami, Eid-ul-Fitr, Ambedkar Jayanti",377,377
"Air Force Museum, Hakimpet",Medchal-Malkajgiri,Museum/Gallery,2024,May,Summer,May Day,439,439
"Air Force Museum, Hakimpet",Medchal-Malkajgiri,Museum/Gallery,2024,June,Monsoon,"Bakrid/Eid-ul-Adha, Telangana Formation Day",299,299
"Air Force Museum, Hakimpet",Medchal-Malkajgiri,Museum/Gallery,2024,July,Monsoon,Bonalu,283,283
"Air Force Museum, Hakimpet",Medchal-Malkajgiri,Museum/Gallery,2024,August,Monsoon,"Raksha Bandhan, Krishna Janmashtami, Independence Day",314,314
"Air Force Museum, Hakimpet",Medchal-Malkajgiri,Museum/Gallery,2024,September,Monsoon,"Ganesh Chaturthi, Engili Pula Bathukamma (start)",291,291
"Air Force Museum, Hakimpet",Medchal-Malkajgiri,Museum/Gallery,2024,October,Post-Monsoon,"Bathukamma (Saddula Bathukamma), Dussehra/Vijayadashami",656,656
"Air Force Museum, Hakimpet",Medchal-Malkajgiri,Museum/Gallery,2024,November,Post-Monsoon,Diwali/Deepavali,449,449
"Air Force Museum, Hakimpet",Medchal-Malkajgiri,Museum/Gallery,2024,December,Winter,Christmas,701,701
"Air Force Museum, Hakimpet",Medchal-Malkajgiri,Museum/Gallery,2025,January,Winter,"Bhogi, Sankranti/Pongal, New Year's Day, Republic Day",703,703
"Air Force Museum, Hakimpet",Medchal-Malkajgiri,Museum/Gallery,2025,February,Winter,Maha Shivaratri,481,481
"Air Force Museum, Hakimpet",Medchal-Malkajgiri,Museum/Gallery,2025,March,Summer,"Holi, Ugadi, Eid-ul-Fitr",401,401
"Air Force Museum, Hakimpet",Medchal-Malkajgiri,Museum/Gallery,2025,April,Summer,"Sri Rama Navami, Ambedkar Jayanti",392,392
"Air Force Museum, Hakimpet",Medchal-Malkajgiri,Museum/Gallery,2025,May,Summer,May Day,484,484
"Air Force Museum, Hakimpet",Medchal-Malkajgiri,Museum/Gallery,2025,June,Monsoon,"Bakrid/Eid-ul-Adha, Telangana Formation Day",314,314
"Air Force Museum, Hakimpet",Medchal-Malkajgiri,Museum/Gallery,2025,July,Monsoon,Bonalu,303,303
"Air Force Museum, Hakimpet",Medchal-Malkajgiri,Museum/Gallery,2025,August,Monsoon,"Krishna Ashtami, Vinayaka Chavithi, Independence Day",315,315
"Air Force Museum, Hakimpet",Medchal-Malkajgiri,Museum/Gallery,2025,September,Monsoon,Bathukamma (Engili Pula to Saddula),285,285
"Air Force Museum, Hakimpet",Medchal-Malkajgiri,Museum/Gallery,2025,October,Post-Monsoon,"Vijaya Dasami/Dussehra, Diwali/Deepavali",620,620
"Air Force Museum, Hakimpet",Medchal-Malkajgiri,Museum/Gallery,2025,November,Post-Monsoon,No Major Festival / Public Holiday,434,434
"Air Force Museum, Hakimpet",Medchal-Malkajgiri,Museum/Gallery,2025,December,Winter,Christmas,685,685
Akkampally Reservoir,Nalgonda,Lake/Reservoir,2024,January,Winter,"Bhogi, Sankranti/Pongal, New Year's Day, Republic Day",411,411
Akkampally Reservoir,Nalgonda,Lake/Reservoir,2024,February,Winter,No Major Festival / Public Holiday,454,454
Akkampally Reservoir,Nalgonda,Lake/Reservoir,2024,March,Summer,"Maha Shivaratri, Holi",340,340
Akkampally Reservoir,Nalgonda,Lake/Reservoir,2024,April,Summer,"Ugadi, Sri Rama Navami, Eid-ul-Fitr, Ambedkar Jayanti",341,341
Akkampally Reservoir,Nalgonda,Lake/Reservoir,2024,May,Summer,May Day,415,415
Akkampally Reservoir,Nalgonda,Lake/Reservoir,2024,June,Monsoon,"Bakrid/Eid-ul-Adha, Telangana Formation Day",249,249
Akkampally Reservoir,Nalgonda,Lake/Reservoir,2024,July,Monsoon,Bonalu,258,258
Akkampally Reservoir,Nalgonda,Lake/Reservoir,2024,August,Monsoon,"Raksha Bandhan, Krishna Janmashtami, Independence Day",250,250
Akkampally Reservoir,Nalgonda,Lake/Reservoir,2024,September,Monsoon,"Ganesh Chaturthi, Engili Pula Bathukamma (start)",273,273
Akkampally Reservoir,Nalgonda,Lake/Reservoir,2024,October,Post-Monsoon,"Bathukamma (Saddula Bathukamma), Dussehra/Vijayadashami",408,408
Akkampally Reservoir,Nalgonda,Lake/Reservoir,2024,November,Post-Monsoon,Diwali/Deepavali,394,394
Akkampally Reservoir,Nalgonda,Lake/Reservoir,2024,December,Winter,Christmas,414,414
Akkampally Reservoir,Nalgonda,Lake/Reservoir,2025,January,Winter,"Bhogi, Sankranti/Pongal, New Year's Day, Republic Day",427,427
Akkampally Reservoir,Nalgonda,Lake/Reservoir,2025,February,Winter,Maha Shivaratri,428,428
Akkampally Reservoir,Nalgonda,Lake/Reservoir,2025,March,Summer,"Holi, Ugadi, Eid-ul-Fitr",341,341
Akkampally Reservoir,Nalgonda,Lake/Reservoir,2025,April,Summer,"Sri Rama Navami, Ambedkar Jayanti",337,337
Akkampally Reservoir,Nalgonda,Lake/Reservoir,2025,May,Summer,May Day,421,421
Akkampally Reservoir,Nalgonda,Lake/Reservoir,2025,June,Monsoon,"Bakrid/Eid-ul-Adha, Telangana Formation Day",261,261
Akkampally Reservoir,Nalgonda,Lake/Reservoir,2025,July,Monsoon,Bonalu,250,250
Akkampally Reservoir,Nalgonda,Lake/Reservoir,2025,August,Monsoon,"Krishna Ashtami, Vinayaka Chavithi, Independence Day",269,269
Akkampally Reservoir,Nalgonda,Lake/Reservoir,2025,September,Monsoon,Bathukamma (Engili Pula to Saddula),270,270
Akkampally Reservoir,Nalgonda,Lake/Reservoir,2025,October,Post-Monsoon,"Vijaya Dasami/Dussehra, Diwali/Deepavali",405,405
Akkampally Reservoir,Nalgonda,Lake/Reservoir,2025,November,Post-Monsoon,No Major Festival / Public Holiday,415,415
Akkampally Reservoir,Nalgonda,Lake/Reservoir,2025,December,Winter,Christmas,437,437
Alampur Jogulamba Temple,Jogulamba Gadwal,Temple,2024,January,Winter,"Bhogi, Sankranti/Pongal, New Year's Day, Republic Day",47889,47889
Alampur Jogulamba Temple,Jogulamba Gadwal,Temple,2024,February,Winter,No Major Festival / Public Holiday,27765,27765
Alampur Jogulamba Temple,Jogulamba Gadwal,Temple,2024,March,Summer,"Maha Shivaratri, Holi",21669,21669
Alampur Jogulamba Temple,Jogulamba Gadwal,Temple,2024,April,Summer,"Ugadi, Sri Rama Navami, Eid-ul-Fitr, Ambedkar Jayanti",21326,21326
Alampur Jogulamba Temple,Jogulamba Gadwal,Temple,2024,May,Summer,May Day,21767,21767
Alampur Jogulamba Temple,Jogulamba Gadwal,Temple,2024,June,Monsoon,"Bakrid/Eid-ul-Adha, Telangana Formation Day",13999,13999
Alampur Jogulamba Temple,Jogulamba Gadwal,Temple,2024,July,Monsoon,Bonalu,41148,41148
Alampur Jogulamba Temple,Jogulamba Gadwal,Temple,2024,August,Monsoon,"Raksha Bandhan, Krishna Janmashtami, Independence Day",14101,14101
Alampur Jogulamba Temple,Jogulamba Gadwal,Temple,2024,September,Monsoon,"Ganesh Chaturthi, Engili Pula Bathukamma (start)",41975,41975
Alampur Jogulamba Temple,Jogulamba Gadwal,Temple,2024,October,Post-Monsoon,"Bathukamma (Saddula Bathukamma), Dussehra/Vijayadashami",59764,59764
Alampur Jogulamba Temple,Jogulamba Gadwal,Temple,2024,November,Post-Monsoon,Diwali/Deepavali,21675,21675
Alampur Jogulamba Temple,Jogulamba Gadwal,Temple,2024,December,Winter,Christmas,22606,22606
Alampur Jogulamba Temple,Jogulamba Gadwal,Temple,2025,January,Winter,"Bhogi, Sankranti/Pongal, New Year's Day, Republic Day",51326,51326
Alampur Jogulamba Temple,Jogulamba Gadwal,Temple,2025,February,Winter,Maha Shivaratri,23569,23569
Alampur Jogulamba Temple,Jogulamba Gadwal,Temple,2025,March,Summer,"Holi, Ugadi, Eid-ul-Fitr",21744,21744
Alampur Jogulamba Temple,Jogulamba Gadwal,Temple,2025,April,Summer,"Sri Rama Navami, Ambedkar Jayanti",16299,16299
Alampur Jogulamba Temple,Jogulamba Gadwal,Temple,2025,May,Summer,May Day,20024,20024
Alampur Jogulamba Temple,Jogulamba Gadwal,Temple,2025,June,Monsoon,"Bakrid/Eid-ul-Adha, Telangana Formation Day",13381,13381
Alampur Jogulamba Temple,Jogulamba Gadwal,Temple,2025,July,Monsoon,Bonalu,42045,42045
Alampur Jogulamba Temple,Jogulamba Gadwal,Temple,2025,August,Monsoon,"Krishna Ashtami, Vinayaka Chavithi, Independence Day",14084,14084
Alampur Jogulamba Temple,Jogulamba Gadwal,Temple,2025,September,Monsoon,Bathukamma (Engili Pula to Saddula),38103,38103
Alampur Jogulamba Temple,Jogulamba Gadwal,Temple,2025,October,Post-Monsoon,"Vijaya Dasami/Dussehra, Diwali/Deepavali",51816,51816
Alampur Jogulamba Temple,Jogulamba Gadwal,Temple,2025,November,Post-Monsoon,No Major Festival / Public Holiday,26643,26643
Alampur Jogulamba Temple,Jogulamba Gadwal,Temple,2025,December,Winter,Christmas,21749,21749
Ali Sagar Dam,Nizamabad,Lake/Reservoir,2024,January,Winter,"Bhogi, Sankranti/Pongal, New Year's Day, Republic Day",487,487
Ali Sagar Dam,Nizamabad,Lake/Reservoir,2024,February,Winter,No Major Festival / Public Holiday,472,472
Ali Sagar Dam,Nizamabad,Lake/Reservoir,2024,March,Summer,"Maha Shivaratri, Holi",384,384
Ali Sagar Dam,Nizamabad,Lake/Reservoir,2024,April,Summer,"Ugadi, Sri Rama Navami, Eid-ul-Fitr, Ambedkar Jayanti",380,380
Ali Sagar Dam,Nizamabad,Lake/Reservoir,2024,May,Summer,May Day,435,435
Ali Sagar Dam,Nizamabad,Lake/Reservoir,2024,June,Monsoon,"Bakrid/Eid-ul-Adha, Telangana Formation Day",292,292
Ali Sagar Dam,Nizamabad,Lake/Reservoir,2024,July,Monsoon,Bonalu,314,314
Ali Sagar Dam,Nizamabad,Lake/Reservoir,2024,August,Monsoon,"Raksha Bandhan, Krishna Janmashtami, Independence Day",290,290
Ali Sagar Dam,Nizamabad,Lake/Reservoir,2024,September,Monsoon,"Ganesh Chaturthi, Engili Pula Bathukamma (start)",287,287
Ali Sagar Dam,Nizamabad,Lake/Reservoir,2024,October,Post-Monsoon,"Bathukamma (Saddula Bathukamma), Dussehra/Vijayadashami",459,459
Ali Sagar Dam,Nizamabad,Lake/Reservoir,2024,November,Post-Monsoon,Diwali/Deepavali,486,486
Ali Sagar Dam,Nizamabad,Lake/Reservoir,2024,December,Winter,Christmas,484,484
Ali Sagar Dam,Nizamabad,Lake/Reservoir,2025,January,Winter,"Bhogi, Sankranti/Pongal, New Year's Day, Republic Day",510,510
Ali Sagar Dam,Nizamabad,Lake/Reservoir,2025,February,Winter,Maha Shivaratri,515,515
Ali Sagar Dam,Nizamabad,Lake/Reservoir,2025,March,Summer,"Holi, Ugadi, Eid-ul-Fitr",368,368
Ali Sagar Dam,Nizamabad,Lake/Reservoir,2025,April,Summer,"Sri Rama Navami, Ambedkar Jayanti",390,390
Ali Sagar Dam,Nizamabad,Lake/Reservoir,2025,May,Summer,May Day,452,452
Ali Sagar Dam,Nizamabad,Lake/Reservoir,2025,June,Monsoon,"Bakrid/Eid-ul-Adha, Telangana Formation Day",304,304
Ali Sagar Dam,Nizamabad,Lake/Reservoir,2025,July,Monsoon,Bonalu,304,304
Ali Sagar Dam,Nizamabad,Lake/Reservoir,2025,August,Monsoon,"Krishna Ashtami, Vinayaka Chavithi, Independence Day",301,301
Ali Sagar Dam,Nizamabad,Lake/Reservoir,2025,September,Monsoon,Bathukamma (Engili Pula to Saddula),285,285
Ali Sagar Dam,Nizamabad,Lake/Reservoir,2025,October,Post-Monsoon,"Vijaya Dasami/Dussehra, Diwali/Deepavali",478,478
Ali Sagar Dam,Nizamabad,Lake/Reservoir,2025,November,Post-Monsoon,No Major Festival / Public Holiday,450,450
Ali Sagar Dam,Nizamabad,Lake/Reservoir,2025,December,Winter,Christmas,481,481
Alisagar Deer Park,Nizamabad,Lake/Reservoir,2024,January,Winter,"Bhogi, Sankranti/Pongal, New Year's Day, Republic Day",735,735
Alisagar Deer Park,Nizamabad,Lake/Reservoir,2024,February,Winter,No Major Festival / Public Holiday,715,715
Alisagar Deer Park,Nizamabad,Lake/Reservoir,2024,March,Summer,"Maha Shivaratri, Holi",599,599
Alisagar Deer Park,Nizamabad,Lake/Reservoir,2024,April,Summer,"Ugadi, Sri Rama Navami, Eid-ul-Fitr, Ambedkar Jayanti",595,595
Alisagar Deer Park,Nizamabad,Lake/Reservoir,2024,May,Summer,May Day,669,669
Alisagar Deer Park,Nizamabad,Lake/Reservoir,2024,June,Monsoon,"Bakrid/Eid-ul-Adha, Telangana Formation Day",458,458
Alisagar Deer Park,Nizamabad,Lake/Reservoir,2024,July,Monsoon,Bonalu,467,467
Alisagar Deer Park,Nizamabad,Lake/Reservoir,2024,August,Monsoon,"Raksha Bandhan, Krishna Janmashtami, Independence Day",452,452
Alisagar Deer Park,Nizamabad,Lake/Reservoir,2024,September,Monsoon,"Ganesh Chaturthi, Engili Pula Bathukamma (start)",451,451
Alisagar Deer Park,Nizamabad,Lake/Reservoir,2024,October,Post-Monsoon,"Bathukamma (Saddula Bathukamma), Dussehra/Vijayadashami",668,668
Alisagar Deer Park,Nizamabad,Lake/Reservoir,2024,November,Post-Monsoon,Diwali/Deepavali,656,656
Alisagar Deer Park,Nizamabad,Lake/Reservoir,2024,December,Winter,Christmas,785,785
Alisagar Deer Park,Nizamabad,Lake/Reservoir,2025,January,Winter,"Bhogi, Sankranti/Pongal, New Year's Day, Republic Day",786,786
Alisagar Deer Park,Nizamabad,Lake/Reservoir,2025,February,Winter,Maha Shivaratri,761,761
Alisagar Deer Park,Nizamabad,Lake/Reservoir,2025,March,Summer,"Holi, Ugadi, Eid-ul-Fitr",558,558
Alisagar Deer Park,Nizamabad,Lake/Reservoir,2025,April,Summer,"Sri Rama Navami, Ambedkar Jayanti",559,559
Alisagar Deer Park,Nizamabad,Lake/Reservoir,2025,May,Summer,May Day,708,708
Alisagar Deer Park,Nizamabad,Lake/Reservoir,2025,June,Monsoon,"Bakrid/Eid-ul-Adha, Telangana Formation Day",471,471
Alisagar Deer Park,Nizamabad,Lake/Reservoir,2025,July,Monsoon,Bonalu,470,470
Alisagar Deer Park,Nizamabad,Lake/Reservoir,2025,August,Monsoon,"Krishna Ashtami, Vinayaka Chavithi, Independence Day",465,465
Alisagar Deer Park,Nizamabad,Lake/Reservoir,2025,September,Monsoon,Bathukamma (Engili Pula to Saddula),457,457
Alisagar Deer Park,Nizamabad,Lake/Reservoir,2025,October,Post-Monsoon,"Vijaya Dasami/Dussehra, Diwali/Deepavali",655,655
Alisagar Deer Park,Nizamabad,Lake/Reservoir,2025,November,Post-Monsoon,No Major Festival / Public Holiday,661,661
Alisagar Deer Park,Nizamabad,Lake/Reservoir,2025,December,Winter,Christmas,785,785
Ameenpur Lake,Sangareddy,Lake/Reservoir,2024,January,Winter,"Bhogi, Sankranti/Pongal, New Year's Day, Republic Day",979,979
Ameenpur Lake,Sangareddy,Lake/Reservoir,2024,February,Winter,No Major Festival / Public Holiday,1029,1029
Ameenpur Lake,Sangareddy,Lake/Reservoir,2024,March,Summer,"Maha Shivaratri, Holi",773,773
Ameenpur Lake,Sangareddy,Lake/Reservoir,2024,April,Summer,"Ugadi, Sri Rama Navami, Eid-ul-Fitr, Ambedkar Jayanti",791,791
Ameenpur Lake,Sangareddy,Lake/Reservoir,2024,May,Summer,May Day,937,937
Ameenpur Lake,Sangareddy,Lake/Reservoir,2024,June,Monsoon,"Bakrid/Eid-ul-Adha, Telangana Formation Day",604,604
Ameenpur Lake,Sangareddy,Lake/Reservoir,2024,July,Monsoon,Bonalu,570,570
Ameenpur Lake,Sangareddy,Lake/Reservoir,2024,August,Monsoon,"Raksha Bandhan, Krishna Janmashtami, Independence Day",590,590
Ameenpur Lake,Sangareddy,Lake/Reservoir,2024,September,Monsoon,"Ganesh Chaturthi, Engili Pula Bathukamma (start)",583,583
Ameenpur Lake,Sangareddy,Lake/Reservoir,2024,October,Post-Monsoon,"Bathukamma (Saddula Bathukamma), Dussehra/Vijayadashami",891,891
Ameenpur Lake,Sangareddy,Lake/Reservoir,2024,November,Post-Monsoon,Diwali/Deepavali,972,972
Ameenpur Lake,Sangareddy,Lake/Reservoir,2024,December,Winter,Christmas,987,987
Ameenpur Lake,Sangareddy,Lake/Reservoir,2025,January,Winter,"Bhogi, Sankranti/Pongal, New Year's Day, Republic Day",1047,1047
Ameenpur Lake,Sangareddy,Lake/Reservoir,2025,February,Winter,Maha Shivaratri,1015,1015
Ameenpur Lake,Sangareddy,Lake/Reservoir,2025,March,Summer,"Holi, Ugadi, Eid-ul-Fitr",786,786
Ameenpur Lake,Sangareddy,Lake/Reservoir,2025,April,Summer,"Sri Rama Navami, Ambedkar Jayanti",760,760
Ameenpur Lake,Sangareddy,Lake/Reservoir,2025,May,Summer,May Day,928,928
Ameenpur Lake,Sangareddy,Lake/Reservoir,2025,June,Monsoon,"Bakrid/Eid-ul-Adha, Telangana Formation Day",599,599
Ameenpur Lake,Sangareddy,Lake/Reservoir,2025,July,Monsoon,Bonalu,578,578
Ameenpur Lake,Sangareddy,Lake/Reservoir,2025,August,Monsoon,"Krishna Ashtami, Vinayaka Chavithi, Independence Day",616,616
Ameenpur Lake,Sangareddy,Lake/Reservoir,2025,September,Monsoon,Bathukamma (Engili Pula to Saddula),584,584
Ameenpur Lake,Sangareddy,Lake/Reservoir,2025,October,Post-Monsoon,"Vijaya Dasami/Dussehra, Diwali/Deepavali",867,867
Ameenpur Lake,Sangareddy,Lake/Reservoir,2025,November,Post-Monsoon,No Major Festival / Public Holiday,936,936
Ameenpur Lake,Sangareddy,Lake/Reservoir,2025,December,Winter,Christmas,961,961
Amudalu Gutta,Khammam,Cave/Hill/Viewpoint,2024,January,Winter,"Bhogi, Sankranti/Pongal, New Year's Day, Republic Day",286,286
Amudalu Gutta,Khammam,Cave/Hill/Viewpoint,2024,February,Winter,No Major Festival / Public Holiday,268,268
Amudalu Gutta,Khammam,Cave/Hill/Viewpoint,2024,March,Summer,"Maha Shivaratri, Holi",200,200
Amudalu Gutta,Khammam,Cave/Hill/Viewpoint,2024,April,Summer,"Ugadi, Sri Rama Navami, Eid-ul-Fitr, Ambedkar Jayanti",210,210
Amudalu Gutta,Khammam,Cave/Hill/Viewpoint,2024,May,Summer,May Day,266,266
Amudalu Gutta,Khammam,Cave/Hill/Viewpoint,2024,June,Monsoon,"Bakrid/Eid-ul-Adha, Telangana Formation Day",168,168
Amudalu Gutta,Khammam,Cave/Hill/Viewpoint,2024,July,Monsoon,Bonalu,166,166
Amudalu Gutta,Khammam,Cave/Hill/Viewpoint,2024,August,Monsoon,"Raksha Bandhan, Krishna Janmashtami, Independence Day",157,157
Amudalu Gutta,Khammam,Cave/Hill/Viewpoint,2024,September,Monsoon,"Ganesh Chaturthi, Engili Pula Bathukamma (start)",167,167
Amudalu Gutta,Khammam,Cave/Hill/Viewpoint,2024,October,Post-Monsoon,"Bathukamma (Saddula Bathukamma), Dussehra/Vijayadashami",267,267
Amudalu Gutta,Khammam,Cave/Hill/Viewpoint,2024,November,Post-Monsoon,Diwali/Deepavali,242,242
Amudalu Gutta,Khammam,Cave/Hill/Viewpoint,2024,December,Winter,Christmas,275,275
Amudalu Gutta,Khammam,Cave/Hill/Viewpoint,2025,January,Winter,"Bhogi, Sankranti/Pongal, New Year's Day, Republic Day",287,287
Amudalu Gutta,Khammam,Cave/Hill/Viewpoint,2025,February,Winter,Maha Shivaratri,282,282
Amudalu Gutta,Khammam,Cave/Hill/Viewpoint,2025,March,Summer,"Holi, Ugadi, Eid-ul-Fitr",213,213
Amudalu Gutta,Khammam,Cave/Hill/Viewpoint,2025,April,Summer,"Sri Rama Navami, Ambedkar Jayanti",214,214
Amudalu Gutta,Khammam,Cave/Hill/Viewpoint,2025,May,Summer,May Day,248,248
Amudalu Gutta,Khammam,Cave/Hill/Viewpoint,2025,June,Monsoon,"Bakrid/Eid-ul-Adha, Telangana Formation Day",160,160
Amudalu Gutta,Khammam,Cave/Hill/Viewpoint,2025,July,Monsoon,Bonalu,171,171
Amudalu Gutta,Khammam,Cave/Hill/Viewpoint,2025,August,Monsoon,"Krishna Ashtami, Vinayaka Chavithi, Independence Day",171,171
Amudalu Gutta,Khammam,Cave/Hill/Viewpoint,2025,September,Monsoon,Bathukamma (Engili Pula to Saddula),172,172
Amudalu Gutta,Khammam,Cave/Hill/Viewpoint,2025,October,Post-Monsoon,"Vijaya Dasami/Dussehra, Diwali/Deepavali",265,265
Amudalu Gutta,Khammam,Cave/Hill/Viewpoint,2025,November,Post-Monsoon,No Major Festival / Public Holiday,253,253
Amudalu Gutta,Khammam,Cave/Hill/Viewpoint,2025,December,Winter,Christmas,275,275
Anandavihara Buddhist Monastery,Medchal-Malkajgiri,Religious Site - Other,2024,January,Winter,"Bhogi, Sankranti/Pongal, New Year's Day, Republic Day",1339,1339
Anandavihara Buddhist Monastery,Medchal-Malkajgiri,Religious Site - Other,2024,February,Winter,No Major Festival / Public Holiday,821,821
Anandavihara Buddhist Monastery,Medchal-Malkajgiri,Religious Site - Other,2024,March,Summer,"Maha Shivaratri, Holi",582,582
Anandavihara Buddhist Monastery,Medchal-Malkajgiri,Religious Site - Other,2024,April,Summer,"Ugadi, Sri Rama Navami, Eid-ul-Fitr, Ambedkar Jayanti",583,583
Anandavihara Buddhist Monastery,Medchal-Malkajgiri,Religious Site - Other,2024,May,Summer,May Day,597,597
Anandavihara Buddhist Monastery,Medchal-Malkajgiri,Religious Site - Other,2024,June,Monsoon,"Bakrid/Eid-ul-Adha, Telangana Formation Day",368,368
Anandavihara Buddhist Monastery,Medchal-Malkajgiri,Religious Site - Other,2024,July,Monsoon,Bonalu,358,358
Anandavihara Buddhist Monastery,Medchal-Malkajgiri,Religious Site - Other,2024,August,Monsoon,"Raksha Bandhan, Krishna Janmashtami, Independence Day",376,376
Anandavihara Buddhist Monastery,Medchal-Malkajgiri,Religious Site - Other,2024,September,Monsoon,"Ganesh Chaturthi, Engili Pula Bathukamma (start)",387,387
Anandavihara Buddhist Monastery,Medchal-Malkajgiri,Religious Site - Other,2024,October,Post-Monsoon,"Bathukamma (Saddula Bathukamma), Dussehra/Vijayadashami",1388,1388
Anandavihara Buddhist Monastery,Medchal-Malkajgiri,Religious Site - Other,2024,November,Post-Monsoon,Diwali/Deepavali,583,583
Anandavihara Buddhist Monastery,Medchal-Malkajgiri,Religious Site - Other,2024,December,Winter,Christmas,593,593
Anandavihara Buddhist Monastery,Medchal-Malkajgiri,Religious Site - Other,2025,January,Winter,"Bhogi, Sankranti/Pongal, New Year's Day, Republic Day",1301,1301
Anandavihara Buddhist Monastery,Medchal-Malkajgiri,Religious Site - Other,2025,February,Winter,Maha Shivaratri,627,627
Anandavihara Buddhist Monastery,Medchal-Malkajgiri,Religious Site - Other,2025,March,Summer,"Holi, Ugadi, Eid-ul-Fitr",620,620
Anandavihara Buddhist Monastery,Medchal-Malkajgiri,Religious Site - Other,2025,April,Summer,"Sri Rama Navami, Ambedkar Jayanti",482,482
Anandavihara Buddhist Monastery,Medchal-Malkajgiri,Religious Site - Other,2025,May,Summer,May Day,590,590
Anandavihara Buddhist Monastery,Medchal-Malkajgiri,Religious Site - Other,2025,June,Monsoon,"Bakrid/Eid-ul-Adha, Telangana Formation Day",396,396
Anandavihara Buddhist Monastery,Medchal-Malkajgiri,Religious Site - Other,2025,July,Monsoon,Bonalu,375,375
Anandavihara Buddhist Monastery,Medchal-Malkajgiri,Religious Site - Other,2025,August,Monsoon,"Krishna Ashtami, Vinayaka Chavithi, Independence Day",367,367
Anandavihara Buddhist Monastery,Medchal-Malkajgiri,Religious Site - Other,2025,September,Monsoon,Bathukamma (Engili Pula to Saddula),388,388
Anandavihara Buddhist Monastery,Medchal-Malkajgiri,Religious Site - Other,2025,October,Post-Monsoon,"Vijaya Dasami/Dussehra, Diwali/Deepavali",1397,1397
Anandavihara Buddhist Monastery,Medchal-Malkajgiri,Religious Site - Other,2025,November,Post-Monsoon,No Major Festival / Public Holiday,742,742
Anandavihara Buddhist Monastery,Medchal-Malkajgiri,Religious Site - Other,2025,December,Winter,Christmas,593,593
Anantagiri Hills,Vikarabad,Cave/Hill/Viewpoint,2024,January,Winter,"Bhogi, Sankranti/Pongal, New Year's Day, Republic Day",32955,32955
Anantagiri Hills,Vikarabad,Cave/Hill/Viewpoint,2024,February,Winter,No Major Festival / Public Holiday,32142,32142
Anantagiri Hills,Vikarabad,Cave/Hill/Viewpoint,2024,March,Summer,"Maha Shivaratri, Holi",23904,23904
Anantagiri Hills,Vikarabad,Cave/Hill/Viewpoint,2024,April,Summer,"Ugadi, Sri Rama Navami, Eid-ul-Fitr, Ambedkar Jayanti",24068,24068
Anantagiri Hills,Vikarabad,Cave/Hill/Viewpoint,2024,May,Summer,May Day,28472,28472
Anantagiri Hills,Vikarabad,Cave/Hill/Viewpoint,2024,June,Monsoon,"Bakrid/Eid-ul-Adha, Telangana Formation Day",18182,18182
Anantagiri Hills,Vikarabad,Cave/Hill/Viewpoint,2024,July,Monsoon,Bonalu,18425,18425
Anantagiri Hills,Vikarabad,Cave/Hill/Viewpoint,2024,August,Monsoon,"Raksha Bandhan, Krishna Janmashtami, Independence Day",19330,19330
Anantagiri Hills,Vikarabad,Cave/Hill/Viewpoint,2024,September,Monsoon,"Ganesh Chaturthi, Engili Pula Bathukamma (start)",17657,17657
Anantagiri Hills,Vikarabad,Cave/Hill/Viewpoint,2024,October,Post-Monsoon,"Bathukamma (Saddula Bathukamma), Dussehra/Vijayadashami",27425,27425
Anantagiri Hills,Vikarabad,Cave/Hill/Viewpoint,2024,November,Post-Monsoon,Diwali/Deepavali,27183,27183
Anantagiri Hills,Vikarabad,Cave/Hill/Viewpoint,2024,December,Winter,Christmas,29527,29527
Anantagiri Hills,Vikarabad,Cave/Hill/Viewpoint,2025,January,Winter,"Bhogi, Sankranti/Pongal, New Year's Day, Republic Day",32582,32582
Anantagiri Hills,Vikarabad,Cave/Hill/Viewpoint,2025,February,Winter,Maha Shivaratri,32013,32013
Anantagiri Hills,Vikarabad,Cave/Hill/Viewpoint,2025,March,Summer,"Holi, Ugadi, Eid-ul-Fitr",23676,23676
Anantagiri Hills,Vikarabad,Cave/Hill/Viewpoint,2025,April,Summer,"Sri Rama Navami, Ambedkar Jayanti",22603,22603
Anantagiri Hills,Vikarabad,Cave/Hill/Viewpoint,2025,May,Summer,May Day,28721,28721
Anantagiri Hills,Vikarabad,Cave/Hill/Viewpoint,2025,June,Monsoon,"Bakrid/Eid-ul-Adha, Telangana Formation Day",18690,18690
Anantagiri Hills,Vikarabad,Cave/Hill/Viewpoint,2025,July,Monsoon,Bonalu,18014,18014
Anantagiri Hills,Vikarabad,Cave/Hill/Viewpoint,2025,August,Monsoon,"Krishna Ashtami, Vinayaka Chavithi, Independence Day",18601,18601
Anantagiri Hills,Vikarabad,Cave/Hill/Viewpoint,2025,September,Monsoon,Bathukamma (Engili Pula to Saddula),18521,18521
Anantagiri Hills,Vikarabad,Cave/Hill/Viewpoint,2025,October,Post-Monsoon,"Vijaya Dasami/Dussehra, Diwali/Deepavali",29149,29149
Anantagiri Hills,Vikarabad,Cave/Hill/Viewpoint,2025,November,Post-Monsoon,No Major Festival / Public Holiday,29216,29216
Anantagiri Hills,Vikarabad,Cave/Hill/Viewpoint,2025,December,Winter,Christmas,29544,29544
Anantha Padmanabha Swamy Temple,Vikarabad,Temple,2024,January,Winter,"Bhogi, Sankranti/Pongal, New Year's Day, Republic Day",16278,16278
Anantha Padmanabha Swamy Temple,Vikarabad,Temple,2024,February,Winter,No Major Festival / Public Holiday,9917,9917
Anantha Padmanabha Swamy Temple,Vikarabad,Temple,2024,March,Summer,"Maha Shivaratri, Holi",7372,7372
Anantha Padmanabha Swamy Temple,Vikarabad,Temple,2024,April,Summer,"Ugadi, Sri Rama Navami, Eid-ul-Fitr, Ambedkar Jayanti",7450,7450
Anantha Padmanabha Swamy Temple,Vikarabad,Temple,2024,May,Summer,May Day,7265,7265
Anantha Padmanabha Swamy Temple,Vikarabad,Temple,2024,June,Monsoon,"Bakrid/Eid-ul-Adha, Telangana Formation Day",4438,4438
Anantha Padmanabha Swamy Temple,Vikarabad,Temple,2024,July,Monsoon,Bonalu,4749,4749
Anantha Padmanabha Swamy Temple,Vikarabad,Temple,2024,August,Monsoon,"Raksha Bandhan, Krishna Janmashtami, Independence Day",4718,4718
Anantha Padmanabha Swamy Temple,Vikarabad,Temple,2024,September,Monsoon,"Ganesh Chaturthi, Engili Pula Bathukamma (start)",4335,4335
Anantha Padmanabha Swamy Temple,Vikarabad,Temple,2024,October,Post-Monsoon,"Bathukamma (Saddula Bathukamma), Dussehra/Vijayadashami",16358,16358
Anantha Padmanabha Swamy Temple,Vikarabad,Temple,2024,November,Post-Monsoon,Diwali/Deepavali,6569,6569
Anantha Padmanabha Swamy Temple,Vikarabad,Temple,2024,December,Winter,Christmas,7066,7066
Anantha Padmanabha Swamy Temple,Vikarabad,Temple,2025,January,Winter,"Bhogi, Sankranti/Pongal, New Year's Day, Republic Day",15696,15696
Anantha Padmanabha Swamy Temple,Vikarabad,Temple,2025,February,Winter,Maha Shivaratri,7664,7664
Anantha Padmanabha Swamy Temple,Vikarabad,Temple,2025,March,Summer,"Holi, Ugadi, Eid-ul-Fitr",7028,7028
Anantha Padmanabha Swamy Temple,Vikarabad,Temple,2025,April,Summer,"Sri Rama Navami, Ambedkar Jayanti",5576,5576
Anantha Padmanabha Swamy Temple,Vikarabad,Temple,2025,May,Summer,May Day,7185,7185
Anantha Padmanabha Swamy Temple,Vikarabad,Temple,2025,June,Monsoon,"Bakrid/Eid-ul-Adha, Telangana Formation Day",4242,4242
Anantha Padmanabha Swamy Temple,Vikarabad,Temple,2025,July,Monsoon,Bonalu,4669,4669
Anantha Padmanabha Swamy Temple,Vikarabad,Temple,2025,August,Monsoon,"Krishna Ashtami, Vinayaka Chavithi, Independence Day",4382,4382
Anantha Padmanabha Swamy Temple,Vikarabad,Temple,2025,September,Monsoon,Bathukamma (Engili Pula to Saddula),4293,4293
Anantha Padmanabha Swamy Temple,Vikarabad,Temple,2025,October,Post-Monsoon,"Vijaya Dasami/Dussehra, Diwali/Deepavali",17657,17657
Anantha Padmanabha Swamy Temple,Vikarabad,Temple,2025,November,Post-Monsoon,No Major Festival / Public Holiday,9108,9108
Anantha Padmanabha Swamy Temple,Vikarabad,Temple,2025,December,Winter,Christmas,7839,7839
Ananthagiri Storage Reservoir,Rajanna Sircilla,Lake/Reservoir,2024,January,Winter,"Bhogi, Sankranti/Pongal, New Year's Day, Republic Day",325,325
Ananthagiri Storage Reservoir,Rajanna Sircilla,Lake/Reservoir,2024,February,Winter,No Major Festival / Public Holiday,309,309
Ananthagiri Storage Reservoir,Rajanna Sircilla,Lake/Reservoir,2024,March,Summer,"Maha Shivaratri, Holi",244,244
Ananthagiri Storage Reservoir,Rajanna Sircilla,Lake/Reservoir,2024,April,Summer,"Ugadi, Sri Rama Navami, Eid-ul-Fitr, Ambedkar Jayanti",244,244
Ananthagiri Storage Reservoir,Rajanna Sircilla,Lake/Reservoir,2024,May,Summer,May Day,273,273
Ananthagiri Storage Reservoir,Rajanna Sircilla,Lake/Reservoir,2024,June,Monsoon,"Bakrid/Eid-ul-Adha, Telangana Formation Day",196,196
Ananthagiri Storage Reservoir,Rajanna Sircilla,Lake/Reservoir,2024,July,Monsoon,Bonalu,187,187
Ananthagiri Storage Reservoir,Rajanna Sircilla,Lake/Reservoir,2024,August,Monsoon,"Raksha Bandhan, Krishna Janmashtami, Independence Day",194,194
Ananthagiri Storage Reservoir,Rajanna Sircilla,Lake/Reservoir,2024,September,Monsoon,"Ganesh Chaturthi, Engili Pula Bathukamma (start)",183,183
Ananthagiri Storage Reservoir,Rajanna Sircilla,Lake/Reservoir,2024,October,Post-Monsoon,"Bathukamma (Saddula Bathukamma), Dussehra/Vijayadashami",301,301
Ananthagiri Storage Reservoir,Rajanna Sircilla,Lake/Reservoir,2024,November,Post-Monsoon,Diwali/Deepavali,283,283
Ananthagiri Storage Reservoir,Rajanna Sircilla,Lake/Reservoir,2024,December,Winter,Christmas,294,294
Ananthagiri Storage Reservoir,Rajanna Sircilla,Lake/Reservoir,2025,January,Winter,"Bhogi, Sankranti/Pongal, New Year's Day, Republic Day",327,327
Ananthagiri Storage Reservoir,Rajanna Sircilla,Lake/Reservoir,2025,February,Winter,Maha Shivaratri,297,297
Ananthagiri Storage Reservoir,Rajanna Sircilla,Lake/Reservoir,2025,March,Summer,"Holi, Ugadi, Eid-ul-Fitr",232,232
Ananthagiri Storage Reservoir,Rajanna Sircilla,Lake/Reservoir,2025,April,Summer,"Sri Rama Navami, Ambedkar Jayanti",250,250
Ananthagiri Storage Reservoir,Rajanna Sircilla,Lake/Reservoir,2025,May,Summer,May Day,303,303
Ananthagiri Storage Reservoir,Rajanna Sircilla,Lake/Reservoir,2025,June,Monsoon,"Bakrid/Eid-ul-Adha, Telangana Formation Day",189,189
Ananthagiri Storage Reservoir,Rajanna Sircilla,Lake/Reservoir,2025,July,Monsoon,Bonalu,190,190
Ananthagiri Storage Reservoir,Rajanna Sircilla,Lake/Reservoir,2025,August,Monsoon,"Krishna Ashtami, Vinayaka Chavithi, Independence Day",186,186
Ananthagiri Storage Reservoir,Rajanna Sircilla,Lake/Reservoir,2025,September,Monsoon,Bathukamma (Engili Pula to Saddula),182,182
Ananthagiri Storage Reservoir,Rajanna Sircilla,Lake/Reservoir,2025,October,Post-Monsoon,"Vijaya Dasami/Dussehra, Diwali/Deepavali",281,281
Ananthagiri Storage Reservoir,Rajanna Sircilla,Lake/Reservoir,2025,November,Post-Monsoon,No Major Festival / Public Holiday,293,293
Ananthagiri Storage Reservoir,Rajanna Sircilla,Lake/Reservoir,2025,December,Winter,Christmas,321,321
Annamayya Concert Bhavan,Hyderabad,Other/Cultural Site,2024,January,Winter,"Bhogi, Sankranti/Pongal, New Year's Day, Republic Day",380,380
Annamayya Concert Bhavan,Hyderabad,Other/Cultural Site,2024,February,Winter,No Major Festival / Public Holiday,357,357
Annamayya Concert Bhavan,Hyderabad,Other/Cultural Site,2024,March,Summer,"Maha Shivaratri, Holi",270,270
Annamayya Concert Bhavan,Hyderabad,Other/Cultural Site,2024,April,Summer,"Ugadi, Sri Rama Navami, Eid-ul-Fitr, Ambedkar Jayanti",291,291
Annamayya Concert Bhavan,Hyderabad,Other/Cultural Site,2024,May,Summer,May Day,327,327
Annamayya Concert Bhavan,Hyderabad,Other/Cultural Site,2024,June,Monsoon,"Bakrid/Eid-ul-Adha, Telangana Formation Day",233,233
Annamayya Concert Bhavan,Hyderabad,Other/Cultural Site,2024,July,Monsoon,Bonalu,230,230
Annamayya Concert Bhavan,Hyderabad,Other/Cultural Site,2024,August,Monsoon,"Raksha Bandhan, Krishna Janmashtami, Independence Day",213,213
Annamayya Concert Bhavan,Hyderabad,Other/Cultural Site,2024,September,Monsoon,"Ganesh Chaturthi, Engili Pula Bathukamma (start)",213,213
Annamayya Concert Bhavan,Hyderabad,Other/Cultural Site,2024,October,Post-Monsoon,"Bathukamma (Saddula Bathukamma), Dussehra/Vijayadashami",365,365
Annamayya Concert Bhavan,Hyderabad,Other/Cultural Site,2024,November,Post-Monsoon,Diwali/Deepavali,339,339
Annamayya Concert Bhavan,Hyderabad,Other/Cultural Site,2024,December,Winter,Christmas,369,369
Annamayya Concert Bhavan,Hyderabad,Other/Cultural Site,2025,January,Winter,"Bhogi, Sankranti/Pongal, New Year's Day, Republic Day",389,389
Annamayya Concert Bhavan,Hyderabad,Other/Cultural Site,2025,February,Winter,Maha Shivaratri,395,395
Annamayya Concert Bhavan,Hyderabad,Other/Cultural Site,2025,March,Summer,"Holi, Ugadi, Eid-ul-Fitr",301,301
Annamayya Concert Bhavan,Hyderabad,Other/Cultural Site,2025,April,Summer,"Sri Rama Navami, Ambedkar Jayanti",293,293
Annamayya Concert Bhavan,Hyderabad,Other/Cultural Site,2025,May,Summer,May Day,339,339
Annamayya Concert Bhavan,Hyderabad,Other/Cultural Site,2025,June,Monsoon,"Bakrid/Eid-ul-Adha, Telangana Formation Day",213,213
Annamayya Concert Bhavan,Hyderabad,Other/Cultural Site,2025,July,Monsoon,Bonalu,232,232
Annamayya Concert Bhavan,Hyderabad,Other/Cultural Site,2025,August,Monsoon,"Krishna Ashtami, Vinayaka Chavithi, Independence Day",226,226
Annamayya Concert Bhavan,Hyderabad,Other/Cultural Site,2025,September,Monsoon,Bathukamma (Engili Pula to Saddula),222,222
Annamayya Concert Bhavan,Hyderabad,Other/Cultural Site,2025,October,Post-Monsoon,"Vijaya Dasami/Dussehra, Diwali/Deepavali",361,361
Annamayya Concert Bhavan,Hyderabad,Other/Cultural Site,2025,November,Post-Monsoon,No Major Festival / Public Holiday,328,328
Annamayya Concert Bhavan,Hyderabad,Other/Cultural Site,2025,December,Winter,Christmas,374,374
Annapurna Studios,Hyderabad,Other/Cultural Site,2024,January,Winter,"Bhogi, Sankranti/Pongal, New Year's Day, Republic Day",14502,14502
Annapurna Studios,Hyderabad,Other/Cultural Site,2024,February,Winter,No Major Festival / Public Holiday,15833,15833
Annapurna Studios,Hyderabad,Other/Cultural Site,2024,March,Summer,"Maha Shivaratri, Holi",10732,10732
Annapurna Studios,Hyderabad,Other/Cultural Site,2024,April,Summer,"Ugadi, Sri Rama Navami, Eid-ul-Fitr, Ambedkar Jayanti",12042,12042
Annapurna Studios,Hyderabad,Other/Cultural Site,2024,May,Summer,May Day,13043,13043
Annapurna Studios,Hyderabad,Other/Cultural Site,2024,June,Monsoon,"Bakrid/Eid-ul-Adha, Telangana Formation Day",9422,9422
Annapurna Studios,Hyderabad,Other/Cultural Site,2024,July,Monsoon,Bonalu,9029,9029
Annapurna Studios,Hyderabad,Other/Cultural Site,2024,August,Monsoon,"Raksha Bandhan, Krishna Janmashtami, Independence Day",9532,9532
Annapurna Studios,Hyderabad,Other/Cultural Site,2024,September,Monsoon,"Ganesh Chaturthi, Engili Pula Bathukamma (start)",8539,8539
Annapurna Studios,Hyderabad,Other/Cultural Site,2024,October,Post-Monsoon,"Bathukamma (Saddula Bathukamma), Dussehra/Vijayadashami",13889,13889
Annapurna Studios,Hyderabad,Other/Cultural Site,2024,November,Post-Monsoon,Diwali/Deepavali,14577,14577
Annapurna Studios,Hyderabad,Other/Cultural Site,2024,December,Winter,Christmas,15041,15041
Annapurna Studios,Hyderabad,Other/Cultural Site,2025,January,Winter,"Bhogi, Sankranti/Pongal, New Year's Day, Republic Day",15232,15232
Annapurna Studios,Hyderabad,Other/Cultural Site,2025,February,Winter,Maha Shivaratri,15352,15352
Annapurna Studios,Hyderabad,Other/Cultural Site,2025,March,Summer,"Holi, Ugadi, Eid-ul-Fitr",11337,11337
Annapurna Studios,Hyderabad,Other/Cultural Site,2025,April,Summer,"Sri Rama Navami, Ambedkar Jayanti",11574,11574
Annapurna Studios,Hyderabad,Other/Cultural Site,2025,May,Summer,May Day,13939,13939
Annapurna Studios,Hyderabad,Other/Cultural Site,2025,June,Monsoon,"Bakrid/Eid-ul-Adha, Telangana Formation Day",9433,9433
Annapurna Studios,Hyderabad,Other/Cultural Site,2025,July,Monsoon,Bonalu,8509,8509
Annapurna Studios,Hyderabad,Other/Cultural Site,2025,August,Monsoon,"Krishna Ashtami, Vinayaka Chavithi, Independence Day",8763,8763
Annapurna Studios,Hyderabad,Other/Cultural Site,2025,September,Monsoon,Bathukamma (Engili Pula to Saddula),9486,9486
Annapurna Studios,Hyderabad,Other/Cultural Site,2025,October,Post-Monsoon,"Vijaya Dasami/Dussehra, Diwali/Deepavali",14446,14446
Annapurna Studios,Hyderabad,Other/Cultural Site,2025,November,Post-Monsoon,No Major Festival / Public Holiday,13726,13726
Annapurna Studios,Hyderabad,Other/Cultural Site,2025,December,Winter,Christmas,15216,15216
Annaram Barrage,Mancherial,Dam/Barrage,2024,January,Winter,"Bhogi, Sankranti/Pongal, New Year's Day, Republic Day",383,383
Annaram Barrage,Mancherial,Dam/Barrage,2024,February,Winter,No Major Festival / Public Holiday,359,359
Annaram Barrage,Mancherial,Dam/Barrage,2024,March,Summer,"Maha Shivaratri, Holi",299,299
Annaram Barrage,Mancherial,Dam/Barrage,2024,April,Summer,"Ugadi, Sri Rama Navami, Eid-ul-Fitr, Ambedkar Jayanti",296,296
Annaram Barrage,Mancherial,Dam/Barrage,2024,May,Summer,May Day,363,363
Annaram Barrage,Mancherial,Dam/Barrage,2024,June,Monsoon,"Bakrid/Eid-ul-Adha, Telangana Formation Day",231,231
Annaram Barrage,Mancherial,Dam/Barrage,2024,July,Monsoon,Bonalu,228,228
Annaram Barrage,Mancherial,Dam/Barrage,2024,August,Monsoon,"Raksha Bandhan, Krishna Janmashtami, Independence Day",222,222
Annaram Barrage,Mancherial,Dam/Barrage,2024,September,Monsoon,"Ganesh Chaturthi, Engili Pula Bathukamma (start)",236,236
Annaram Barrage,Mancherial,Dam/Barrage,2024,October,Post-Monsoon,"Bathukamma (Saddula Bathukamma), Dussehra/Vijayadashami",360,360
Annaram Barrage,Mancherial,Dam/Barrage,2024,November,Post-Monsoon,Diwali/Deepavali,326,326
Annaram Barrage,Mancherial,Dam/Barrage,2024,December,Winter,Christmas,353,353
Annaram Barrage,Mancherial,Dam/Barrage,2025,January,Winter,"Bhogi, Sankranti/Pongal, New Year's Day, Republic Day",369,369
Annaram Barrage,Mancherial,Dam/Barrage,2025,February,Winter,Maha Shivaratri,388,388
Annaram Barrage,Mancherial,Dam/Barrage,2025,March,Summer,"Holi, Ugadi, Eid-ul-Fitr",301,301
Annaram Barrage,Mancherial,Dam/Barrage,2025,April,Summer,"Sri Rama Navami, Ambedkar Jayanti",273,273
Annaram Barrage,Mancherial,Dam/Barrage,2025,May,Summer,May Day,348,348
Annaram Barrage,Mancherial,Dam/Barrage,2025,June,Monsoon,"Bakrid/Eid-ul-Adha, Telangana Formation Day",221,221
Annaram Barrage,Mancherial,Dam/Barrage,2025,July,Monsoon,Bonalu,237,237
Annaram Barrage,Mancherial,Dam/Barrage,2025,August,Monsoon,"Krishna Ashtami, Vinayaka Chavithi, Independence Day",234,234
Annaram Barrage,Mancherial,Dam/Barrage,2025,September,Monsoon,Bathukamma (Engili Pula to Saddula),234,234
Annaram Barrage,Mancherial,Dam/Barrage,2025,October,Post-Monsoon,"Vijaya Dasami/Dussehra, Diwali/Deepavali",343,343
Annaram Barrage,Mancherial,Dam/Barrage,2025,November,Post-Monsoon,No Major Festival / Public Holiday,341,341
Annaram Barrage,Mancherial,Dam/Barrage,2025,December,Winter,Christmas,364,364
Archival Museum,Hyderabad,Museum/Gallery,2024,January,Winter,"Bhogi, Sankranti/Pongal, New Year's Day, Republic Day",6458,6458
Archival Museum,Hyderabad,Museum/Gallery,2024,February,Winter,No Major Festival / Public Holiday,4430,4430
Archival Museum,Hyderabad,Museum/Gallery,2024,March,Summer,"Maha Shivaratri, Holi",3216,3216
Archival Museum,Hyderabad,Museum/Gallery,2024,April,Summer,"Ugadi, Sri Rama Navami, Eid-ul-Fitr, Ambedkar Jayanti",3393,3393
Archival Museum,Hyderabad,Museum/Gallery,2024,May,Summer,May Day,4082,4082
Archival Museum,Hyderabad,Museum/Gallery,2024,June,Monsoon,"Bakrid/Eid-ul-Adha, Telangana Formation Day",2580,2580
Archival Museum,Hyderabad,Museum/Gallery,2024,July,Monsoon,Bonalu,2503,2503
Archival Museum,Hyderabad,Museum/Gallery,2024,August,Monsoon,"Raksha Bandhan, Krishna Janmashtami, Independence Day",2679,2679
Archival Museum,Hyderabad,Museum/Gallery,2024,September,Monsoon,"Ganesh Chaturthi, Engili Pula Bathukamma (start)",2631,2631
Archival Museum,Hyderabad,Museum/Gallery,2024,October,Post-Monsoon,"Bathukamma (Saddula Bathukamma), Dussehra/Vijayadashami",5819,5819
Archival Museum,Hyderabad,Museum/Gallery,2024,November,Post-Monsoon,Diwali/Deepavali,4034,4034
Archival Museum,Hyderabad,Museum/Gallery,2024,December,Winter,Christmas,6383,6383
Archival Museum,Hyderabad,Museum/Gallery,2025,January,Winter,"Bhogi, Sankranti/Pongal, New Year's Day, Republic Day",6163,6163
Archival Museum,Hyderabad,Museum/Gallery,2025,February,Winter,Maha Shivaratri,4406,4406
Archival Museum,Hyderabad,Museum/Gallery,2025,March,Summer,"Holi, Ugadi, Eid-ul-Fitr",3475,3475
Archival Museum,Hyderabad,Museum/Gallery,2025,April,Summer,"Sri Rama Navami, Ambedkar Jayanti",3286,3286
Archival Museum,Hyderabad,Museum/Gallery,2025,May,Summer,May Day,3848,3848
Archival Museum,Hyderabad,Museum/Gallery,2025,June,Monsoon,"Bakrid/Eid-ul-Adha, Telangana Formation Day",2476,2476
Archival Museum,Hyderabad,Museum/Gallery,2025,July,Monsoon,Bonalu,2705,2705
Archival Museum,Hyderabad,Museum/Gallery,2025,August,Monsoon,"Krishna Ashtami, Vinayaka Chavithi, Independence Day",2662,2662
Archival Museum,Hyderabad,Museum/Gallery,2025,September,Monsoon,Bathukamma (Engili Pula to Saddula),2689,2689
Archival Museum,Hyderabad,Museum/Gallery,2025,October,Post-Monsoon,"Vijaya Dasami/Dussehra, Diwali/Deepavali",5440,5440
Archival Museum,Hyderabad,Museum/Gallery,2025,November,Post-Monsoon,No Major Festival / Public Holiday,3849,3849
Archival Museum,Hyderabad,Museum/Gallery,2025,December,Winter,Christmas,5768,5768
Arts College,Hyderabad,Other/Cultural Site,2024,January,Winter,"Bhogi, Sankranti/Pongal, New Year's Day, Republic Day",11970,11970
Arts College,Hyderabad,Other/Cultural Site,2024,February,Winter,No Major Festival / Public Holiday,13139,13139
Arts College,Hyderabad,Other/Cultural Site,2024,March,Summer,"Maha Shivaratri, Holi",9491,9491
Arts College,Hyderabad,Other/Cultural Site,2024,April,Summer,"Ugadi, Sri Rama Navami, Eid-ul-Fitr, Ambedkar Jayanti",9224,9224
Arts College,Hyderabad,Other/Cultural Site,2024,May,Summer,May Day,11443,11443
Arts College,Hyderabad,Other/Cultural Site,2024,June,Monsoon,"Bakrid/Eid-ul-Adha, Telangana Formation Day",7932,7932
Arts College,Hyderabad,Other/Cultural Site,2024,July,Monsoon,Bonalu,7493,7493
Arts College,Hyderabad,Other/Cultural Site,2024,August,Monsoon,"Raksha Bandhan, Krishna Janmashtami, Independence Day",7345,7345
Arts College,Hyderabad,Other/Cultural Site,2024,September,Monsoon,"Ganesh Chaturthi, Engili Pula Bathukamma (start)",7620,7620
Arts College,Hyderabad,Other/Cultural Site,2024,October,Post-Monsoon,"Bathukamma (Saddula Bathukamma), Dussehra/Vijayadashami",11141,11141
Arts College,Hyderabad,Other/Cultural Site,2024,November,Post-Monsoon,Diwali/Deepavali,10914,10914
Arts College,Hyderabad,Other/Cultural Site,2024,December,Winter,Christmas,11943,11943
Arts College,Hyderabad,Other/Cultural Site,2025,January,Winter,"Bhogi, Sankranti/Pongal, New Year's Day, Republic Day",11942,11942
Arts College,Hyderabad,Other/Cultural Site,2025,February,Winter,Maha Shivaratri,11977,11977
Arts College,Hyderabad,Other/Cultural Site,2025,March,Summer,"Holi, Ugadi, Eid-ul-Fitr",9088,9088
Arts College,Hyderabad,Other/Cultural Site,2025,April,Summer,"Sri Rama Navami, Ambedkar Jayanti",9660,9660
Arts College,Hyderabad,Other/Cultural Site,2025,May,Summer,May Day,11060,11060
Arts College,Hyderabad,Other/Cultural Site,2025,June,Monsoon,"Bakrid/Eid-ul-Adha, Telangana Formation Day",7361,7361
Arts College,Hyderabad,Other/Cultural Site,2025,July,Monsoon,Bonalu,7857,7857
Arts College,Hyderabad,Other/Cultural Site,2025,August,Monsoon,"Krishna Ashtami, Vinayaka Chavithi, Independence Day",7476,7476
Arts College,Hyderabad,Other/Cultural Site,2025,September,Monsoon,Bathukamma (Engili Pula to Saddula),7650,7650
Arts College,Hyderabad,Other/Cultural Site,2025,October,Post-Monsoon,"Vijaya Dasami/Dussehra, Diwali/Deepavali",11047,11047
Arts College,Hyderabad,Other/Cultural Site,2025,November,Post-Monsoon,No Major Festival / Public Holiday,11075,11075
Arts College,Hyderabad,Other/Cultural Site,2025,December,Winter,Christmas,11811,11811
Arya VYyasha  Satram,Jangaon,Other/Cultural Site,2024,January,Winter,"Bhogi, Sankranti/Pongal, New Year's Day, Republic Day",228,228
Arya VYyasha  Satram,Jangaon,Other/Cultural Site,2024,February,Winter,No Major Festival / Public Holiday,213,213
Arya VYyasha  Satram,Jangaon,Other/Cultural Site,2024,March,Summer,"Maha Shivaratri, Holi",178,178
Arya VYyasha  Satram,Jangaon,Other/Cultural Site,2024,April,Summer,"Ugadi, Sri Rama Navami, Eid-ul-Fitr, Ambedkar Jayanti",179,179
Arya VYyasha  Satram,Jangaon,Other/Cultural Site,2024,May,Summer,May Day,196,196
Arya VYyasha  Satram,Jangaon,Other/Cultural Site,2024,June,Monsoon,"Bakrid/Eid-ul-Adha, Telangana Formation Day",131,131
Arya VYyasha  Satram,Jangaon,Other/Cultural Site,2024,July,Monsoon,Bonalu,139,139
Arya VYyasha  Satram,Jangaon,Other/Cultural Site,2024,August,Monsoon,"Raksha Bandhan, Krishna Janmashtami, Independence Day",139,139
Arya VYyasha  Satram,Jangaon,Other/Cultural Site,2024,September,Monsoon,"Ganesh Chaturthi, Engili Pula Bathukamma (start)",129,129
Arya VYyasha  Satram,Jangaon,Other/Cultural Site,2024,October,Post-Monsoon,"Bathukamma (Saddula Bathukamma), Dussehra/Vijayadashami",199,199
Arya VYyasha  Satram,Jangaon,Other/Cultural Site,2024,November,Post-Monsoon,Diwali/Deepavali,203,203
Arya VYyasha  Satram,Jangaon,Other/Cultural Site,2024,December,Winter,Christmas,224,224
Arya VYyasha  Satram,Jangaon,Other/Cultural Site,2025,January,Winter,"Bhogi, Sankranti/Pongal, New Year's Day, Republic Day",228,228
Arya VYyasha  Satram,Jangaon,Other/Cultural Site,2025,February,Winter,Maha Shivaratri,221,221
Arya VYyasha  Satram,Jangaon,Other/Cultural Site,2025,March,Summer,"Holi, Ugadi, Eid-ul-Fitr",170,170
Arya VYyasha  Satram,Jangaon,Other/Cultural Site,2025,April,Summer,"Sri Rama Navami, Ambedkar Jayanti",176,176
Arya VYyasha  Satram,Jangaon,Other/Cultural Site,2025,May,Summer,May Day,195,195
Arya VYyasha  Satram,Jangaon,Other/Cultural Site,2025,June,Monsoon,"Bakrid/Eid-ul-Adha, Telangana Formation Day",130,130
Arya VYyasha  Satram,Jangaon,Other/Cultural Site,2025,July,Monsoon,Bonalu,138,138
Arya VYyasha  Satram,Jangaon,Other/Cultural Site,2025,August,Monsoon,"Krishna Ashtami, Vinayaka Chavithi, Independence Day",141,141
Arya VYyasha  Satram,Jangaon,Other/Cultural Site,2025,September,Monsoon,Bathukamma (Engili Pula to Saddula),135,135
Arya VYyasha  Satram,Jangaon,Other/Cultural Site,2025,October,Post-Monsoon,"Vijaya Dasami/Dussehra, Diwali/Deepavali",207,207
Arya VYyasha  Satram,Jangaon,Other/Cultural Site,2025,November,Post-Monsoon,No Major Festival / Public Holiday,197,197
Arya VYyasha  Satram,Jangaon,Other/Cultural Site,2025,December,Winter,Christmas,223,223
Ashok Sagar / Jankampet Lake,Nizamabad,Lake/Reservoir,2024,January,Winter,"Bhogi, Sankranti/Pongal, New Year's Day, Republic Day",776,776
Ashok Sagar / Jankampet Lake,Nizamabad,Lake/Reservoir,2024,February,Winter,No Major Festival / Public Holiday,749,749
Ashok Sagar / Jankampet Lake,Nizamabad,Lake/Reservoir,2024,March,Summer,"Maha Shivaratri, Holi",541,541
Ashok Sagar / Jankampet Lake,Nizamabad,Lake/Reservoir,2024,April,Summer,"Ugadi, Sri Rama Navami, Eid-ul-Fitr, Ambedkar Jayanti",572,572
Ashok Sagar / Jankampet Lake,Nizamabad,Lake/Reservoir,2024,May,Summer,May Day,697,697
Ashok Sagar / Jankampet Lake,Nizamabad,Lake/Reservoir,2024,June,Monsoon,"Bakrid/Eid-ul-Adha, Telangana Formation Day",463,463
Ashok Sagar / Jankampet Lake,Nizamabad,Lake/Reservoir,2024,July,Monsoon,Bonalu,446,446
Ashok Sagar / Jankampet Lake,Nizamabad,Lake/Reservoir,2024,August,Monsoon,"Raksha Bandhan, Krishna Janmashtami, Independence Day",429,429
Ashok Sagar / Jankampet Lake,Nizamabad,Lake/Reservoir,2024,September,Monsoon,"Ganesh Chaturthi, Engili Pula Bathukamma (start)",438,438
Ashok Sagar / Jankampet Lake,Nizamabad,Lake/Reservoir,2024,October,Post-Monsoon,"Bathukamma (Saddula Bathukamma), Dussehra/Vijayadashami",678,678
Ashok Sagar / Jankampet Lake,Nizamabad,Lake/Reservoir,2024,November,Post-Monsoon,Diwali/Deepavali,702,702
Ashok Sagar / Jankampet Lake,Nizamabad,Lake/Reservoir,2024,December,Winter,Christmas,756,756
Ashok Sagar / Jankampet Lake,Nizamabad,Lake/Reservoir,2025,January,Winter,"Bhogi, Sankranti/Pongal, New Year's Day, Republic Day",737,737
Ashok Sagar / Jankampet Lake,Nizamabad,Lake/Reservoir,2025,February,Winter,Maha Shivaratri,793,793
Ashok Sagar / Jankampet Lake,Nizamabad,Lake/Reservoir,2025,March,Summer,"Holi, Ugadi, Eid-ul-Fitr",577,577
Ashok Sagar / Jankampet Lake,Nizamabad,Lake/Reservoir,2025,April,Summer,"Sri Rama Navami, Ambedkar Jayanti",552,552
Ashok Sagar / Jankampet Lake,Nizamabad,Lake/Reservoir,2025,May,Summer,May Day,657,657
Ashok Sagar / Jankampet Lake,Nizamabad,Lake/Reservoir,2025,June,Monsoon,"Bakrid/Eid-ul-Adha, Telangana Formation Day",431,431
Ashok Sagar / Jankampet Lake,Nizamabad,Lake/Reservoir,2025,July,Monsoon,Bonalu,436,436
Ashok Sagar / Jankampet Lake,Nizamabad,Lake/Reservoir,2025,August,Monsoon,"Krishna Ashtami, Vinayaka Chavithi, Independence Day",431,431
Ashok Sagar / Jankampet Lake,Nizamabad,Lake/Reservoir,2025,September,Monsoon,Bathukamma (Engili Pula to Saddula),433,433
Ashok Sagar / Jankampet Lake,Nizamabad,Lake/Reservoir,2025,October,Post-Monsoon,"Vijaya Dasami/Dussehra, Diwali/Deepavali",672,672
Ashok Sagar / Jankampet Lake,Nizamabad,Lake/Reservoir,2025,November,Post-Monsoon,No Major Festival / Public Holiday,662,662
Ashok Sagar / Jankampet Lake,Nizamabad,Lake/Reservoir,2025,December,Winter,Christmas,785,785
Assembly,Hyderabad,Other/Cultural Site,2024,January,Winter,"Bhogi, Sankranti/Pongal, New Year's Day, Republic Day",657,657
Assembly,Hyderabad,Other/Cultural Site,2024,February,Winter,No Major Festival / Public Holiday,629,629
Assembly,Hyderabad,Other/Cultural Site,2024,March,Summer,"Maha Shivaratri, Holi",479,479
Assembly,Hyderabad,Other/Cultural Site,2024,April,Summer,"Ugadi, Sri Rama Navami, Eid-ul-Fitr, Ambedkar Jayanti",462,462
Assembly,Hyderabad,Other/Cultural Site,2024,May,Summer,May Day,593,593
Assembly,Hyderabad,Other/Cultural Site,2024,June,Monsoon,"Bakrid/Eid-ul-Adha, Telangana Formation Day",360,360
Assembly,Hyderabad,Other/Cultural Site,2024,July,Monsoon,Bonalu,367,367
Assembly,Hyderabad,Other/Cultural Site,2024,August,Monsoon,"Raksha Bandhan, Krishna Janmashtami, Independence Day",371,371
Assembly,Hyderabad,Other/Cultural Site,2024,September,Monsoon,"Ganesh Chaturthi, Engili Pula Bathukamma (start)",375,375
Assembly,Hyderabad,Other/Cultural Site,2024,October,Post-Monsoon,"Bathukamma (Saddula Bathukamma), Dussehra/Vijayadashami",557,557
Assembly,Hyderabad,Other/Cultural Site,2024,November,Post-Monsoon,Diwali/Deepavali,548,548
Assembly,Hyderabad,Other/Cultural Site,2024,December,Winter,Christmas,633,633
Assembly,Hyderabad,Other/Cultural Site,2025,January,Winter,"Bhogi, Sankranti/Pongal, New Year's Day, Republic Day",609,609
Assembly,Hyderabad,Other/Cultural Site,2025,February,Winter,Maha Shivaratri,631,631
Assembly,Hyderabad,Other/Cultural Site,2025,March,Summer,"Holi, Ugadi, Eid-ul-Fitr",455,455
Assembly,Hyderabad,Other/Cultural Site,2025,April,Summer,"Sri Rama Navami, Ambedkar Jayanti",473,473
Assembly,Hyderabad,Other/Cultural Site,2025,May,Summer,May Day,577,577
Assembly,Hyderabad,Other/Cultural Site,2025,June,Monsoon,"Bakrid/Eid-ul-Adha, Telangana Formation Day",354,354
Assembly,Hyderabad,Other/Cultural Site,2025,July,Monsoon,Bonalu,367,367
Assembly,Hyderabad,Other/Cultural Site,2025,August,Monsoon,"Krishna Ashtami, Vinayaka Chavithi, Independence Day",358,358
Assembly,Hyderabad,Other/Cultural Site,2025,September,Monsoon,Bathukamma (Engili Pula to Saddula),355,355
Assembly,Hyderabad,Other/Cultural Site,2025,October,Post-Monsoon,"Vijaya Dasami/Dussehra, Diwali/Deepavali",608,608
Assembly,Hyderabad,Other/Cultural Site,2025,November,Post-Monsoon,No Major Festival / Public Holiday,562,562
Assembly,Hyderabad,Other/Cultural Site,2025,December,Winter,Christmas,648,648
Banjara Lake,Hyderabad,Lake/Reservoir,2024,January,Winter,"Bhogi, Sankranti/Pongal, New Year's Day, Republic Day",789,789
Banjara Lake,Hyderabad,Lake/Reservoir,2024,February,Winter,No Major Festival / Public Holiday,721,721
Banjara Lake,Hyderabad,Lake/Reservoir,2024,March,Summer,"Maha Shivaratri, Holi",540,540
Banjara Lake,Hyderabad,Lake/Reservoir,2024,April,Summer,"Ugadi, Sri Rama Navami, Eid-ul-Fitr, Ambedkar Jayanti",586,586
Banjara Lake,Hyderabad,Lake/Reservoir,2024,May,Summer,May Day,696,696
Banjara Lake,Hyderabad,Lake/Reservoir,2024,June,Monsoon,"Bakrid/Eid-ul-Adha, Telangana Formation Day",468,468
Banjara Lake,Hyderabad,Lake/Reservoir,2024,July,Monsoon,Bonalu,430,430
Banjara Lake,Hyderabad,Lake/Reservoir,2024,August,Monsoon,"Raksha Bandhan, Krishna Janmashtami, Independence Day",465,465
Banjara Lake,Hyderabad,Lake/Reservoir,2024,September,Monsoon,"Ganesh Chaturthi, Engili Pula Bathukamma (start)",433,433
Banjara Lake,Hyderabad,Lake/Reservoir,2024,October,Post-Monsoon,"Bathukamma (Saddula Bathukamma), Dussehra/Vijayadashami",662,662
Banjara Lake,Hyderabad,Lake/Reservoir,2024,November,Post-Monsoon,Diwali/Deepavali,662,662
Banjara Lake,Hyderabad,Lake/Reservoir,2024,December,Winter,Christmas,778,778
Banjara Lake,Hyderabad,Lake/Reservoir,2025,January,Winter,"Bhogi, Sankranti/Pongal, New Year's Day, Republic Day",764,764
Banjara Lake,Hyderabad,Lake/Reservoir,2025,February,Winter,Maha Shivaratri,752,752
Banjara Lake,Hyderabad,Lake/Reservoir,2025,March,Summer,"Holi, Ugadi, Eid-ul-Fitr",560,560
Banjara Lake,Hyderabad,Lake/Reservoir,2025,April,Summer,"Sri Rama Navami, Ambedkar Jayanti",595,595
Banjara Lake,Hyderabad,Lake/Reservoir,2025,May,Summer,May Day,681,681
Banjara Lake,Hyderabad,Lake/Reservoir,2025,June,Monsoon,"Bakrid/Eid-ul-Adha, Telangana Formation Day",467,467
Banjara Lake,Hyderabad,Lake/Reservoir,2025,July,Monsoon,Bonalu,446,446
Banjara Lake,Hyderabad,Lake/Reservoir,2025,August,Monsoon,"Krishna Ashtami, Vinayaka Chavithi, Independence Day",443,443
Banjara Lake,Hyderabad,Lake/Reservoir,2025,September,Monsoon,Bathukamma (Engili Pula to Saddula),447,447
Banjara Lake,Hyderabad,Lake/Reservoir,2025,October,Post-Monsoon,"Vijaya Dasami/Dussehra, Diwali/Deepavali",673,673
Banjara Lake,Hyderabad,Lake/Reservoir,2025,November,Post-Monsoon,No Major Festival / Public Holiday,710,710
Banjara Lake,Hyderabad,Lake/Reservoir,2025,December,Winter,Christmas,750,750
Bapu Ghat,Hyderabad,Cave/Hill/Viewpoint,2024,January,Winter,"Bhogi, Sankranti/Pongal, New Year's Day, Republic Day",1014,1014
Bapu Ghat,Hyderabad,Cave/Hill/Viewpoint,2024,February,Winter,No Major Festival / Public Holiday,1004,1004
Bapu Ghat,Hyderabad,Cave/Hill/Viewpoint,2024,March,Summer,"Maha Shivaratri, Holi",795,795
Bapu Ghat,Hyderabad,Cave/Hill/Viewpoint,2024,April,Summer,"Ugadi, Sri Rama Navami, Eid-ul-Fitr, Ambedkar Jayanti",786,786
Bapu Ghat,Hyderabad,Cave/Hill/Viewpoint,2024,May,Summer,May Day,881,881
Bapu Ghat,Hyderabad,Cave/Hill/Viewpoint,2024,June,Monsoon,"Bakrid/Eid-ul-Adha, Telangana Formation Day",586,586
Bapu Ghat,Hyderabad,Cave/Hill/Viewpoint,2024,July,Monsoon,Bonalu,581,581
Bapu Ghat,Hyderabad,Cave/Hill/Viewpoint,2024,August,Monsoon,"Raksha Bandhan, Krishna Janmashtami, Independence Day",617,617
Bapu Ghat,Hyderabad,Cave/Hill/Viewpoint,2024,September,Monsoon,"Ganesh Chaturthi, Engili Pula Bathukamma (start)",566,566
Bapu Ghat,Hyderabad,Cave/Hill/Viewpoint,2024,October,Post-Monsoon,"Bathukamma (Saddula Bathukamma), Dussehra/Vijayadashami",927,927
Bapu Ghat,Hyderabad,Cave/Hill/Viewpoint,2024,November,Post-Monsoon,Diwali/Deepavali,948,948
Bapu Ghat,Hyderabad,Cave/Hill/Viewpoint,2024,December,Winter,Christmas,1045,1045
Bapu Ghat,Hyderabad,Cave/Hill/Viewpoint,2025,January,Winter,"Bhogi, Sankranti/Pongal, New Year's Day, Republic Day",981,981
Bapu Ghat,Hyderabad,Cave/Hill/Viewpoint,2025,February,Winter,Maha Shivaratri,1038,1038
Bapu Ghat,Hyderabad,Cave/Hill/Viewpoint,2025,March,Summer,"Holi, Ugadi, Eid-ul-Fitr",724,724
Bapu Ghat,Hyderabad,Cave/Hill/Viewpoint,2025,April,Summer,"Sri Rama Navami, Ambedkar Jayanti",791,791
Bapu Ghat,Hyderabad,Cave/Hill/Viewpoint,2025,May,Summer,May Day,878,878
Bapu Ghat,Hyderabad,Cave/Hill/Viewpoint,2025,June,Monsoon,"Bakrid/Eid-ul-Adha, Telangana Formation Day",592,592
Bapu Ghat,Hyderabad,Cave/Hill/Viewpoint,2025,July,Monsoon,Bonalu,621,621
Bapu Ghat,Hyderabad,Cave/Hill/Viewpoint,2025,August,Monsoon,"Krishna Ashtami, Vinayaka Chavithi, Independence Day",574,574
Bapu Ghat,Hyderabad,Cave/Hill/Viewpoint,2025,September,Monsoon,Bathukamma (Engili Pula to Saddula),580,580
Bapu Ghat,Hyderabad,Cave/Hill/Viewpoint,2025,October,Post-Monsoon,"Vijaya Dasami/Dussehra, Diwali/Deepavali",944,944
Bapu Ghat,Hyderabad,Cave/Hill/Viewpoint,2025,November,Post-Monsoon,No Major Festival / Public Holiday,944,944
Bapu Ghat,Hyderabad,Cave/Hill/Viewpoint,2025,December,Winter,Christmas,1016,1016
Basilica of Our Lady of the Assumption,Hyderabad,Church/Cathedral,2024,January,Winter,"Bhogi, Sankranti/Pongal, New Year's Day, Republic Day",2501,2501
Basilica of Our Lady of the Assumption,Hyderabad,Church/Cathedral,2024,February,Winter,No Major Festival / Public Holiday,2533,2533
Basilica of Our Lady of the Assumption,Hyderabad,Church/Cathedral,2024,March,Summer,"Maha Shivaratri, Holi",1790,1790
Basilica of Our Lady of the Assumption,Hyderabad,Church/Cathedral,2024,April,Summer,"Ugadi, Sri Rama Navami, Eid-ul-Fitr, Ambedkar Jayanti",1984,1984
Basilica of Our Lady of the Assumption,Hyderabad,Church/Cathedral,2024,May,Summer,May Day,2419,2419
Basilica of Our Lady of the Assumption,Hyderabad,Church/Cathedral,2024,June,Monsoon,"Bakrid/Eid-ul-Adha, Telangana Formation Day",1511,1511
Basilica of Our Lady of the Assumption,Hyderabad,Church/Cathedral,2024,July,Monsoon,Bonalu,1535,1535
Basilica of Our Lady of the Assumption,Hyderabad,Church/Cathedral,2024,August,Monsoon,"Raksha Bandhan, Krishna Janmashtami, Independence Day",1576,1576
Basilica of Our Lady of the Assumption,Hyderabad,Church/Cathedral,2024,September,Monsoon,"Ganesh Chaturthi, Engili Pula Bathukamma (start)",1537,1537
Basilica of Our Lady of the Assumption,Hyderabad,Church/Cathedral,2024,October,Post-Monsoon,"Bathukamma (Saddula Bathukamma), Dussehra/Vijayadashami",2204,2204
Basilica of Our Lady of the Assumption,Hyderabad,Church/Cathedral,2024,November,Post-Monsoon,Diwali/Deepavali,2321,2321
Basilica of Our Lady of the Assumption,Hyderabad,Church/Cathedral,2024,December,Winter,Christmas,2532,2532
Basilica of Our Lady of the Assumption,Hyderabad,Church/Cathedral,2025,January,Winter,"Bhogi, Sankranti/Pongal, New Year's Day, Republic Day",2477,2477
Basilica of Our Lady of the Assumption,Hyderabad,Church/Cathedral,2025,February,Winter,Maha Shivaratri,2570,2570
Basilica of Our Lady of the Assumption,Hyderabad,Church/Cathedral,2025,March,Summer,"Holi, Ugadi, Eid-ul-Fitr",1999,1999
Basilica of Our Lady of the Assumption,Hyderabad,Church/Cathedral,2025,April,Summer,"Sri Rama Navami, Ambedkar Jayanti",1997,1997
Basilica of Our Lady of the Assumption,Hyderabad,Church/Cathedral,2025,May,Summer,May Day,2286,2286
Basilica of Our Lady of the Assumption,Hyderabad,Church/Cathedral,2025,June,Monsoon,"Bakrid/Eid-ul-Adha, Telangana Formation Day",1430,1430
Basilica of Our Lady of the Assumption,Hyderabad,Church/Cathedral,2025,July,Monsoon,Bonalu,1587,1587
Basilica of Our Lady of the Assumption,Hyderabad,Church/Cathedral,2025,August,Monsoon,"Krishna Ashtami, Vinayaka Chavithi, Independence Day",1561,1561
Basilica of Our Lady of the Assumption,Hyderabad,Church/Cathedral,2025,September,Monsoon,Bathukamma (Engili Pula to Saddula),1432,1432
Basilica of Our Lady of the Assumption,Hyderabad,Church/Cathedral,2025,October,Post-Monsoon,"Vijaya Dasami/Dussehra, Diwali/Deepavali",2416,2416
Basilica of Our Lady of the Assumption,Hyderabad,Church/Cathedral,2025,November,Post-Monsoon,No Major Festival / Public Holiday,2402,2402
Basilica of Our Lady of the Assumption,Hyderabad,Church/Cathedral,2025,December,Winter,Christmas,2505,2505
Bedam Gutta,Mulugu,Dam/Barrage,2024,January,Winter,"Bhogi, Sankranti/Pongal, New Year's Day, Republic Day",257,257
Bedam Gutta,Mulugu,Dam/Barrage,2024,February,Winter,No Major Festival / Public Holiday,248,248
Bedam Gutta,Mulugu,Dam/Barrage,2024,March,Summer,"Maha Shivaratri, Holi",183,183
Bedam Gutta,Mulugu,Dam/Barrage,2024,April,Summer,"Ugadi, Sri Rama Navami, Eid-ul-Fitr, Ambedkar Jayanti",188,188
Bedam Gutta,Mulugu,Dam/Barrage,2024,May,Summer,May Day,220,220
Bedam Gutta,Mulugu,Dam/Barrage,2024,June,Monsoon,"Bakrid/Eid-ul-Adha, Telangana Formation Day",144,144
Bedam Gutta,Mulugu,Dam/Barrage,2024,July,Monsoon,Bonalu,149,149
Bedam Gutta,Mulugu,Dam/Barrage,2024,August,Monsoon,"Raksha Bandhan, Krishna Janmashtami, Independence Day",148,148
Bedam Gutta,Mulugu,Dam/Barrage,2024,September,Monsoon,"Ganesh Chaturthi, Engili Pula Bathukamma (start)",157,157
Bedam Gutta,Mulugu,Dam/Barrage,2024,October,Post-Monsoon,"Bathukamma (Saddula Bathukamma), Dussehra/Vijayadashami",226,226
Bedam Gutta,Mulugu,Dam/Barrage,2024,November,Post-Monsoon,Diwali/Deepavali,232,232
Bedam Gutta,Mulugu,Dam/Barrage,2024,December,Winter,Christmas,253,253
Bedam Gutta,Mulugu,Dam/Barrage,2025,January,Winter,"Bhogi, Sankranti/Pongal, New Year's Day, Republic Day",235,235
Bedam Gutta,Mulugu,Dam/Barrage,2025,February,Winter,Maha Shivaratri,254,254
Bedam Gutta,Mulugu,Dam/Barrage,2025,March,Summer,"Holi, Ugadi, Eid-ul-Fitr",182,182
Bedam Gutta,Mulugu,Dam/Barrage,2025,April,Summer,"Sri Rama Navami, Ambedkar Jayanti",200,200
Bedam Gutta,Mulugu,Dam/Barrage,2025,May,Summer,May Day,220,220
Bedam Gutta,Mulugu,Dam/Barrage,2025,June,Monsoon,"Bakrid/Eid-ul-Adha, Telangana Formation Day",148,148
Bedam Gutta,Mulugu,Dam/Barrage,2025,July,Monsoon,Bonalu,142,142
Bedam Gutta,Mulugu,Dam/Barrage,2025,August,Monsoon,"Krishna Ashtami, Vinayaka Chavithi, Independence Day",158,158
Bedam Gutta,Mulugu,Dam/Barrage,2025,September,Monsoon,Bathukamma (Engili Pula to Saddula),150,150
Bedam Gutta,Mulugu,Dam/Barrage,2025,October,Post-Monsoon,"Vijaya Dasami/Dussehra, Diwali/Deepavali",232,232
Bedam Gutta,Mulugu,Dam/Barrage,2025,November,Post-Monsoon,No Major Festival / Public Holiday,218,218
Bedam Gutta,Mulugu,Dam/Barrage,2025,December,Winter,Christmas,257,257
Bhadra Kali Temple,Hanumakonda,Temple,2024,January,Winter,"Bhogi, Sankranti/Pongal, New Year's Day, Republic Day",67931,67931
Bhadra Kali Temple,Hanumakonda,Temple,2024,February,Winter,No Major Festival / Public Holiday,40915,40915
Bhadra Kali Temple,Hanumakonda,Temple,2024,March,Summer,"Maha Shivaratri, Holi",29597,29597
Bhadra Kali Temple,Hanumakonda,Temple,2024,April,Summer,"Ugadi, Sri Rama Navami, Eid-ul-Fitr, Ambedkar Jayanti",29696,29696
Bhadra Kali Temple,Hanumakonda,Temple,2024,May,Summer,May Day,29998,29998
Bhadra Kali Temple,Hanumakonda,Temple,2024,June,Monsoon,"Bakrid/Eid-ul-Adha, Telangana Formation Day",19753,19753
Bhadra Kali Temple,Hanumakonda,Temple,2024,July,Monsoon,Bonalu,55394,55394
Bhadra Kali Temple,Hanumakonda,Temple,2024,August,Monsoon,"Raksha Bandhan, Krishna Janmashtami, Independence Day",18234,18234
Bhadra Kali Temple,Hanumakonda,Temple,2024,September,Monsoon,"Ganesh Chaturthi, Engili Pula Bathukamma (start)",57221,57221
Bhadra Kali Temple,Hanumakonda,Temple,2024,October,Post-Monsoon,"Bathukamma (Saddula Bathukamma), Dussehra/Vijayadashami",85305,85305
Bhadra Kali Temple,Hanumakonda,Temple,2024,November,Post-Monsoon,Diwali/Deepavali,27112,27112
Bhadra Kali Temple,Hanumakonda,Temple,2024,December,Winter,Christmas,29960,29960
Bhadra Kali Temple,Hanumakonda,Temple,2025,January,Winter,"Bhogi, Sankranti/Pongal, New Year's Day, Republic Day",70531,70531
Bhadra Kali Temple,Hanumakonda,Temple,2025,February,Winter,Maha Shivaratri,31845,31845
Bhadra Kali Temple,Hanumakonda,Temple,2025,March,Summer,"Holi, Ugadi, Eid-ul-Fitr",29122,29122
Bhadra Kali Temple,Hanumakonda,Temple,2025,April,Summer,"Sri Rama Navami, Ambedkar Jayanti",22957,22957
Bhadra Kali Temple,Hanumakonda,Temple,2025,May,Summer,May Day,27822,27822
Bhadra Kali Temple,Hanumakonda,Temple,2025,June,Monsoon,"Bakrid/Eid-ul-Adha, Telangana Formation Day",19136,19136
Bhadra Kali Temple,Hanumakonda,Temple,2025,July,Monsoon,Bonalu,53008,53008
Bhadra Kali Temple,Hanumakonda,Temple,2025,August,Monsoon,"Krishna Ashtami, Vinayaka Chavithi, Independence Day",17859,17859
Bhadra Kali Temple,Hanumakonda,Temple,2025,September,Monsoon,Bathukamma (Engili Pula to Saddula),58274,58274
Bhadra Kali Temple,Hanumakonda,Temple,2025,October,Post-Monsoon,"Vijaya Dasami/Dussehra, Diwali/Deepavali",69102,69102
Bhadra Kali Temple,Hanumakonda,Temple,2025,November,Post-Monsoon,No Major Festival / Public Holiday,38060,38060
Bhadra Kali Temple,Hanumakonda,Temple,2025,December,Winter,Christmas,30268,30268
Bhadrakali Lake,Hanumakonda,Lake/Reservoir,2024,January,Winter,"Bhogi, Sankranti/Pongal, New Year's Day, Republic Day",723,723
Bhadrakali Lake,Hanumakonda,Lake/Reservoir,2024,February,Winter,No Major Festival / Public Holiday,707,707
Bhadrakali Lake,Hanumakonda,Lake/Reservoir,2024,March,Summer,"Maha Shivaratri, Holi",548,548
Bhadrakali Lake,Hanumakonda,Lake/Reservoir,2024,April,Summer,"Ugadi, Sri Rama Navami, Eid-ul-Fitr, Ambedkar Jayanti",575,575
Bhadrakali Lake,Hanumakonda,Lake/Reservoir,2024,May,Summer,May Day,683,683
Bhadrakali Lake,Hanumakonda,Lake/Reservoir,2024,June,Monsoon,"Bakrid/Eid-ul-Adha, Telangana Formation Day",471,471
Bhadrakali Lake,Hanumakonda,Lake/Reservoir,2024,July,Monsoon,Bonalu,467,467
Bhadrakali Lake,Hanumakonda,Lake/Reservoir,2024,August,Monsoon,"Raksha Bandhan, Krishna Janmashtami, Independence Day",441,441
Bhadrakali Lake,Hanumakonda,Lake/Reservoir,2024,September,Monsoon,"Ganesh Chaturthi, Engili Pula Bathukamma (start)",437,437
Bhadrakali Lake,Hanumakonda,Lake/Reservoir,2024,October,Post-Monsoon,"Bathukamma (Saddula Bathukamma), Dussehra/Vijayadashami",680,680
Bhadrakali Lake,Hanumakonda,Lake/Reservoir,2024,November,Post-Monsoon,Diwali/Deepavali,697,697
Bhadrakali Lake,Hanumakonda,Lake/Reservoir,2024,December,Winter,Christmas,729,729
Bhadrakali Lake,Hanumakonda,Lake/Reservoir,2025,January,Winter,"Bhogi, Sankranti/Pongal, New Year's Day, Republic Day",761,761
Bhadrakali Lake,Hanumakonda,Lake/Reservoir,2025,February,Winter,Maha Shivaratri,741,741
Bhadrakali Lake,Hanumakonda,Lake/Reservoir,2025,March,Summer,"Holi, Ugadi, Eid-ul-Fitr",573,573
Bhadrakali Lake,Hanumakonda,Lake/Reservoir,2025,April,Summer,"Sri Rama Navami, Ambedkar Jayanti",565,565
Bhadrakali Lake,Hanumakonda,Lake/Reservoir,2025,May,Summer,May Day,672,672
Bhadrakali Lake,Hanumakonda,Lake/Reservoir,2025,June,Monsoon,"Bakrid/Eid-ul-Adha, Telangana Formation Day",474,474
Bhadrakali Lake,Hanumakonda,Lake/Reservoir,2025,July,Monsoon,Bonalu,464,464
Bhadrakali Lake,Hanumakonda,Lake/Reservoir,2025,August,Monsoon,"Krishna Ashtami, Vinayaka Chavithi, Independence Day",430,430
Bhadrakali Lake,Hanumakonda,Lake/Reservoir,2025,September,Monsoon,Bathukamma (Engili Pula to Saddula),469,469
Bhadrakali Lake,Hanumakonda,Lake/Reservoir,2025,October,Post-Monsoon,"Vijaya Dasami/Dussehra, Diwali/Deepavali",688,688
Bhadrakali Lake,Hanumakonda,Lake/Reservoir,2025,November,Post-Monsoon,No Major Festival / Public Holiday,722,722
Bhadrakali Lake,Hanumakonda,Lake/Reservoir,2025,December,Winter,Christmas,776,776
Bhagwan Das Bagh,Hyderabad,Other/Cultural Site,2024,January,Winter,"Bhogi, Sankranti/Pongal, New Year's Day, Republic Day",412,412
Bhagwan Das Bagh,Hyderabad,Other/Cultural Site,2024,February,Winter,No Major Festival / Public Holiday,459,459
Bhagwan Das Bagh,Hyderabad,Other/Cultural Site,2024,March,Summer,"Maha Shivaratri, Holi",317,317
Bhagwan Das Bagh,Hyderabad,Other/Cultural Site,2024,April,Summer,"Ugadi, Sri Rama Navami, Eid-ul-Fitr, Ambedkar Jayanti",335,335
Bhagwan Das Bagh,Hyderabad,Other/Cultural Site,2024,May,Summer,May Day,391,391
Bhagwan Das Bagh,Hyderabad,Other/Cultural Site,2024,June,Monsoon,"Bakrid/Eid-ul-Adha, Telangana Formation Day",264,264
Bhagwan Das Bagh,Hyderabad,Other/Cultural Site,2024,July,Monsoon,Bonalu,267,267
Bhagwan Das Bagh,Hyderabad,Other/Cultural Site,2024,August,Monsoon,"Raksha Bandhan, Krishna Janmashtami, Independence Day",272,272
Bhagwan Das Bagh,Hyderabad,Other/Cultural Site,2024,September,Monsoon,"Ganesh Chaturthi, Engili Pula Bathukamma (start)",253,253
Bhagwan Das Bagh,Hyderabad,Other/Cultural Site,2024,October,Post-Monsoon,"Bathukamma (Saddula Bathukamma), Dussehra/Vijayadashami",378,378
Bhagwan Das Bagh,Hyderabad,Other/Cultural Site,2024,November,Post-Monsoon,Diwali/Deepavali,384,384
Bhagwan Das Bagh,Hyderabad,Other/Cultural Site,2024,December,Winter,Christmas,458,458
Bhagwan Das Bagh,Hyderabad,Other/Cultural Site,2025,January,Winter,"Bhogi, Sankranti/Pongal, New Year's Day, Republic Day",457,457
Bhagwan Das Bagh,Hyderabad,Other/Cultural Site,2025,February,Winter,Maha Shivaratri,442,442
Bhagwan Das Bagh,Hyderabad,Other/Cultural Site,2025,March,Summer,"Holi, Ugadi, Eid-ul-Fitr",336,336
Bhagwan Das Bagh,Hyderabad,Other/Cultural Site,2025,April,Summer,"Sri Rama Navami, Ambedkar Jayanti",339,339
Bhagwan Das Bagh,Hyderabad,Other/Cultural Site,2025,May,Summer,May Day,386,386
Bhagwan Das Bagh,Hyderabad,Other/Cultural Site,2025,June,Monsoon,"Bakrid/Eid-ul-Adha, Telangana Formation Day",275,275
Bhagwan Das Bagh,Hyderabad,Other/Cultural Site,2025,July,Monsoon,Bonalu,259,259
Bhagwan Das Bagh,Hyderabad,Other/Cultural Site,2025,August,Monsoon,"Krishna Ashtami, Vinayaka Chavithi, Independence Day",258,258
Bhagwan Das Bagh,Hyderabad,Other/Cultural Site,2025,September,Monsoon,Bathukamma (Engili Pula to Saddula),263,263
Bhagwan Das Bagh,Hyderabad,Other/Cultural Site,2025,October,Post-Monsoon,"Vijaya Dasami/Dussehra, Diwali/Deepavali",380,380
Bhagwan Das Bagh,Hyderabad,Other/Cultural Site,2025,November,Post-Monsoon,No Major Festival / Public Holiday,386,386
Bhagwan Das Bagh,Hyderabad,Other/Cultural Site,2025,December,Winter,Christmas,449,449
Bhattisgarh Fort,Nirmal,Fort,2024,January,Winter,"Bhogi, Sankranti/Pongal, New Year's Day, Republic Day",8994,8994
Bhattisgarh Fort,Nirmal,Fort,2024,February,Winter,No Major Festival / Public Holiday,6036,6036
Bhattisgarh Fort,Nirmal,Fort,2024,March,Summer,"Maha Shivaratri, Holi",4482,4482
Bhattisgarh Fort,Nirmal,Fort,2024,April,Summer,"Ugadi, Sri Rama Navami, Eid-ul-Fitr, Ambedkar Jayanti",4614,4614
Bhattisgarh Fort,Nirmal,Fort,2024,May,Summer,May Day,5815,5815
Bhattisgarh Fort,Nirmal,Fort,2024,June,Monsoon,"Bakrid/Eid-ul-Adha, Telangana Formation Day",3548,3548
Bhattisgarh Fort,Nirmal,Fort,2024,July,Monsoon,Bonalu,3748,3748
Bhattisgarh Fort,Nirmal,Fort,2024,August,Monsoon,"Raksha Bandhan, Krishna Janmashtami, Independence Day",3793,3793
Bhattisgarh Fort,Nirmal,Fort,2024,September,Monsoon,"Ganesh Chaturthi, Engili Pula Bathukamma (start)",3675,3675
Bhattisgarh Fort,Nirmal,Fort,2024,October,Post-Monsoon,"Bathukamma (Saddula Bathukamma), Dussehra/Vijayadashami",8311,8311
Bhattisgarh Fort,Nirmal,Fort,2024,November,Post-Monsoon,Diwali/Deepavali,5478,5478
Bhattisgarh Fort,Nirmal,Fort,2024,December,Winter,Christmas,8303,8303
Bhattisgarh Fort,Nirmal,Fort,2025,January,Winter,"Bhogi, Sankranti/Pongal, New Year's Day, Republic Day",8989,8989
Bhattisgarh Fort,Nirmal,Fort,2025,February,Winter,Maha Shivaratri,6246,6246
Bhattisgarh Fort,Nirmal,Fort,2025,March,Summer,"Holi, Ugadi, Eid-ul-Fitr",4857,4857
Bhattisgarh Fort,Nirmal,Fort,2025,April,Summer,"Sri Rama Navami, Ambedkar Jayanti",4712,4712
Bhattisgarh Fort,Nirmal,Fort,2025,May,Summer,May Day,5575,5575
Bhattisgarh Fort,Nirmal,Fort,2025,June,Monsoon,"Bakrid/Eid-ul-Adha, Telangana Formation Day",3893,3893
Bhattisgarh Fort,Nirmal,Fort,2025,July,Monsoon,Bonalu,3884,3884
Bhattisgarh Fort,Nirmal,Fort,2025,August,Monsoon,"Krishna Ashtami, Vinayaka Chavithi, Independence Day",3837,3837
Bhattisgarh Fort,Nirmal,Fort,2025,September,Monsoon,Bathukamma (Engili Pula to Saddula),3647,3647
Bhattisgarh Fort,Nirmal,Fort,2025,October,Post-Monsoon,"Vijaya Dasami/Dussehra, Diwali/Deepavali",8137,8137
Bhattisgarh Fort,Nirmal,Fort,2025,November,Post-Monsoon,No Major Festival / Public Holiday,5654,5654
Bhattisgarh Fort,Nirmal,Fort,2025,December,Winter,Christmas,8321,8321
Bheemuni Paadam Waterfalls,Mahabubabad,Dam/Barrage,2024,January,Winter,"Bhogi, Sankranti/Pongal, New Year's Day, Republic Day",484,484
Bheemuni Paadam Waterfalls,Mahabubabad,Dam/Barrage,2024,February,Winter,No Major Festival / Public Holiday,499,499
Bheemuni Paadam Waterfalls,Mahabubabad,Dam/Barrage,2024,March,Summer,"Maha Shivaratri, Holi",367,367
Bheemuni Paadam Waterfalls,Mahabubabad,Dam/Barrage,2024,April,Summer,"Ugadi, Sri Rama Navami, Eid-ul-Fitr, Ambedkar Jayanti",402,402
Bheemuni Paadam Waterfalls,Mahabubabad,Dam/Barrage,2024,May,Summer,May Day,484,484
Bheemuni Paadam Waterfalls,Mahabubabad,Dam/Barrage,2024,June,Monsoon,"Bakrid/Eid-ul-Adha, Telangana Formation Day",283,283
Bheemuni Paadam Waterfalls,Mahabubabad,Dam/Barrage,2024,July,Monsoon,Bonalu,307,307
Bheemuni Paadam Waterfalls,Mahabubabad,Dam/Barrage,2024,August,Monsoon,"Raksha Bandhan, Krishna Janmashtami, Independence Day",315,315
Bheemuni Paadam Waterfalls,Mahabubabad,Dam/Barrage,2024,September,Monsoon,"Ganesh Chaturthi, Engili Pula Bathukamma (start)",288,288
Bheemuni Paadam Waterfalls,Mahabubabad,Dam/Barrage,2024,October,Post-Monsoon,"Bathukamma (Saddula Bathukamma), Dussehra/Vijayadashami",463,463
Bheemuni Paadam Waterfalls,Mahabubabad,Dam/Barrage,2024,November,Post-Monsoon,Diwali/Deepavali,482,482
Bheemuni Paadam Waterfalls,Mahabubabad,Dam/Barrage,2024,December,Winter,Christmas,472,472
Bheemuni Paadam Waterfalls,Mahabubabad,Dam/Barrage,2025,January,Winter,"Bhogi, Sankranti/Pongal, New Year's Day, Republic Day",511,511
Bheemuni Paadam Waterfalls,Mahabubabad,Dam/Barrage,2025,February,Winter,Maha Shivaratri,487,487
Bheemuni Paadam Waterfalls,Mahabubabad,Dam/Barrage,2025,March,Summer,"Holi, Ugadi, Eid-ul-Fitr",399,399
Bheemuni Paadam Waterfalls,Mahabubabad,Dam/Barrage,2025,April,Summer,"Sri Rama Navami, Ambedkar Jayanti",401,401
Bheemuni Paadam Waterfalls,Mahabubabad,Dam/Barrage,2025,May,Summer,May Day,484,484
Bheemuni Paadam Waterfalls,Mahabubabad,Dam/Barrage,2025,June,Monsoon,"Bakrid/Eid-ul-Adha, Telangana Formation Day",299,299
Bheemuni Paadam Waterfalls,Mahabubabad,Dam/Barrage,2025,July,Monsoon,Bonalu,313,313
Bheemuni Paadam Waterfalls,Mahabubabad,Dam/Barrage,2025,August,Monsoon,"Krishna Ashtami, Vinayaka Chavithi, Independence Day",312,312
Bheemuni Paadam Waterfalls,Mahabubabad,Dam/Barrage,2025,September,Monsoon,Bathukamma (Engili Pula to Saddula),293,293
Bheemuni Paadam Waterfalls,Mahabubabad,Dam/Barrage,2025,October,Post-Monsoon,"Vijaya Dasami/Dussehra, Diwali/Deepavali",478,478
Bheemuni Paadam Waterfalls,Mahabubabad,Dam/Barrage,2025,November,Post-Monsoon,No Major Festival / Public Holiday,434,434
Bheemuni Paadam Waterfalls,Mahabubabad,Dam/Barrage,2025,December,Winter,Christmas,505,505
Bhongir Fort,Yadadri Bhuvanagiri,Fort,2024,January,Winter,"Bhogi, Sankranti/Pongal, New Year's Day, Republic Day",32958,32958
Bhongir Fort,Yadadri Bhuvanagiri,Fort,2024,February,Winter,No Major Festival / Public Holiday,22812,22812
Bhongir Fort,Yadadri Bhuvanagiri,Fort,2024,March,Summer,"Maha Shivaratri, Holi",16552,16552
Bhongir Fort,Yadadri Bhuvanagiri,Fort,2024,April,Summer,"Ugadi, Sri Rama Navami, Eid-ul-Fitr, Ambedkar Jayanti",16124,16124
Bhongir Fort,Yadadri Bhuvanagiri,Fort,2024,May,Summer,May Day,21619,21619
Bhongir Fort,Yadadri Bhuvanagiri,Fort,2024,June,Monsoon,"Bakrid/Eid-ul-Adha, Telangana Formation Day",12724,12724
Bhongir Fort,Yadadri Bhuvanagiri,Fort,2024,July,Monsoon,Bonalu,14107,14107
Bhongir Fort,Yadadri Bhuvanagiri,Fort,2024,August,Monsoon,"Raksha Bandhan, Krishna Janmashtami, Independence Day",13546,13546
Bhongir Fort,Yadadri Bhuvanagiri,Fort,2024,September,Monsoon,"Ganesh Chaturthi, Engili Pula Bathukamma (start)",14211,14211
Bhongir Fort,Yadadri Bhuvanagiri,Fort,2024,October,Post-Monsoon,"Bathukamma (Saddula Bathukamma), Dussehra/Vijayadashami",30019,30019
Bhongir Fort,Yadadri Bhuvanagiri,Fort,2024,November,Post-Monsoon,Diwali/Deepavali,21936,21936
Bhongir Fort,Yadadri Bhuvanagiri,Fort,2024,December,Winter,Christmas,30935,30935
Bhongir Fort,Yadadri Bhuvanagiri,Fort,2025,January,Winter,"Bhogi, Sankranti/Pongal, New Year's Day, Republic Day",32509,32509
Bhongir Fort,Yadadri Bhuvanagiri,Fort,2025,February,Winter,Maha Shivaratri,22235,22235
Bhongir Fort,Yadadri Bhuvanagiri,Fort,2025,March,Summer,"Holi, Ugadi, Eid-ul-Fitr",17058,17058
Bhongir Fort,Yadadri Bhuvanagiri,Fort,2025,April,Summer,"Sri Rama Navami, Ambedkar Jayanti",17361,17361
Bhongir Fort,Yadadri Bhuvanagiri,Fort,2025,May,Summer,May Day,21628,21628
Bhongir Fort,Yadadri Bhuvanagiri,Fort,2025,June,Monsoon,"Bakrid/Eid-ul-Adha, Telangana Formation Day",14284,14284
Bhongir Fort,Yadadri Bhuvanagiri,Fort,2025,July,Monsoon,Bonalu,13934,13934
Bhongir Fort,Yadadri Bhuvanagiri,Fort,2025,August,Monsoon,"Krishna Ashtami, Vinayaka Chavithi, Independence Day",13366,13366
Bhongir Fort,Yadadri Bhuvanagiri,Fort,2025,September,Monsoon,Bathukamma (Engili Pula to Saddula),13372,13372
Bhongir Fort,Yadadri Bhuvanagiri,Fort,2025,October,Post-Monsoon,"Vijaya Dasami/Dussehra, Diwali/Deepavali",29806,29806
Bhongir Fort,Yadadri Bhuvanagiri,Fort,2025,November,Post-Monsoon,No Major Festival / Public Holiday,20051,20051
Bhongir Fort,Yadadri Bhuvanagiri,Fort,2025,December,Winter,Christmas,30027,30027
Biodiversity Park,Hyderabad,Park/Garden,2024,January,Winter,"Bhogi, Sankranti/Pongal, New Year's Day, Republic Day",10860,10860
Biodiversity Park,Hyderabad,Park/Garden,2024,February,Winter,No Major Festival / Public Holiday,7130,7130
Biodiversity Park,Hyderabad,Park/Garden,2024,March,Summer,"Maha Shivaratri, Holi",5643,5643
Biodiversity Park,Hyderabad,Park/Garden,2024,April,Summer,"Ugadi, Sri Rama Navami, Eid-ul-Fitr, Ambedkar Jayanti",5959,5959
Biodiversity Park,Hyderabad,Park/Garden,2024,May,Summer,May Day,10175,10175
Biodiversity Park,Hyderabad,Park/Garden,2024,June,Monsoon,"Bakrid/Eid-ul-Adha, Telangana Formation Day",4482,4482
Biodiversity Park,Hyderabad,Park/Garden,2024,July,Monsoon,Bonalu,4561,4561
Biodiversity Park,Hyderabad,Park/Garden,2024,August,Monsoon,"Raksha Bandhan, Krishna Janmashtami, Independence Day",4320,4320
Biodiversity Park,Hyderabad,Park/Garden,2024,September,Monsoon,"Ganesh Chaturthi, Engili Pula Bathukamma (start)",4765,4765
Biodiversity Park,Hyderabad,Park/Garden,2024,October,Post-Monsoon,"Bathukamma (Saddula Bathukamma), Dussehra/Vijayadashami",6677,6677
Biodiversity Park,Hyderabad,Park/Garden,2024,November,Post-Monsoon,Diwali/Deepavali,7266,7266
Biodiversity Park,Hyderabad,Park/Garden,2024,December,Winter,Christmas,10688,10688
Biodiversity Park,Hyderabad,Park/Garden,2025,January,Winter,"Bhogi, Sankranti/Pongal, New Year's Day, Republic Day",10635,10635
Biodiversity Park,Hyderabad,Park/Garden,2025,February,Winter,Maha Shivaratri,7511,7511
Biodiversity Park,Hyderabad,Park/Garden,2025,March,Summer,"Holi, Ugadi, Eid-ul-Fitr",5515,5515
Biodiversity Park,Hyderabad,Park/Garden,2025,April,Summer,"Sri Rama Navami, Ambedkar Jayanti",5478,5478
Biodiversity Park,Hyderabad,Park/Garden,2025,May,Summer,May Day,9335,9335
Biodiversity Park,Hyderabad,Park/Garden,2025,June,Monsoon,"Bakrid/Eid-ul-Adha, Telangana Formation Day",4330,4330
Biodiversity Park,Hyderabad,Park/Garden,2025,July,Monsoon,Bonalu,4650,4650
Biodiversity Park,Hyderabad,Park/Garden,2025,August,Monsoon,"Krishna Ashtami, Vinayaka Chavithi, Independence Day",4419,4419
Biodiversity Park,Hyderabad,Park/Garden,2025,September,Monsoon,Bathukamma (Engili Pula to Saddula),4261,4261
Biodiversity Park,Hyderabad,Park/Garden,2025,October,Post-Monsoon,"Vijaya Dasami/Dussehra, Diwali/Deepavali",7288,7288
Biodiversity Park,Hyderabad,Park/Garden,2025,November,Post-Monsoon,No Major Festival / Public Holiday,7217,7217
Biodiversity Park,Hyderabad,Park/Garden,2025,December,Winter,Christmas,11038,11038
Birla Planetarium & Science Museum,Hyderabad,Museum/Gallery,2024,January,Winter,"Bhogi, Sankranti/Pongal, New Year's Day, Republic Day",13313,13313
Birla Planetarium & Science Museum,Hyderabad,Museum/Gallery,2024,February,Winter,No Major Festival / Public Holiday,10452,10452
Birla Planetarium & Science Museum,Hyderabad,Museum/Gallery,2024,March,Summer,"Maha Shivaratri, Holi",7386,7386
Birla Planetarium & Science Museum,Hyderabad,Museum/Gallery,2024,April,Summer,"Ugadi, Sri Rama Navami, Eid-ul-Fitr, Ambedkar Jayanti",7262,7262
Birla Planetarium & Science Museum,Hyderabad,Museum/Gallery,2024,May,Summer,May Day,9629,9629
Birla Planetarium & Science Museum,Hyderabad,Museum/Gallery,2024,June,Monsoon,"Bakrid/Eid-ul-Adha, Telangana Formation Day",6328,6328
Birla Planetarium & Science Museum,Hyderabad,Museum/Gallery,2024,July,Monsoon,Bonalu,6260,6260
Birla Planetarium & Science Museum,Hyderabad,Museum/Gallery,2024,August,Monsoon,"Raksha Bandhan, Krishna Janmashtami, Independence Day",6222,6222
Birla Planetarium & Science Museum,Hyderabad,Museum/Gallery,2024,September,Monsoon,"Ganesh Chaturthi, Engili Pula Bathukamma (start)",6111,6111
Birla Planetarium & Science Museum,Hyderabad,Museum/Gallery,2024,October,Post-Monsoon,"Bathukamma (Saddula Bathukamma), Dussehra/Vijayadashami",12958,12958
Birla Planetarium & Science Museum,Hyderabad,Museum/Gallery,2024,November,Post-Monsoon,Diwali/Deepavali,8744,8744
Birla Planetarium & Science Museum,Hyderabad,Museum/Gallery,2024,December,Winter,Christmas,13846,13846
Birla Planetarium & Science Museum,Hyderabad,Museum/Gallery,2025,January,Winter,"Bhogi, Sankranti/Pongal, New Year's Day, Republic Day",13786,13786
Birla Planetarium & Science Museum,Hyderabad,Museum/Gallery,2025,February,Winter,Maha Shivaratri,9711,9711
Birla Planetarium & Science Museum,Hyderabad,Museum/Gallery,2025,March,Summer,"Holi, Ugadi, Eid-ul-Fitr",7803,7803
Birla Planetarium & Science Museum,Hyderabad,Museum/Gallery,2025,April,Summer,"Sri Rama Navami, Ambedkar Jayanti",7596,7596
Birla Planetarium & Science Museum,Hyderabad,Museum/Gallery,2025,May,Summer,May Day,8737,8737
Birla Planetarium & Science Museum,Hyderabad,Museum/Gallery,2025,June,Monsoon,"Bakrid/Eid-ul-Adha, Telangana Formation Day",5798,5798
Birla Planetarium & Science Museum,Hyderabad,Museum/Gallery,2025,July,Monsoon,Bonalu,6131,6131
Birla Planetarium & Science Museum,Hyderabad,Museum/Gallery,2025,August,Monsoon,"Krishna Ashtami, Vinayaka Chavithi, Independence Day",5694,5694
Birla Planetarium & Science Museum,Hyderabad,Museum/Gallery,2025,September,Monsoon,Bathukamma (Engili Pula to Saddula),6252,6252
Birla Planetarium & Science Museum,Hyderabad,Museum/Gallery,2025,October,Post-Monsoon,"Vijaya Dasami/Dussehra, Diwali/Deepavali",12872,12872
Birla Planetarium & Science Museum,Hyderabad,Museum/Gallery,2025,November,Post-Monsoon,No Major Festival / Public Holiday,9178,9178
Birla Planetarium & Science Museum,Hyderabad,Museum/Gallery,2025,December,Winter,Christmas,14155,14155
Birla Temple,Hyderabad,Temple,2024,January,Winter,"Bhogi, Sankranti/Pongal, New Year's Day, Republic Day",16890,16890
Birla Temple,Hyderabad,Temple,2024,February,Winter,No Major Festival / Public Holiday,9960,9960
Birla Temple,Hyderabad,Temple,2024,March,Summer,"Maha Shivaratri, Holi",7515,7515
Birla Temple,Hyderabad,Temple,2024,April,Summer,"Ugadi, Sri Rama Navami, Eid-ul-Fitr, Ambedkar Jayanti",7634,7634
Birla Temple,Hyderabad,Temple,2024,May,Summer,May Day,6617,6617
Birla Temple,Hyderabad,Temple,2024,June,Monsoon,"Bakrid/Eid-ul-Adha, Telangana Formation Day",4705,4705
Birla Temple,Hyderabad,Temple,2024,July,Monsoon,Bonalu,4700,4700
Birla Temple,Hyderabad,Temple,2024,August,Monsoon,"Raksha Bandhan, Krishna Janmashtami, Independence Day",4245,4245
Birla Temple,Hyderabad,Temple,2024,September,Monsoon,"Ganesh Chaturthi, Engili Pula Bathukamma (start)",4675,4675
Birla Temple,Hyderabad,Temple,2024,October,Post-Monsoon,"Bathukamma (Saddula Bathukamma), Dussehra/Vijayadashami",16481,16481
Birla Temple,Hyderabad,Temple,2024,November,Post-Monsoon,Diwali/Deepavali,6763,6763
Birla Temple,Hyderabad,Temple,2024,December,Winter,Christmas,7719,7719
Birla Temple,Hyderabad,Temple,2025,January,Winter,"Bhogi, Sankranti/Pongal, New Year's Day, Republic Day",15828,15828
Birla Temple,Hyderabad,Temple,2025,February,Winter,Maha Shivaratri,7786,7786
Birla Temple,Hyderabad,Temple,2025,March,Summer,"Holi, Ugadi, Eid-ul-Fitr",7705,7705
Birla Temple,Hyderabad,Temple,2025,April,Summer,"Sri Rama Navami, Ambedkar Jayanti",5705,5705
Birla Temple,Hyderabad,Temple,2025,May,Summer,May Day,6491,6491
Birla Temple,Hyderabad,Temple,2025,June,Monsoon,"Bakrid/Eid-ul-Adha, Telangana Formation Day",4385,4385
Birla Temple,Hyderabad,Temple,2025,July,Monsoon,Bonalu,4563,4563
Birla Temple,Hyderabad,Temple,2025,August,Monsoon,"Krishna Ashtami, Vinayaka Chavithi, Independence Day",4759,4759
Birla Temple,Hyderabad,Temple,2025,September,Monsoon,Bathukamma (Engili Pula to Saddula),4571,4571
Birla Temple,Hyderabad,Temple,2025,October,Post-Monsoon,"Vijaya Dasami/Dussehra, Diwali/Deepavali",16752,16752
Birla Temple,Hyderabad,Temple,2025,November,Post-Monsoon,No Major Festival / Public Holiday,9114,9114
Birla Temple,Hyderabad,Temple,2025,December,Winter,Christmas,7535,7535
Bogatha Waterfall,Mulugu,Waterfall,2024,January,Winter,"Bhogi, Sankranti/Pongal, New Year's Day, Republic Day",19522,19522
Bogatha Waterfall,Mulugu,Waterfall,2024,February,Winter,No Major Festival / Public Holiday,20499,20499
Bogatha Waterfall,Mulugu,Waterfall,2024,March,Summer,"Maha Shivaratri, Holi",3602,3602
Bogatha Waterfall,Mulugu,Waterfall,2024,April,Summer,"Ugadi, Sri Rama Navami, Eid-ul-Fitr, Ambedkar Jayanti",3837,3837
Bogatha Waterfall,Mulugu,Waterfall,2024,May,Summer,May Day,4514,4514
Bogatha Waterfall,Mulugu,Waterfall,2024,June,Monsoon,"Bakrid/Eid-ul-Adha, Telangana Formation Day",42609,42609
Bogatha Waterfall,Mulugu,Waterfall,2024,July,Monsoon,Bonalu,39710,39710
Bogatha Waterfall,Mulugu,Waterfall,2024,August,Monsoon,"Raksha Bandhan, Krishna Janmashtami, Independence Day",43872,43872
Bogatha Waterfall,Mulugu,Waterfall,2024,September,Monsoon,"Ganesh Chaturthi, Engili Pula Bathukamma (start)",44386,44386
Bogatha Waterfall,Mulugu,Waterfall,2024,October,Post-Monsoon,"Bathukamma (Saddula Bathukamma), Dussehra/Vijayadashami",68023,68023
Bogatha Waterfall,Mulugu,Waterfall,2024,November,Post-Monsoon,Diwali/Deepavali,66329,66329
Bogatha Waterfall,Mulugu,Waterfall,2024,December,Winter,Christmas,19112,19112
Bogatha Waterfall,Mulugu,Waterfall,2025,January,Winter,"Bhogi, Sankranti/Pongal, New Year's Day, Republic Day",20619,20619
Bogatha Waterfall,Mulugu,Waterfall,2025,February,Winter,Maha Shivaratri,18859,18859
Bogatha Waterfall,Mulugu,Waterfall,2025,March,Summer,"Holi, Ugadi, Eid-ul-Fitr",3582,3582
Bogatha Waterfall,Mulugu,Waterfall,2025,April,Summer,"Sri Rama Navami, Ambedkar Jayanti",3719,3719
Bogatha Waterfall,Mulugu,Waterfall,2025,May,Summer,May Day,4593,4593
Bogatha Waterfall,Mulugu,Waterfall,2025,June,Monsoon,"Bakrid/Eid-ul-Adha, Telangana Formation Day",43362,43362
Bogatha Waterfall,Mulugu,Waterfall,2025,July,Monsoon,Bonalu,42923,42923
Bogatha Waterfall,Mulugu,Waterfall,2025,August,Monsoon,"Krishna Ashtami, Vinayaka Chavithi, Independence Day",41727,41727
Bogatha Waterfall,Mulugu,Waterfall,2025,September,Monsoon,Bathukamma (Engili Pula to Saddula),40859,40859
Bogatha Waterfall,Mulugu,Waterfall,2025,October,Post-Monsoon,"Vijaya Dasami/Dussehra, Diwali/Deepavali",68241,68241
Bogatha Waterfall,Mulugu,Waterfall,2025,November,Post-Monsoon,No Major Festival / Public Holiday,63829,63829
Bogatha Waterfall,Mulugu,Waterfall,2025,December,Winter,Christmas,19883,19883
Botanical Gardens,Ranga Reddy,Park/Garden,2024,January,Winter,"Bhogi, Sankranti/Pongal, New Year's Day, Republic Day",31196,31196
Botanical Gardens,Ranga Reddy,Park/Garden,2024,February,Winter,No Major Festival / Public Holiday,22874,22874
Botanical Gardens,Ranga Reddy,Park/Garden,2024,March,Summer,"Maha Shivaratri, Holi",16889,16889
Botanical Gardens,Ranga Reddy,Park/Garden,2024,April,Summer,"Ugadi, Sri Rama Navami, Eid-ul-Fitr, Ambedkar Jayanti",16636,16636
Botanical Gardens,Ranga Reddy,Park/Garden,2024,May,Summer,May Day,30663,30663
Botanical Gardens,Ranga Reddy,Park/Garden,2024,June,Monsoon,"Bakrid/Eid-ul-Adha, Telangana Formation Day",13353,13353
Botanical Gardens,Ranga Reddy,Park/Garden,2024,July,Monsoon,Bonalu,14138,14138
Botanical Gardens,Ranga Reddy,Park/Garden,2024,August,Monsoon,"Raksha Bandhan, Krishna Janmashtami, Independence Day",13062,13062
Botanical Gardens,Ranga Reddy,Park/Garden,2024,September,Monsoon,"Ganesh Chaturthi, Engili Pula Bathukamma (start)",13035,13035
Botanical Gardens,Ranga Reddy,Park/Garden,2024,October,Post-Monsoon,"Bathukamma (Saddula Bathukamma), Dussehra/Vijayadashami",19535,19535
Botanical Gardens,Ranga Reddy,Park/Garden,2024,November,Post-Monsoon,Diwali/Deepavali,21076,21076
Botanical Gardens,Ranga Reddy,Park/Garden,2024,December,Winter,Christmas,31003,31003
Botanical Gardens,Ranga Reddy,Park/Garden,2025,January,Winter,"Bhogi, Sankranti/Pongal, New Year's Day, Republic Day",32877,32877
Botanical Gardens,Ranga Reddy,Park/Garden,2025,February,Winter,Maha Shivaratri,22427,22427
Botanical Gardens,Ranga Reddy,Park/Garden,2025,March,Summer,"Holi, Ugadi, Eid-ul-Fitr",18060,18060
Botanical Gardens,Ranga Reddy,Park/Garden,2025,April,Summer,"Sri Rama Navami, Ambedkar Jayanti",16454,16454
Botanical Gardens,Ranga Reddy,Park/Garden,2025,May,Summer,May Day,30261,30261
Botanical Gardens,Ranga Reddy,Park/Garden,2025,June,Monsoon,"Bakrid/Eid-ul-Adha, Telangana Formation Day",13948,13948
Botanical Gardens,Ranga Reddy,Park/Garden,2025,July,Monsoon,Bonalu,13938,13938
Botanical Gardens,Ranga Reddy,Park/Garden,2025,August,Monsoon,"Krishna Ashtami, Vinayaka Chavithi, Independence Day",14058,14058
Botanical Gardens,Ranga Reddy,Park/Garden,2025,September,Monsoon,Bathukamma (Engili Pula to Saddula),13922,13922
Botanical Gardens,Ranga Reddy,Park/Garden,2025,October,Post-Monsoon,"Vijaya Dasami/Dussehra, Diwali/Deepavali",21013,21013
Botanical Gardens,Ranga Reddy,Park/Garden,2025,November,Post-Monsoon,No Major Festival / Public Holiday,19784,19784
Botanical Gardens,Ranga Reddy,Park/Garden,2025,December,Winter,Christmas,29732,29732
British Residency,Hyderabad,Palace/Heritage,2024,January,Winter,"Bhogi, Sankranti/Pongal, New Year's Day, Republic Day",5955,5955
British Residency,Hyderabad,Palace/Heritage,2024,February,Winter,No Major Festival / Public Holiday,4531,4531
British Residency,Hyderabad,Palace/Heritage,2024,March,Summer,"Maha Shivaratri, Holi",3249,3249
British Residency,Hyderabad,Palace/Heritage,2024,April,Summer,"Ugadi, Sri Rama Navami, Eid-ul-Fitr, Ambedkar Jayanti",3307,3307
British Residency,Hyderabad,Palace/Heritage,2024,May,Summer,May Day,3789,3789
British Residency,Hyderabad,Palace/Heritage,2024,June,Monsoon,"Bakrid/Eid-ul-Adha, Telangana Formation Day",2490,2490
British Residency,Hyderabad,Palace/Heritage,2024,July,Monsoon,Bonalu,2591,2591
British Residency,Hyderabad,Palace/Heritage,2024,August,Monsoon,"Raksha Bandhan, Krishna Janmashtami, Independence Day",2618,2618
British Residency,Hyderabad,Palace/Heritage,2024,September,Monsoon,"Ganesh Chaturthi, Engili Pula Bathukamma (start)",2656,2656
British Residency,Hyderabad,Palace/Heritage,2024,October,Post-Monsoon,"Bathukamma (Saddula Bathukamma), Dussehra/Vijayadashami",5494,5494
British Residency,Hyderabad,Palace/Heritage,2024,November,Post-Monsoon,Diwali/Deepavali,4119,4119
British Residency,Hyderabad,Palace/Heritage,2024,December,Winter,Christmas,6389,6389
British Residency,Hyderabad,Palace/Heritage,2025,January,Winter,"Bhogi, Sankranti/Pongal, New Year's Day, Republic Day",6330,6330
British Residency,Hyderabad,Palace/Heritage,2025,February,Winter,Maha Shivaratri,4133,4133
British Residency,Hyderabad,Palace/Heritage,2025,March,Summer,"Holi, Ugadi, Eid-ul-Fitr",3317,3317
British Residency,Hyderabad,Palace/Heritage,2025,April,Summer,"Sri Rama Navami, Ambedkar Jayanti",3167,3167
British Residency,Hyderabad,Palace/Heritage,2025,May,Summer,May Day,3900,3900
British Residency,Hyderabad,Palace/Heritage,2025,June,Monsoon,"Bakrid/Eid-ul-Adha, Telangana Formation Day",2778,2778
British Residency,Hyderabad,Palace/Heritage,2025,July,Monsoon,Bonalu,2512,2512
British Residency,Hyderabad,Palace/Heritage,2025,August,Monsoon,"Krishna Ashtami, Vinayaka Chavithi, Independence Day",2624,2624
British Residency,Hyderabad,Palace/Heritage,2025,September,Monsoon,Bathukamma (Engili Pula to Saddula),2662,2662
British Residency,Hyderabad,Palace/Heritage,2025,October,Post-Monsoon,"Vijaya Dasami/Dussehra, Diwali/Deepavali",5771,5771
British Residency,Hyderabad,Palace/Heritage,2025,November,Post-Monsoon,No Major Festival / Public Holiday,4053,4053
British Residency,Hyderabad,Palace/Heritage,2025,December,Winter,Christmas,5764,5764
Buddha Statue,Hyderabad,Monument/Tomb,2024,January,Winter,"Bhogi, Sankranti/Pongal, New Year's Day, Republic Day",1680,1680
Buddha Statue,Hyderabad,Monument/Tomb,2024,February,Winter,No Major Festival / Public Holiday,1190,1190
Buddha Statue,Hyderabad,Monument/Tomb,2024,March,Summer,"Maha Shivaratri, Holi",965,965
Buddha Statue,Hyderabad,Monument/Tomb,2024,April,Summer,"Ugadi, Sri Rama Navami, Eid-ul-Fitr, Ambedkar Jayanti",973,973
Buddha Statue,Hyderabad,Monument/Tomb,2024,May,Summer,May Day,1085,1085
Buddha Statue,Hyderabad,Monument/Tomb,2024,June,Monsoon,"Bakrid/Eid-ul-Adha, Telangana Formation Day",789,789
Buddha Statue,Hyderabad,Monument/Tomb,2024,July,Monsoon,Bonalu,709,709
Buddha Statue,Hyderabad,Monument/Tomb,2024,August,Monsoon,"Raksha Bandhan, Krishna Janmashtami, Independence Day",753,753
Buddha Statue,Hyderabad,Monument/Tomb,2024,September,Monsoon,"Ganesh Chaturthi, Engili Pula Bathukamma (start)",768,768
Buddha Statue,Hyderabad,Monument/Tomb,2024,October,Post-Monsoon,"Bathukamma (Saddula Bathukamma), Dussehra/Vijayadashami",1681,1681
Buddha Statue,Hyderabad,Monument/Tomb,2024,November,Post-Monsoon,Diwali/Deepavali,1179,1179
Buddha Statue,Hyderabad,Monument/Tomb,2024,December,Winter,Christmas,1813,1813
Buddha Statue,Hyderabad,Monument/Tomb,2025,January,Winter,"Bhogi, Sankranti/Pongal, New Year's Day, Republic Day",1716,1716
Buddha Statue,Hyderabad,Monument/Tomb,2025,February,Winter,Maha Shivaratri,1297,1297
Buddha Statue,Hyderabad,Monument/Tomb,2025,March,Summer,"Holi, Ugadi, Eid-ul-Fitr",902,902
Buddha Statue,Hyderabad,Monument/Tomb,2025,April,Summer,"Sri Rama Navami, Ambedkar Jayanti",995,995
Buddha Statue,Hyderabad,Monument/Tomb,2025,May,Summer,May Day,1156,1156
Buddha Statue,Hyderabad,Monument/Tomb,2025,June,Monsoon,"Bakrid/Eid-ul-Adha, Telangana Formation Day",778,778
Buddha Statue,Hyderabad,Monument/Tomb,2025,July,Monsoon,Bonalu,745,745
Buddha Statue,Hyderabad,Monument/Tomb,2025,August,Monsoon,"Krishna Ashtami, Vinayaka Chavithi, Independence Day",762,762
Buddha Statue,Hyderabad,Monument/Tomb,2025,September,Monsoon,Bathukamma (Engili Pula to Saddula),752,752
Buddha Statue,Hyderabad,Monument/Tomb,2025,October,Post-Monsoon,"Vijaya Dasami/Dussehra, Diwali/Deepavali",1654,1654
Buddha Statue,Hyderabad,Monument/Tomb,2025,November,Post-Monsoon,No Major Festival / Public Holiday,1092,1092
Buddha Statue,Hyderabad,Monument/Tomb,2025,December,Winter,Christmas,1657,1657
Bugga Rameshwara Temple,Nizamabad,Temple,2024,January,Winter,"Bhogi, Sankranti/Pongal, New Year's Day, Republic Day",15962,15962
Bugga Rameshwara Temple,Nizamabad,Temple,2024,February,Winter,No Major Festival / Public Holiday,10330,10330
Bugga Rameshwara Temple,Nizamabad,Temple,2024,March,Summer,"Maha Shivaratri, Holi",24099,24099
Bugga Rameshwara Temple,Nizamabad,Temple,2024,April,Summer,"Ugadi, Sri Rama Navami, Eid-ul-Fitr, Ambedkar Jayanti",7543,7543
Bugga Rameshwara Temple,Nizamabad,Temple,2024,May,Summer,May Day,6651,6651
Bugga Rameshwara Temple,Nizamabad,Temple,2024,June,Monsoon,"Bakrid/Eid-ul-Adha, Telangana Formation Day",4597,4597
Bugga Rameshwara Temple,Nizamabad,Temple,2024,July,Monsoon,Bonalu,4268,4268
Bugga Rameshwara Temple,Nizamabad,Temple,2024,August,Monsoon,"Raksha Bandhan, Krishna Janmashtami, Independence Day",4246,4246
Bugga Rameshwara Temple,Nizamabad,Temple,2024,September,Monsoon,"Ganesh Chaturthi, Engili Pula Bathukamma (start)",4369,4369
Bugga Rameshwara Temple,Nizamabad,Temple,2024,October,Post-Monsoon,"Bathukamma (Saddula Bathukamma), Dussehra/Vijayadashami",17172,17172
Bugga Rameshwara Temple,Nizamabad,Temple,2024,November,Post-Monsoon,Diwali/Deepavali,7204,7204
Bugga Rameshwara Temple,Nizamabad,Temple,2024,December,Winter,Christmas,7704,7704
Bugga Rameshwara Temple,Nizamabad,Temple,2025,January,Winter,"Bhogi, Sankranti/Pongal, New Year's Day, Republic Day",16980,16980
Bugga Rameshwara Temple,Nizamabad,Temple,2025,February,Winter,Maha Shivaratri,29731,29731
Bugga Rameshwara Temple,Nizamabad,Temple,2025,March,Summer,"Holi, Ugadi, Eid-ul-Fitr",7273,7273
Bugga Rameshwara Temple,Nizamabad,Temple,2025,April,Summer,"Sri Rama Navami, Ambedkar Jayanti",5611,5611
Bugga Rameshwara Temple,Nizamabad,Temple,2025,May,Summer,May Day,7303,7303
Bugga Rameshwara Temple,Nizamabad,Temple,2025,June,Monsoon,"Bakrid/Eid-ul-Adha, Telangana Formation Day",4251,4251
Bugga Rameshwara Temple,Nizamabad,Temple,2025,July,Monsoon,Bonalu,4698,4698
Bugga Rameshwara Temple,Nizamabad,Temple,2025,August,Monsoon,"Krishna Ashtami, Vinayaka Chavithi, Independence Day",4542,4542
Bugga Rameshwara Temple,Nizamabad,Temple,2025,September,Monsoon,Bathukamma (Engili Pula to Saddula),4466,4466
Bugga Rameshwara Temple,Nizamabad,Temple,2025,October,Post-Monsoon,"Vijaya Dasami/Dussehra, Diwali/Deepavali",17716,17716
Bugga Rameshwara Temple,Nizamabad,Temple,2025,November,Post-Monsoon,No Major Festival / Public Holiday,8955,8955
Bugga Rameshwara Temple,Nizamabad,Temple,2025,December,Winter,Christmas,7836,7836
Bugga Rameshwaram Temple - Anantagiri Hills,Vikarabad,Temple,2024,January,Winter,"Bhogi, Sankranti/Pongal, New Year's Day, Republic Day",66107,66107
Bugga Rameshwaram Temple - Anantagiri Hills,Vikarabad,Temple,2024,February,Winter,No Major Festival / Public Holiday,39345,39345
Bugga Rameshwaram Temple - Anantagiri Hills,Vikarabad,Temple,2024,March,Summer,"Maha Shivaratri, Holi",100373,100373
Bugga Rameshwaram Temple - Anantagiri Hills,Vikarabad,Temple,2024,April,Summer,"Ugadi, Sri Rama Navami, Eid-ul-Fitr, Ambedkar Jayanti",29693,29693
Bugga Rameshwaram Temple - Anantagiri Hills,Vikarabad,Temple,2024,May,Summer,May Day,29972,29972
Bugga Rameshwaram Temple - Anantagiri Hills,Vikarabad,Temple,2024,June,Monsoon,"Bakrid/Eid-ul-Adha, Telangana Formation Day",18732,18732
Bugga Rameshwaram Temple - Anantagiri Hills,Vikarabad,Temple,2024,July,Monsoon,Bonalu,18181,18181
Bugga Rameshwaram Temple - Anantagiri Hills,Vikarabad,Temple,2024,August,Monsoon,"Raksha Bandhan, Krishna Janmashtami, Independence Day",19584,19584
Bugga Rameshwaram Temple - Anantagiri Hills,Vikarabad,Temple,2024,September,Monsoon,"Ganesh Chaturthi, Engili Pula Bathukamma (start)",18626,18626
Bugga Rameshwaram Temple - Anantagiri Hills,Vikarabad,Temple,2024,October,Post-Monsoon,"Bathukamma (Saddula Bathukamma), Dussehra/Vijayadashami",72002,72002
Bugga Rameshwaram Temple - Anantagiri Hills,Vikarabad,Temple,2024,November,Post-Monsoon,Diwali/Deepavali,28264,28264
Bugga Rameshwaram Temple - Anantagiri Hills,Vikarabad,Temple,2024,December,Winter,Christmas,31598,31598
Bugga Rameshwaram Temple - Anantagiri Hills,Vikarabad,Temple,2025,January,Winter,"Bhogi, Sankranti/Pongal, New Year's Day, Republic Day",65974,65974
Bugga Rameshwaram Temple - Anantagiri Hills,Vikarabad,Temple,2025,February,Winter,Maha Shivaratri,123366,123366
Bugga Rameshwaram Temple - Anantagiri Hills,Vikarabad,Temple,2025,March,Summer,"Holi, Ugadi, Eid-ul-Fitr",32614,32614
Bugga Rameshwaram Temple - Anantagiri Hills,Vikarabad,Temple,2025,April,Summer,"Sri Rama Navami, Ambedkar Jayanti",23060,23060
Bugga Rameshwaram Temple - Anantagiri Hills,Vikarabad,Temple,2025,May,Summer,May Day,29290,29290
Bugga Rameshwaram Temple - Anantagiri Hills,Vikarabad,Temple,2025,June,Monsoon,"Bakrid/Eid-ul-Adha, Telangana Formation Day",18356,18356
Bugga Rameshwaram Temple - Anantagiri Hills,Vikarabad,Temple,2025,July,Monsoon,Bonalu,19365,19365
Bugga Rameshwaram Temple - Anantagiri Hills,Vikarabad,Temple,2025,August,Monsoon,"Krishna Ashtami, Vinayaka Chavithi, Independence Day",17919,17919
Bugga Rameshwaram Temple - Anantagiri Hills,Vikarabad,Temple,2025,September,Monsoon,Bathukamma (Engili Pula to Saddula),19807,19807
Bugga Rameshwaram Temple - Anantagiri Hills,Vikarabad,Temple,2025,October,Post-Monsoon,"Vijaya Dasami/Dussehra, Diwali/Deepavali",71476,71476
Bugga Rameshwaram Temple - Anantagiri Hills,Vikarabad,Temple,2025,November,Post-Monsoon,No Major Festival / Public Holiday,36191,36191
Bugga Rameshwaram Temple - Anantagiri Hills,Vikarabad,Temple,2025,December,Winter,Christmas,29650,29650
Chandra Sagar,Nagarkurnool,Lake/Reservoir,2024,January,Winter,"Bhogi, Sankranti/Pongal, New Year's Day, Republic Day",764,764
Chandra Sagar,Nagarkurnool,Lake/Reservoir,2024,February,Winter,No Major Festival / Public Holiday,747,747
Chandra Sagar,Nagarkurnool,Lake/Reservoir,2024,March,Summer,"Maha Shivaratri, Holi",593,593
Chandra Sagar,Nagarkurnool,Lake/Reservoir,2024,April,Summer,"Ugadi, Sri Rama Navami, Eid-ul-Fitr, Ambedkar Jayanti",590,590
Chandra Sagar,Nagarkurnool,Lake/Reservoir,2024,May,Summer,May Day,697,697
Chandra Sagar,Nagarkurnool,Lake/Reservoir,2024,June,Monsoon,"Bakrid/Eid-ul-Adha, Telangana Formation Day",469,469
Chandra Sagar,Nagarkurnool,Lake/Reservoir,2024,July,Monsoon,Bonalu,434,434
Chandra Sagar,Nagarkurnool,Lake/Reservoir,2024,August,Monsoon,"Raksha Bandhan, Krishna Janmashtami, Independence Day",429,429
Chandra Sagar,Nagarkurnool,Lake/Reservoir,2024,September,Monsoon,"Ganesh Chaturthi, Engili Pula Bathukamma (start)",437,437
Chandra Sagar,Nagarkurnool,Lake/Reservoir,2024,October,Post-Monsoon,"Bathukamma (Saddula Bathukamma), Dussehra/Vijayadashami",653,653
Chandra Sagar,Nagarkurnool,Lake/Reservoir,2024,November,Post-Monsoon,Diwali/Deepavali,692,692
Chandra Sagar,Nagarkurnool,Lake/Reservoir,2024,December,Winter,Christmas,789,789
Chandra Sagar,Nagarkurnool,Lake/Reservoir,2025,January,Winter,"Bhogi, Sankranti/Pongal, New Year's Day, Republic Day",708,708
Chandra Sagar,Nagarkurnool,Lake/Reservoir,2025,February,Winter,Maha Shivaratri,715,715
Chandra Sagar,Nagarkurnool,Lake/Reservoir,2025,March,Summer,"Holi, Ugadi, Eid-ul-Fitr",566,566
Chandra Sagar,Nagarkurnool,Lake/Reservoir,2025,April,Summer,"Sri Rama Navami, Ambedkar Jayanti",599,599
Chandra Sagar,Nagarkurnool,Lake/Reservoir,2025,May,Summer,May Day,674,674
Chandra Sagar,Nagarkurnool,Lake/Reservoir,2025,June,Monsoon,"Bakrid/Eid-ul-Adha, Telangana Formation Day",450,450
Chandra Sagar,Nagarkurnool,Lake/Reservoir,2025,July,Monsoon,Bonalu,425,425
Chandra Sagar,Nagarkurnool,Lake/Reservoir,2025,August,Monsoon,"Krishna Ashtami, Vinayaka Chavithi, Independence Day",431,431
Chandra Sagar,Nagarkurnool,Lake/Reservoir,2025,September,Monsoon,Bathukamma (Engili Pula to Saddula),476,476
Chandra Sagar,Nagarkurnool,Lake/Reservoir,2025,October,Post-Monsoon,"Vijaya Dasami/Dussehra, Diwali/Deepavali",728,728
Chandra Sagar,Nagarkurnool,Lake/Reservoir,2025,November,Post-Monsoon,No Major Festival / Public Holiday,649,649
Chandra Sagar,Nagarkurnool,Lake/Reservoir,2025,December,Winter,Christmas,790,790
Charminar,Hyderabad,Other/Cultural Site,2024,January,Winter,"Bhogi, Sankranti/Pongal, New Year's Day, Republic Day",145253,145253
Charminar,Hyderabad,Other/Cultural Site,2024,February,Winter,No Major Festival / Public Holiday,130799,130799
Charminar,Hyderabad,Other/Cultural Site,2024,March,Summer,"Maha Shivaratri, Holi",106664,106664
Charminar,Hyderabad,Other/Cultural Site,2024,April,Summer,"Ugadi, Sri Rama Navami, Eid-ul-Fitr, Ambedkar Jayanti",103794,103794
Charminar,Hyderabad,Other/Cultural Site,2024,May,Summer,May Day,132088,132088
Charminar,Hyderabad,Other/Cultural Site,2024,June,Monsoon,"Bakrid/Eid-ul-Adha, Telangana Formation Day",79303,79303
Charminar,Hyderabad,Other/Cultural Site,2024,July,Monsoon,Bonalu,84406,84406
Charminar,Hyderabad,Other/Cultural Site,2024,August,Monsoon,"Raksha Bandhan, Krishna Janmashtami, Independence Day",85847,85847
Charminar,Hyderabad,Other/Cultural Site,2024,September,Monsoon,"Ganesh Chaturthi, Engili Pula Bathukamma (start)",86901,86901
Charminar,Hyderabad,Other/Cultural Site,2024,October,Post-Monsoon,"Bathukamma (Saddula Bathukamma), Dussehra/Vijayadashami",129281,129281
Charminar,Hyderabad,Other/Cultural Site,2024,November,Post-Monsoon,Diwali/Deepavali,126457,126457
Charminar,Hyderabad,Other/Cultural Site,2024,December,Winter,Christmas,139444,139444
Charminar,Hyderabad,Other/Cultural Site,2025,January,Winter,"Bhogi, Sankranti/Pongal, New Year's Day, Republic Day",143586,143586
Charminar,Hyderabad,Other/Cultural Site,2025,February,Winter,Maha Shivaratri,138665,138665
Charminar,Hyderabad,Other/Cultural Site,2025,March,Summer,"Holi, Ugadi, Eid-ul-Fitr",98611,98611
Charminar,Hyderabad,Other/Cultural Site,2025,April,Summer,"Sri Rama Navami, Ambedkar Jayanti",109904,109904
Charminar,Hyderabad,Other/Cultural Site,2025,May,Summer,May Day,129377,129377
Charminar,Hyderabad,Other/Cultural Site,2025,June,Monsoon,"Bakrid/Eid-ul-Adha, Telangana Formation Day",84247,84247
Charminar,Hyderabad,Other/Cultural Site,2025,July,Monsoon,Bonalu,79685,79685
Charminar,Hyderabad,Other/Cultural Site,2025,August,Monsoon,"Krishna Ashtami, Vinayaka Chavithi, Independence Day",84072,84072
Charminar,Hyderabad,Other/Cultural Site,2025,September,Monsoon,Bathukamma (Engili Pula to Saddula),81449,81449
Charminar,Hyderabad,Other/Cultural Site,2025,October,Post-Monsoon,"Vijaya Dasami/Dussehra, Diwali/Deepavali",128795,128795
Charminar,Hyderabad,Other/Cultural Site,2025,November,Post-Monsoon,No Major Festival / Public Holiday,120528,120528
Charminar,Hyderabad,Other/Cultural Site,2025,December,Winter,Christmas,140104,140104
Chaya Someshwara Temple,Nalgonda,Temple,2024,January,Winter,"Bhogi, Sankranti/Pongal, New Year's Day, Republic Day",17109,17109
Chaya Someshwara Temple,Nalgonda,Temple,2024,February,Winter,No Major Festival / Public Holiday,10056,10056
Chaya Someshwara Temple,Nalgonda,Temple,2024,March,Summer,"Maha Shivaratri, Holi",7674,7674
Chaya Someshwara Temple,Nalgonda,Temple,2024,April,Summer,"Ugadi, Sri Rama Navami, Eid-ul-Fitr, Ambedkar Jayanti",7352,7352
Chaya Someshwara Temple,Nalgonda,Temple,2024,May,Summer,May Day,7163,7163
Chaya Someshwara Temple,Nalgonda,Temple,2024,June,Monsoon,"Bakrid/Eid-ul-Adha, Telangana Formation Day",4294,4294
Chaya Someshwara Temple,Nalgonda,Temple,2024,July,Monsoon,Bonalu,4524,4524
Chaya Someshwara Temple,Nalgonda,Temple,2024,August,Monsoon,"Raksha Bandhan, Krishna Janmashtami, Independence Day",4233,4233
Chaya Someshwara Temple,Nalgonda,Temple,2024,September,Monsoon,"Ganesh Chaturthi, Engili Pula Bathukamma (start)",4405,4405
Chaya Someshwara Temple,Nalgonda,Temple,2024,October,Post-Monsoon,"Bathukamma (Saddula Bathukamma), Dussehra/Vijayadashami",16973,16973
Chaya Someshwara Temple,Nalgonda,Temple,2024,November,Post-Monsoon,Diwali/Deepavali,6814,6814
Chaya Someshwara Temple,Nalgonda,Temple,2024,December,Winter,Christmas,7675,7675
Chaya Someshwara Temple,Nalgonda,Temple,2025,January,Winter,"Bhogi, Sankranti/Pongal, New Year's Day, Republic Day",16279,16279
Chaya Someshwara Temple,Nalgonda,Temple,2025,February,Winter,Maha Shivaratri,7453,7453
Chaya Someshwara Temple,Nalgonda,Temple,2025,March,Summer,"Holi, Ugadi, Eid-ul-Fitr",7176,7176
Chaya Someshwara Temple,Nalgonda,Temple,2025,April,Summer,"Sri Rama Navami, Ambedkar Jayanti",5613,5613
Chaya Someshwara Temple,Nalgonda,Temple,2025,May,Summer,May Day,6674,6674
Chaya Someshwara Temple,Nalgonda,Temple,2025,June,Monsoon,"Bakrid/Eid-ul-Adha, Telangana Formation Day",4269,4269
Chaya Someshwara Temple,Nalgonda,Temple,2025,July,Monsoon,Bonalu,4555,4555
Chaya Someshwara Temple,Nalgonda,Temple,2025,August,Monsoon,"Krishna Ashtami, Vinayaka Chavithi, Independence Day",4590,4590
Chaya Someshwara Temple,Nalgonda,Temple,2025,September,Monsoon,Bathukamma (Engili Pula to Saddula),4564,4564
Chaya Someshwara Temple,Nalgonda,Temple,2025,October,Post-Monsoon,"Vijaya Dasami/Dussehra, Diwali/Deepavali",17174,17174
Chaya Someshwara Temple,Nalgonda,Temple,2025,November,Post-Monsoon,No Major Festival / Public Holiday,8840,8840
Chaya Someshwara Temple,Nalgonda,Temple,2025,December,Winter,Christmas,7827,7827
Chilukur Balaji Temple,Ranga Reddy,Temple,2024,January,Winter,"Bhogi, Sankranti/Pongal, New Year's Day, Republic Day",17401,17401
Chilukur Balaji Temple,Ranga Reddy,Temple,2024,February,Winter,No Major Festival / Public Holiday,9186,9186
Chilukur Balaji Temple,Ranga Reddy,Temple,2024,March,Summer,"Maha Shivaratri, Holi",7139,7139
Chilukur Balaji Temple,Ranga Reddy,Temple,2024,April,Summer,"Ugadi, Sri Rama Navami, Eid-ul-Fitr, Ambedkar Jayanti",6972,6972
Chilukur Balaji Temple,Ranga Reddy,Temple,2024,May,Summer,May Day,7022,7022
Chilukur Balaji Temple,Ranga Reddy,Temple,2024,June,Monsoon,"Bakrid/Eid-ul-Adha, Telangana Formation Day",4714,4714
Chilukur Balaji Temple,Ranga Reddy,Temple,2024,July,Monsoon,Bonalu,4361,4361
Chilukur Balaji Temple,Ranga Reddy,Temple,2024,August,Monsoon,"Raksha Bandhan, Krishna Janmashtami, Independence Day",4730,4730
Chilukur Balaji Temple,Ranga Reddy,Temple,2024,September,Monsoon,"Ganesh Chaturthi, Engili Pula Bathukamma (start)",4262,4262
Chilukur Balaji Temple,Ranga Reddy,Temple,2024,October,Post-Monsoon,"Bathukamma (Saddula Bathukamma), Dussehra/Vijayadashami",18149,18149
Chilukur Balaji Temple,Ranga Reddy,Temple,2024,November,Post-Monsoon,Diwali/Deepavali,6777,6777
Chilukur Balaji Temple,Ranga Reddy,Temple,2024,December,Winter,Christmas,7141,7141
Chilukur Balaji Temple,Ranga Reddy,Temple,2025,January,Winter,"Bhogi, Sankranti/Pongal, New Year's Day, Republic Day",16472,16472
Chilukur Balaji Temple,Ranga Reddy,Temple,2025,February,Winter,Maha Shivaratri,7281,7281
Chilukur Balaji Temple,Ranga Reddy,Temple,2025,March,Summer,"Holi, Ugadi, Eid-ul-Fitr",7218,7218
Chilukur Balaji Temple,Ranga Reddy,Temple,2025,April,Summer,"Sri Rama Navami, Ambedkar Jayanti",5568,5568
Chilukur Balaji Temple,Ranga Reddy,Temple,2025,May,Summer,May Day,7150,7150
Chilukur Balaji Temple,Ranga Reddy,Temple,2025,June,Monsoon,"Bakrid/Eid-ul-Adha, Telangana Formation Day",4521,4521
Chilukur Balaji Temple,Ranga Reddy,Temple,2025,July,Monsoon,Bonalu,4398,4398
Chilukur Balaji Temple,Ranga Reddy,Temple,2025,August,Monsoon,"Krishna Ashtami, Vinayaka Chavithi, Independence Day",4559,4559
Chilukur Balaji Temple,Ranga Reddy,Temple,2025,September,Monsoon,Bathukamma (Engili Pula to Saddula),4616,4616
Chilukur Balaji Temple,Ranga Reddy,Temple,2025,October,Post-Monsoon,"Vijaya Dasami/Dussehra, Diwali/Deepavali",16779,16779
Chilukur Balaji Temple,Ranga Reddy,Temple,2025,November,Post-Monsoon,No Major Festival / Public Holiday,8876,8876
Chilukur Balaji Temple,Ranga Reddy,Temple,2025,December,Winter,Christmas,7159,7159
Chincholi Wildlife Sanctuary,Vikarabad,Wildlife/National Park,2024,January,Winter,"Bhogi, Sankranti/Pongal, New Year's Day, Republic Day",5789,5789
Chincholi Wildlife Sanctuary,Vikarabad,Wildlife/National Park,2024,February,Winter,No Major Festival / Public Holiday,4444,4444
Chincholi Wildlife Sanctuary,Vikarabad,Wildlife/National Park,2024,March,Summer,"Maha Shivaratri, Holi",3505,3505
Chincholi Wildlife Sanctuary,Vikarabad,Wildlife/National Park,2024,April,Summer,"Ugadi, Sri Rama Navami, Eid-ul-Fitr, Ambedkar Jayanti",3365,3365
Chincholi Wildlife Sanctuary,Vikarabad,Wildlife/National Park,2024,May,Summer,May Day,5850,5850
Chincholi Wildlife Sanctuary,Vikarabad,Wildlife/National Park,2024,June,Monsoon,"Bakrid/Eid-ul-Adha, Telangana Formation Day",2746,2746
Chincholi Wildlife Sanctuary,Vikarabad,Wildlife/National Park,2024,July,Monsoon,Bonalu,2539,2539
Chincholi Wildlife Sanctuary,Vikarabad,Wildlife/National Park,2024,August,Monsoon,"Raksha Bandhan, Krishna Janmashtami, Independence Day",2534,2534
Chincholi Wildlife Sanctuary,Vikarabad,Wildlife/National Park,2024,September,Monsoon,"Ganesh Chaturthi, Engili Pula Bathukamma (start)",2659,2659
Chincholi Wildlife Sanctuary,Vikarabad,Wildlife/National Park,2024,October,Post-Monsoon,"Bathukamma (Saddula Bathukamma), Dussehra/Vijayadashami",3982,3982
Chincholi Wildlife Sanctuary,Vikarabad,Wildlife/National Park,2024,November,Post-Monsoon,Diwali/Deepavali,4189,4189
Chincholi Wildlife Sanctuary,Vikarabad,Wildlife/National Park,2024,December,Winter,Christmas,6419,6419
Chincholi Wildlife Sanctuary,Vikarabad,Wildlife/National Park,2025,January,Winter,"Bhogi, Sankranti/Pongal, New Year's Day, Republic Day",6017,6017
Chincholi Wildlife Sanctuary,Vikarabad,Wildlife/National Park,2025,February,Winter,Maha Shivaratri,4236,4236
Chincholi Wildlife Sanctuary,Vikarabad,Wildlife/National Park,2025,March,Summer,"Holi, Ugadi, Eid-ul-Fitr",3436,3436
Chincholi Wildlife Sanctuary,Vikarabad,Wildlife/National Park,2025,April,Summer,"Sri Rama Navami, Ambedkar Jayanti",3235,3235
Chincholi Wildlife Sanctuary,Vikarabad,Wildlife/National Park,2025,May,Summer,May Day,5853,5853
Chincholi Wildlife Sanctuary,Vikarabad,Wildlife/National Park,2025,June,Monsoon,"Bakrid/Eid-ul-Adha, Telangana Formation Day",2600,2600
Chincholi Wildlife Sanctuary,Vikarabad,Wildlife/National Park,2025,July,Monsoon,Bonalu,2677,2677
Chincholi Wildlife Sanctuary,Vikarabad,Wildlife/National Park,2025,August,Monsoon,"Krishna Ashtami, Vinayaka Chavithi, Independence Day",2497,2497
Chincholi Wildlife Sanctuary,Vikarabad,Wildlife/National Park,2025,September,Monsoon,Bathukamma (Engili Pula to Saddula),2664,2664
Chincholi Wildlife Sanctuary,Vikarabad,Wildlife/National Park,2025,October,Post-Monsoon,"Vijaya Dasami/Dussehra, Diwali/Deepavali",4001,4001
Chincholi Wildlife Sanctuary,Vikarabad,Wildlife/National Park,2025,November,Post-Monsoon,No Major Festival / Public Holiday,4066,4066
Chincholi Wildlife Sanctuary,Vikarabad,Wildlife/National Park,2025,December,Winter,Christmas,5880,5880
Chinna waddepalli lake,Warangal,Lake/Reservoir,2024,January,Winter,"Bhogi, Sankranti/Pongal, New Year's Day, Republic Day",793,793
Chinna waddepalli lake,Warangal,Lake/Reservoir,2024,February,Winter,No Major Festival / Public Holiday,717,717
Chinna waddepalli lake,Warangal,Lake/Reservoir,2024,March,Summer,"Maha Shivaratri, Holi",583,583
Chinna waddepalli lake,Warangal,Lake/Reservoir,2024,April,Summer,"Ugadi, Sri Rama Navami, Eid-ul-Fitr, Ambedkar Jayanti",563,563
Chinna waddepalli lake,Warangal,Lake/Reservoir,2024,May,Summer,May Day,684,684
Chinna waddepalli lake,Warangal,Lake/Reservoir,2024,June,Monsoon,"Bakrid/Eid-ul-Adha, Telangana Formation Day",461,461
Chinna waddepalli lake,Warangal,Lake/Reservoir,2024,July,Monsoon,Bonalu,460,460
Chinna waddepalli lake,Warangal,Lake/Reservoir,2024,August,Monsoon,"Raksha Bandhan, Krishna Janmashtami, Independence Day",476,476
Chinna waddepalli lake,Warangal,Lake/Reservoir,2024,September,Monsoon,"Ganesh Chaturthi, Engili Pula Bathukamma (start)",429,429
Chinna waddepalli lake,Warangal,Lake/Reservoir,2024,October,Post-Monsoon,"Bathukamma (Saddula Bathukamma), Dussehra/Vijayadashami",657,657
Chinna waddepalli lake,Warangal,Lake/Reservoir,2024,November,Post-Monsoon,Diwali/Deepavali,708,708
Chinna waddepalli lake,Warangal,Lake/Reservoir,2024,December,Winter,Christmas,757,757
Chinna waddepalli lake,Warangal,Lake/Reservoir,2025,January,Winter,"Bhogi, Sankranti/Pongal, New Year's Day, Republic Day",729,729
Chinna waddepalli lake,Warangal,Lake/Reservoir,2025,February,Winter,Maha Shivaratri,712,712
Chinna waddepalli lake,Warangal,Lake/Reservoir,2025,March,Summer,"Holi, Ugadi, Eid-ul-Fitr",541,541
Chinna waddepalli lake,Warangal,Lake/Reservoir,2025,April,Summer,"Sri Rama Navami, Ambedkar Jayanti",596,596
Chinna waddepalli lake,Warangal,Lake/Reservoir,2025,May,Summer,May Day,664,664
Chinna waddepalli lake,Warangal,Lake/Reservoir,2025,June,Monsoon,"Bakrid/Eid-ul-Adha, Telangana Formation Day",440,440
Chinna waddepalli lake,Warangal,Lake/Reservoir,2025,July,Monsoon,Bonalu,435,435
Chinna waddepalli lake,Warangal,Lake/Reservoir,2025,August,Monsoon,"Krishna Ashtami, Vinayaka Chavithi, Independence Day",442,442
Chinna waddepalli lake,Warangal,Lake/Reservoir,2025,September,Monsoon,Bathukamma (Engili Pula to Saddula),426,426
Chinna waddepalli lake,Warangal,Lake/Reservoir,2025,October,Post-Monsoon,"Vijaya Dasami/Dussehra, Diwali/Deepavali",691,691
Chinna waddepalli lake,Warangal,Lake/Reservoir,2025,November,Post-Monsoon,No Major Festival / Public Holiday,654,654
Chinna waddepalli lake,Warangal,Lake/Reservoir,2025,December,Winter,Christmas,777,777
Chowmahalla Palace,Hyderabad,Palace/Heritage,2024,January,Winter,"Bhogi, Sankranti/Pongal, New Year's Day, Republic Day",130701,130701
Chowmahalla Palace,Hyderabad,Palace/Heritage,2024,February,Winter,No Major Festival / Public Holiday,88801,88801
Chowmahalla Palace,Hyderabad,Palace/Heritage,2024,March,Summer,"Maha Shivaratri, Holi",71782,71782
Chowmahalla Palace,Hyderabad,Palace/Heritage,2024,April,Summer,"Ugadi, Sri Rama Navami, Eid-ul-Fitr, Ambedkar Jayanti",75162,75162
Chowmahalla Palace,Hyderabad,Palace/Heritage,2024,May,Summer,May Day,82889,82889
Chowmahalla Palace,Hyderabad,Palace/Heritage,2024,June,Monsoon,"Bakrid/Eid-ul-Adha, Telangana Formation Day",57532,57532
Chowmahalla Palace,Hyderabad,Palace/Heritage,2024,July,Monsoon,Bonalu,54231,54231
Chowmahalla Palace,Hyderabad,Palace/Heritage,2024,August,Monsoon,"Raksha Bandhan, Krishna Janmashtami, Independence Day",56491,56491
Chowmahalla Palace,Hyderabad,Palace/Heritage,2024,September,Monsoon,"Ganesh Chaturthi, Engili Pula Bathukamma (start)",53527,53527
Chowmahalla Palace,Hyderabad,Palace/Heritage,2024,October,Post-Monsoon,"Bathukamma (Saddula Bathukamma), Dussehra/Vijayadashami",120030,120030
Chowmahalla Palace,Hyderabad,Palace/Heritage,2024,November,Post-Monsoon,Diwali/Deepavali,88901,88901
Chowmahalla Palace,Hyderabad,Palace/Heritage,2024,December,Winter,Christmas,128849,128849
Chowmahalla Palace,Hyderabad,Palace/Heritage,2025,January,Winter,"Bhogi, Sankranti/Pongal, New Year's Day, Republic Day",133847,133847
Chowmahalla Palace,Hyderabad,Palace/Heritage,2025,February,Winter,Maha Shivaratri,97073,97073
Chowmahalla Palace,Hyderabad,Palace/Heritage,2025,March,Summer,"Holi, Ugadi, Eid-ul-Fitr",74902,74902
Chowmahalla Palace,Hyderabad,Palace/Heritage,2025,April,Summer,"Sri Rama Navami, Ambedkar Jayanti",68981,68981
Chowmahalla Palace,Hyderabad,Palace/Heritage,2025,May,Summer,May Day,85207,85207
Chowmahalla Palace,Hyderabad,Palace/Heritage,2025,June,Monsoon,"Bakrid/Eid-ul-Adha, Telangana Formation Day",53903,53903
Chowmahalla Palace,Hyderabad,Palace/Heritage,2025,July,Monsoon,Bonalu,59574,59574
Chowmahalla Palace,Hyderabad,Palace/Heritage,2025,August,Monsoon,"Krishna Ashtami, Vinayaka Chavithi, Independence Day",59132,59132
Chowmahalla Palace,Hyderabad,Palace/Heritage,2025,September,Monsoon,Bathukamma (Engili Pula to Saddula),56519,56519
Chowmahalla Palace,Hyderabad,Palace/Heritage,2025,October,Post-Monsoon,"Vijaya Dasami/Dussehra, Diwali/Deepavali",125706,125706
Chowmahalla Palace,Hyderabad,Palace/Heritage,2025,November,Post-Monsoon,No Major Festival / Public Holiday,86466,86466
Chowmahalla Palace,Hyderabad,Palace/Heritage,2025,December,Winter,Christmas,133196,133196
Clock Tower,Hyderabad,Monument/Tomb,2024,January,Winter,"Bhogi, Sankranti/Pongal, New Year's Day, Republic Day",1056,1056
Clock Tower,Hyderabad,Monument/Tomb,2024,February,Winter,No Major Festival / Public Holiday,732,732
Clock Tower,Hyderabad,Monument/Tomb,2024,March,Summer,"Maha Shivaratri, Holi",562,562
Clock Tower,Hyderabad,Monument/Tomb,2024,April,Summer,"Ugadi, Sri Rama Navami, Eid-ul-Fitr, Ambedkar Jayanti",566,566
Clock Tower,Hyderabad,Monument/Tomb,2024,May,Summer,May Day,698,698
Clock Tower,Hyderabad,Monument/Tomb,2024,June,Monsoon,"Bakrid/Eid-ul-Adha, Telangana Formation Day",450,450
Clock Tower,Hyderabad,Monument/Tomb,2024,July,Monsoon,Bonalu,472,472
Clock Tower,Hyderabad,Monument/Tomb,2024,August,Monsoon,"Raksha Bandhan, Krishna Janmashtami, Independence Day",449,449
Clock Tower,Hyderabad,Monument/Tomb,2024,September,Monsoon,"Ganesh Chaturthi, Engili Pula Bathukamma (start)",476,476
Clock Tower,Hyderabad,Monument/Tomb,2024,October,Post-Monsoon,"Bathukamma (Saddula Bathukamma), Dussehra/Vijayadashami",1006,1006
Clock Tower,Hyderabad,Monument/Tomb,2024,November,Post-Monsoon,Diwali/Deepavali,665,665
Clock Tower,Hyderabad,Monument/Tomb,2024,December,Winter,Christmas,1104,1104
Clock Tower,Hyderabad,Monument/Tomb,2025,January,Winter,"Bhogi, Sankranti/Pongal, New Year's Day, Republic Day",1001,1001
Clock Tower,Hyderabad,Monument/Tomb,2025,February,Winter,Maha Shivaratri,778,778
Clock Tower,Hyderabad,Monument/Tomb,2025,March,Summer,"Holi, Ugadi, Eid-ul-Fitr",561,561
Clock Tower,Hyderabad,Monument/Tomb,2025,April,Summer,"Sri Rama Navami, Ambedkar Jayanti",595,595
Clock Tower,Hyderabad,Monument/Tomb,2025,May,Summer,May Day,720,720
Clock Tower,Hyderabad,Monument/Tomb,2025,June,Monsoon,"Bakrid/Eid-ul-Adha, Telangana Formation Day",466,466
Clock Tower,Hyderabad,Monument/Tomb,2025,July,Monsoon,Bonalu,465,465
Clock Tower,Hyderabad,Monument/Tomb,2025,August,Monsoon,"Krishna Ashtami, Vinayaka Chavithi, Independence Day",439,439
Clock Tower,Hyderabad,Monument/Tomb,2025,September,Monsoon,Bathukamma (Engili Pula to Saddula),427,427
Clock Tower,Hyderabad,Monument/Tomb,2025,October,Post-Monsoon,"Vijaya Dasami/Dussehra, Diwali/Deepavali",954,954
Clock Tower,Hyderabad,Monument/Tomb,2025,November,Post-Monsoon,No Major Festival / Public Holiday,662,662
Clock Tower,Hyderabad,Monument/Tomb,2025,December,Winter,Christmas,1074,1074
Dabeerpura Darwaza,Hyderabad,Fort,2024,January,Winter,"Bhogi, Sankranti/Pongal, New Year's Day, Republic Day",432,432
Dabeerpura Darwaza,Hyderabad,Fort,2024,February,Winter,No Major Festival / Public Holiday,299,299
Dabeerpura Darwaza,Hyderabad,Fort,2024,March,Summer,"Maha Shivaratri, Holi",233,233
Dabeerpura Darwaza,Hyderabad,Fort,2024,April,Summer,"Ugadi, Sri Rama Navami, Eid-ul-Fitr, Ambedkar Jayanti",225,225
Dabeerpura Darwaza,Hyderabad,Fort,2024,May,Summer,May Day,271,271
Dabeerpura Darwaza,Hyderabad,Fort,2024,June,Monsoon,"Bakrid/Eid-ul-Adha, Telangana Formation Day",179,179
Dabeerpura Darwaza,Hyderabad,Fort,2024,July,Monsoon,Bonalu,197,197
Dabeerpura Darwaza,Hyderabad,Fort,2024,August,Monsoon,"Raksha Bandhan, Krishna Janmashtami, Independence Day",188,188
Dabeerpura Darwaza,Hyderabad,Fort,2024,September,Monsoon,"Ganesh Chaturthi, Engili Pula Bathukamma (start)",197,197
Dabeerpura Darwaza,Hyderabad,Fort,2024,October,Post-Monsoon,"Bathukamma (Saddula Bathukamma), Dussehra/Vijayadashami",399,399
Dabeerpura Darwaza,Hyderabad,Fort,2024,November,Post-Monsoon,Diwali/Deepavali,281,281
Dabeerpura Darwaza,Hyderabad,Fort,2024,December,Winter,Christmas,437,437
Dabeerpura Darwaza,Hyderabad,Fort,2025,January,Winter,"Bhogi, Sankranti/Pongal, New Year's Day, Republic Day",434,434
Dabeerpura Darwaza,Hyderabad,Fort,2025,February,Winter,Maha Shivaratri,297,297
Dabeerpura Darwaza,Hyderabad,Fort,2025,March,Summer,"Holi, Ugadi, Eid-ul-Fitr",241,241
Dabeerpura Darwaza,Hyderabad,Fort,2025,April,Summer,"Sri Rama Navami, Ambedkar Jayanti",229,229
Dabeerpura Darwaza,Hyderabad,Fort,2025,May,Summer,May Day,291,291
Dabeerpura Darwaza,Hyderabad,Fort,2025,June,Monsoon,"Bakrid/Eid-ul-Adha, Telangana Formation Day",190,190
Dabeerpura Darwaza,Hyderabad,Fort,2025,July,Monsoon,Bonalu,179,179
Dabeerpura Darwaza,Hyderabad,Fort,2025,August,Monsoon,"Krishna Ashtami, Vinayaka Chavithi, Independence Day",177,177
Dabeerpura Darwaza,Hyderabad,Fort,2025,September,Monsoon,Bathukamma (Engili Pula to Saddula),193,193
Dabeerpura Darwaza,Hyderabad,Fort,2025,October,Post-Monsoon,"Vijaya Dasami/Dussehra, Diwali/Deepavali",400,400
Dabeerpura Darwaza,Hyderabad,Fort,2025,November,Post-Monsoon,No Major Festival / Public Holiday,272,272
Dabeerpura Darwaza,Hyderabad,Fort,2025,December,Winter,Christmas,463,463
Devarakonda Fort,Nalgonda,Fort,2024,January,Winter,"Bhogi, Sankranti/Pongal, New Year's Day, Republic Day",9079,9079
Devarakonda Fort,Nalgonda,Fort,2024,February,Winter,No Major Festival / Public Holiday,6336,6336
Devarakonda Fort,Nalgonda,Fort,2024,March,Summer,"Maha Shivaratri, Holi",4639,4639
Devarakonda Fort,Nalgonda,Fort,2024,April,Summer,"Ugadi, Sri Rama Navami, Eid-ul-Fitr, Ambedkar Jayanti",4820,4820
Devarakonda Fort,Nalgonda,Fort,2024,May,Summer,May Day,5768,5768
Devarakonda Fort,Nalgonda,Fort,2024,June,Monsoon,"Bakrid/Eid-ul-Adha, Telangana Formation Day",3716,3716
Devarakonda Fort,Nalgonda,Fort,2024,July,Monsoon,Bonalu,3583,3583
Devarakonda Fort,Nalgonda,Fort,2024,August,Monsoon,"Raksha Bandhan, Krishna Janmashtami, Independence Day",3923,3923
Devarakonda Fort,Nalgonda,Fort,2024,September,Monsoon,"Ganesh Chaturthi, Engili Pula Bathukamma (start)",3727,3727
Devarakonda Fort,Nalgonda,Fort,2024,October,Post-Monsoon,"Bathukamma (Saddula Bathukamma), Dussehra/Vijayadashami",7755,7755
Devarakonda Fort,Nalgonda,Fort,2024,November,Post-Monsoon,Diwali/Deepavali,5658,5658
Devarakonda Fort,Nalgonda,Fort,2024,December,Winter,Christmas,8659,8659
Devarakonda Fort,Nalgonda,Fort,2025,January,Winter,"Bhogi, Sankranti/Pongal, New Year's Day, Republic Day",9093,9093
Devarakonda Fort,Nalgonda,Fort,2025,February,Winter,Maha Shivaratri,6425,6425
Devarakonda Fort,Nalgonda,Fort,2025,March,Summer,"Holi, Ugadi, Eid-ul-Fitr",4903,4903
Devarakonda Fort,Nalgonda,Fort,2025,April,Summer,"Sri Rama Navami, Ambedkar Jayanti",4471,4471
Devarakonda Fort,Nalgonda,Fort,2025,May,Summer,May Day,5692,5692
Devarakonda Fort,Nalgonda,Fort,2025,June,Monsoon,"Bakrid/Eid-ul-Adha, Telangana Formation Day",3741,3741
Devarakonda Fort,Nalgonda,Fort,2025,July,Monsoon,Bonalu,3533,3533
Devarakonda Fort,Nalgonda,Fort,2025,August,Monsoon,"Krishna Ashtami, Vinayaka Chavithi, Independence Day",3641,3641
Devarakonda Fort,Nalgonda,Fort,2025,September,Monsoon,Bathukamma (Engili Pula to Saddula),3867,3867
Devarakonda Fort,Nalgonda,Fort,2025,October,Post-Monsoon,"Vijaya Dasami/Dussehra, Diwali/Deepavali",7699,7699
Devarakonda Fort,Nalgonda,Fort,2025,November,Post-Monsoon,No Major Festival / Public Holiday,5774,5774
Devarakonda Fort,Nalgonda,Fort,2025,December,Winter,Christmas,8450,8450
Devatala Gutta,Ranga Reddy,Cave/Hill/Viewpoint,2024,January,Winter,"Bhogi, Sankranti/Pongal, New Year's Day, Republic Day",958,958
Devatala Gutta,Ranga Reddy,Cave/Hill/Viewpoint,2024,February,Winter,No Major Festival / Public Holiday,978,978
Devatala Gutta,Ranga Reddy,Cave/Hill/Viewpoint,2024,March,Summer,"Maha Shivaratri, Holi",781,781
Devatala Gutta,Ranga Reddy,Cave/Hill/Viewpoint,2024,April,Summer,"Ugadi, Sri Rama Navami, Eid-ul-Fitr, Ambedkar Jayanti",757,757
Devatala Gutta,Ranga Reddy,Cave/Hill/Viewpoint,2024,May,Summer,May Day,906,906
Devatala Gutta,Ranga Reddy,Cave/Hill/Viewpoint,2024,June,Monsoon,"Bakrid/Eid-ul-Adha, Telangana Formation Day",592,592
Devatala Gutta,Ranga Reddy,Cave/Hill/Viewpoint,2024,July,Monsoon,Bonalu,597,597
Devatala Gutta,Ranga Reddy,Cave/Hill/Viewpoint,2024,August,Monsoon,"Raksha Bandhan, Krishna Janmashtami, Independence Day",620,620
Devatala Gutta,Ranga Reddy,Cave/Hill/Viewpoint,2024,September,Monsoon,"Ganesh Chaturthi, Engili Pula Bathukamma (start)",628,628
Devatala Gutta,Ranga Reddy,Cave/Hill/Viewpoint,2024,October,Post-Monsoon,"Bathukamma (Saddula Bathukamma), Dussehra/Vijayadashami",970,970
Devatala Gutta,Ranga Reddy,Cave/Hill/Viewpoint,2024,November,Post-Monsoon,Diwali/Deepavali,951,951
Devatala Gutta,Ranga Reddy,Cave/Hill/Viewpoint,2024,December,Winter,Christmas,977,977
Devatala Gutta,Ranga Reddy,Cave/Hill/Viewpoint,2025,January,Winter,"Bhogi, Sankranti/Pongal, New Year's Day, Republic Day",1022,1022
Devatala Gutta,Ranga Reddy,Cave/Hill/Viewpoint,2025,February,Winter,Maha Shivaratri,992,992
Devatala Gutta,Ranga Reddy,Cave/Hill/Viewpoint,2025,March,Summer,"Holi, Ugadi, Eid-ul-Fitr",737,737
Devatala Gutta,Ranga Reddy,Cave/Hill/Viewpoint,2025,April,Summer,"Sri Rama Navami, Ambedkar Jayanti",791,791
Devatala Gutta,Ranga Reddy,Cave/Hill/Viewpoint,2025,May,Summer,May Day,869,869
Devatala Gutta,Ranga Reddy,Cave/Hill/Viewpoint,2025,June,Monsoon,"Bakrid/Eid-ul-Adha, Telangana Formation Day",628,628
Devatala Gutta,Ranga Reddy,Cave/Hill/Viewpoint,2025,July,Monsoon,Bonalu,597,597
Devatala Gutta,Ranga Reddy,Cave/Hill/Viewpoint,2025,August,Monsoon,"Krishna Ashtami, Vinayaka Chavithi, Independence Day",609,609
Devatala Gutta,Ranga Reddy,Cave/Hill/Viewpoint,2025,September,Monsoon,Bathukamma (Engili Pula to Saddula),611,611
Devatala Gutta,Ranga Reddy,Cave/Hill/Viewpoint,2025,October,Post-Monsoon,"Vijaya Dasami/Dussehra, Diwali/Deepavali",963,963
Devatala Gutta,Ranga Reddy,Cave/Hill/Viewpoint,2025,November,Post-Monsoon,No Major Festival / Public Holiday,935,935
Devatala Gutta,Ranga Reddy,Cave/Hill/Viewpoint,2025,December,Winter,Christmas,1013,1013
Dharmapuri Lakshmi Narasimha Swamy Temple,Jagtial,Temple,2024,January,Winter,"Bhogi, Sankranti/Pongal, New Year's Day, Republic Day",17403,17403
Dharmapuri Lakshmi Narasimha Swamy Temple,Jagtial,Temple,2024,February,Winter,No Major Festival / Public Holiday,10027,10027
Dharmapuri Lakshmi Narasimha Swamy Temple,Jagtial,Temple,2024,March,Summer,"Maha Shivaratri, Holi",7279,7279
Dharmapuri Lakshmi Narasimha Swamy Temple,Jagtial,Temple,2024,April,Summer,"Ugadi, Sri Rama Navami, Eid-ul-Fitr, Ambedkar Jayanti",7229,7229
Dharmapuri Lakshmi Narasimha Swamy Temple,Jagtial,Temple,2024,May,Summer,May Day,6775,6775
Dharmapuri Lakshmi Narasimha Swamy Temple,Jagtial,Temple,2024,June,Monsoon,"Bakrid/Eid-ul-Adha, Telangana Formation Day",4648,4648
Dharmapuri Lakshmi Narasimha Swamy Temple,Jagtial,Temple,2024,July,Monsoon,Bonalu,4587,4587
Dharmapuri Lakshmi Narasimha Swamy Temple,Jagtial,Temple,2024,August,Monsoon,"Raksha Bandhan, Krishna Janmashtami, Independence Day",4330,4330
Dharmapuri Lakshmi Narasimha Swamy Temple,Jagtial,Temple,2024,September,Monsoon,"Ganesh Chaturthi, Engili Pula Bathukamma (start)",4324,4324
Dharmapuri Lakshmi Narasimha Swamy Temple,Jagtial,Temple,2024,October,Post-Monsoon,"Bathukamma (Saddula Bathukamma), Dussehra/Vijayadashami",16418,16418
Dharmapuri Lakshmi Narasimha Swamy Temple,Jagtial,Temple,2024,November,Post-Monsoon,Diwali/Deepavali,7032,7032
Dharmapuri Lakshmi Narasimha Swamy Temple,Jagtial,Temple,2024,December,Winter,Christmas,7737,7737
Dharmapuri Lakshmi Narasimha Swamy Temple,Jagtial,Temple,2025,January,Winter,"Bhogi, Sankranti/Pongal, New Year's Day, Republic Day",16034,16034
Dharmapuri Lakshmi Narasimha Swamy Temple,Jagtial,Temple,2025,February,Winter,Maha Shivaratri,7068,7068
Dharmapuri Lakshmi Narasimha Swamy Temple,Jagtial,Temple,2025,March,Summer,"Holi, Ugadi, Eid-ul-Fitr",7038,7038
Dharmapuri Lakshmi Narasimha Swamy Temple,Jagtial,Temple,2025,April,Summer,"Sri Rama Navami, Ambedkar Jayanti",6020,6020
Dharmapuri Lakshmi Narasimha Swamy Temple,Jagtial,Temple,2025,May,Summer,May Day,6730,6730
Dharmapuri Lakshmi Narasimha Swamy Temple,Jagtial,Temple,2025,June,Monsoon,"Bakrid/Eid-ul-Adha, Telangana Formation Day",4645,4645
Dharmapuri Lakshmi Narasimha Swamy Temple,Jagtial,Temple,2025,July,Monsoon,Bonalu,4567,4567
Dharmapuri Lakshmi Narasimha Swamy Temple,Jagtial,Temple,2025,August,Monsoon,"Krishna Ashtami, Vinayaka Chavithi, Independence Day",4436,4436
Dharmapuri Lakshmi Narasimha Swamy Temple,Jagtial,Temple,2025,September,Monsoon,Bathukamma (Engili Pula to Saddula),4341,4341
Dharmapuri Lakshmi Narasimha Swamy Temple,Jagtial,Temple,2025,October,Post-Monsoon,"Vijaya Dasami/Dussehra, Diwali/Deepavali",16466,16466
Dharmapuri Lakshmi Narasimha Swamy Temple,Jagtial,Temple,2025,November,Post-Monsoon,No Major Festival / Public Holiday,9093,9093
Dharmapuri Lakshmi Narasimha Swamy Temple,Jagtial,Temple,2025,December,Winter,Christmas,7747,7747
Dichpally Ramalayam,Nizamabad,Other/Cultural Site,2024,January,Winter,"Bhogi, Sankranti/Pongal, New Year's Day, Republic Day",417,417
Dichpally Ramalayam,Nizamabad,Other/Cultural Site,2024,February,Winter,No Major Festival / Public Holiday,429,429
Dichpally Ramalayam,Nizamabad,Other/Cultural Site,2024,March,Summer,"Maha Shivaratri, Holi",349,349
Dichpally Ramalayam,Nizamabad,Other/Cultural Site,2024,April,Summer,"Ugadi, Sri Rama Navami, Eid-ul-Fitr, Ambedkar Jayanti",321,321
Dichpally Ramalayam,Nizamabad,Other/Cultural Site,2024,May,Summer,May Day,396,396
Dichpally Ramalayam,Nizamabad,Other/Cultural Site,2024,June,Monsoon,"Bakrid/Eid-ul-Adha, Telangana Formation Day",260,260
Dichpally Ramalayam,Nizamabad,Other/Cultural Site,2024,July,Monsoon,Bonalu,260,260
Dichpally Ramalayam,Nizamabad,Other/Cultural Site,2024,August,Monsoon,"Raksha Bandhan, Krishna Janmashtami, Independence Day",266,266
Dichpally Ramalayam,Nizamabad,Other/Cultural Site,2024,September,Monsoon,"Ganesh Chaturthi, Engili Pula Bathukamma (start)",276,276
Dichpally Ramalayam,Nizamabad,Other/Cultural Site,2024,October,Post-Monsoon,"Bathukamma (Saddula Bathukamma), Dussehra/Vijayadashami",389,389
Dichpally Ramalayam,Nizamabad,Other/Cultural Site,2024,November,Post-Monsoon,Diwali/Deepavali,384,384
Dichpally Ramalayam,Nizamabad,Other/Cultural Site,2024,December,Winter,Christmas,421,421
Dichpally Ramalayam,Nizamabad,Other/Cultural Site,2025,January,Winter,"Bhogi, Sankranti/Pongal, New Year's Day, Republic Day",457,457
Dichpally Ramalayam,Nizamabad,Other/Cultural Site,2025,February,Winter,Maha Shivaratri,445,445
Dichpally Ramalayam,Nizamabad,Other/Cultural Site,2025,March,Summer,"Holi, Ugadi, Eid-ul-Fitr",323,323
Dichpally Ramalayam,Nizamabad,Other/Cultural Site,2025,April,Summer,"Sri Rama Navami, Ambedkar Jayanti",345,345
Dichpally Ramalayam,Nizamabad,Other/Cultural Site,2025,May,Summer,May Day,419,419
Dichpally Ramalayam,Nizamabad,Other/Cultural Site,2025,June,Monsoon,"Bakrid/Eid-ul-Adha, Telangana Formation Day",273,273
Dichpally Ramalayam,Nizamabad,Other/Cultural Site,2025,July,Monsoon,Bonalu,275,275
Dichpally Ramalayam,Nizamabad,Other/Cultural Site,2025,August,Monsoon,"Krishna Ashtami, Vinayaka Chavithi, Independence Day",254,254
Dichpally Ramalayam,Nizamabad,Other/Cultural Site,2025,September,Monsoon,Bathukamma (Engili Pula to Saddula),270,270
Dichpally Ramalayam,Nizamabad,Other/Cultural Site,2025,October,Post-Monsoon,"Vijaya Dasami/Dussehra, Diwali/Deepavali",400,400
Dichpally Ramalayam,Nizamabad,Other/Cultural Site,2025,November,Post-Monsoon,No Major Festival / Public Holiday,419,419
Dichpally Ramalayam,Nizamabad,Other/Cultural Site,2025,December,Winter,Christmas,449,449
Doli Gutta,Mulugu,Cave/Hill/Viewpoint,2024,January,Winter,"Bhogi, Sankranti/Pongal, New Year's Day, Republic Day",1000,1000
Doli Gutta,Mulugu,Cave/Hill/Viewpoint,2024,February,Winter,No Major Festival / Public Holiday,1040,1040
Doli Gutta,Mulugu,Cave/Hill/Viewpoint,2024,March,Summer,"Maha Shivaratri, Holi",781,781
Doli Gutta,Mulugu,Cave/Hill/Viewpoint,2024,April,Summer,"Ugadi, Sri Rama Navami, Eid-ul-Fitr, Ambedkar Jayanti",763,763
Doli Gutta,Mulugu,Cave/Hill/Viewpoint,2024,May,Summer,May Day,929,929
Doli Gutta,Mulugu,Cave/Hill/Viewpoint,2024,June,Monsoon,"Bakrid/Eid-ul-Adha, Telangana Formation Day",600,600
Doli Gutta,Mulugu,Cave/Hill/Viewpoint,2024,July,Monsoon,Bonalu,585,585
Doli Gutta,Mulugu,Cave/Hill/Viewpoint,2024,August,Monsoon,"Raksha Bandhan, Krishna Janmashtami, Independence Day",604,604
Doli Gutta,Mulugu,Cave/Hill/Viewpoint,2024,September,Monsoon,"Ganesh Chaturthi, Engili Pula Bathukamma (start)",613,613
Doli Gutta,Mulugu,Cave/Hill/Viewpoint,2024,October,Post-Monsoon,"Bathukamma (Saddula Bathukamma), Dussehra/Vijayadashami",961,961
Doli Gutta,Mulugu,Cave/Hill/Viewpoint,2024,November,Post-Monsoon,Diwali/Deepavali,935,935
Doli Gutta,Mulugu,Cave/Hill/Viewpoint,2024,December,Winter,Christmas,1031,1031
Doli Gutta,Mulugu,Cave/Hill/Viewpoint,2025,January,Winter,"Bhogi, Sankranti/Pongal, New Year's Day, Republic Day",959,959
Doli Gutta,Mulugu,Cave/Hill/Viewpoint,2025,February,Winter,Maha Shivaratri,995,995
Doli Gutta,Mulugu,Cave/Hill/Viewpoint,2025,March,Summer,"Holi, Ugadi, Eid-ul-Fitr",715,715
Doli Gutta,Mulugu,Cave/Hill/Viewpoint,2025,April,Summer,"Sri Rama Navami, Ambedkar Jayanti",736,736
Doli Gutta,Mulugu,Cave/Hill/Viewpoint,2025,May,Summer,May Day,945,945
Doli Gutta,Mulugu,Cave/Hill/Viewpoint,2025,June,Monsoon,"Bakrid/Eid-ul-Adha, Telangana Formation Day",635,635
Doli Gutta,Mulugu,Cave/Hill/Viewpoint,2025,July,Monsoon,Bonalu,571,571
Doli Gutta,Mulugu,Cave/Hill/Viewpoint,2025,August,Monsoon,"Krishna Ashtami, Vinayaka Chavithi, Independence Day",592,592
Doli Gutta,Mulugu,Cave/Hill/Viewpoint,2025,September,Monsoon,Bathukamma (Engili Pula to Saddula),621,621
Doli Gutta,Mulugu,Cave/Hill/Viewpoint,2025,October,Post-Monsoon,"Vijaya Dasami/Dussehra, Diwali/Deepavali",887,887
Doli Gutta,Mulugu,Cave/Hill/Viewpoint,2025,November,Post-Monsoon,No Major Festival / Public Holiday,926,926
Doli Gutta,Mulugu,Cave/Hill/Viewpoint,2025,December,Winter,Christmas,1027,1027
Domakonda Fort,Kamareddy,Fort,2024,January,Winter,"Bhogi, Sankranti/Pongal, New Year's Day, Republic Day",25704,25704
Domakonda Fort,Kamareddy,Fort,2024,February,Winter,No Major Festival / Public Holiday,17959,17959
Domakonda Fort,Kamareddy,Fort,2024,March,Summer,"Maha Shivaratri, Holi",13917,13917
Domakonda Fort,Kamareddy,Fort,2024,April,Summer,"Ugadi, Sri Rama Navami, Eid-ul-Fitr, Ambedkar Jayanti",14894,14894
Domakonda Fort,Kamareddy,Fort,2024,May,Summer,May Day,18277,18277
Domakonda Fort,Kamareddy,Fort,2024,June,Monsoon,"Bakrid/Eid-ul-Adha, Telangana Formation Day",11072,11072
Domakonda Fort,Kamareddy,Fort,2024,July,Monsoon,Bonalu,11180,11180
Domakonda Fort,Kamareddy,Fort,2024,August,Monsoon,"Raksha Bandhan, Krishna Janmashtami, Independence Day",11549,11549
Domakonda Fort,Kamareddy,Fort,2024,September,Monsoon,"Ganesh Chaturthi, Engili Pula Bathukamma (start)",11771,11771
Domakonda Fort,Kamareddy,Fort,2024,October,Post-Monsoon,"Bathukamma (Saddula Bathukamma), Dussehra/Vijayadashami",24419,24419
Domakonda Fort,Kamareddy,Fort,2024,November,Post-Monsoon,Diwali/Deepavali,17025,17025
Domakonda Fort,Kamareddy,Fort,2024,December,Winter,Christmas,25974,25974
Domakonda Fort,Kamareddy,Fort,2025,January,Winter,"Bhogi, Sankranti/Pongal, New Year's Day, Republic Day",26866,26866
Domakonda Fort,Kamareddy,Fort,2025,February,Winter,Maha Shivaratri,17632,17632
Domakonda Fort,Kamareddy,Fort,2025,March,Summer,"Holi, Ugadi, Eid-ul-Fitr",14454,14454
Domakonda Fort,Kamareddy,Fort,2025,April,Summer,"Sri Rama Navami, Ambedkar Jayanti",14002,14002
Domakonda Fort,Kamareddy,Fort,2025,May,Summer,May Day,17858,17858
Domakonda Fort,Kamareddy,Fort,2025,June,Monsoon,"Bakrid/Eid-ul-Adha, Telangana Formation Day",10700,10700
Domakonda Fort,Kamareddy,Fort,2025,July,Monsoon,Bonalu,11369,11369
Domakonda Fort,Kamareddy,Fort,2025,August,Monsoon,"Krishna Ashtami, Vinayaka Chavithi, Independence Day",11224,11224
Domakonda Fort,Kamareddy,Fort,2025,September,Monsoon,Bathukamma (Engili Pula to Saddula),11442,11442
Domakonda Fort,Kamareddy,Fort,2025,October,Post-Monsoon,"Vijaya Dasami/Dussehra, Diwali/Deepavali",22888,22888
Domakonda Fort,Kamareddy,Fort,2025,November,Post-Monsoon,No Major Festival / Public Holiday,17415,17415
Domakonda Fort,Kamareddy,Fort,2025,December,Winter,Christmas,26443,26443
Durgam Cheruvu / Secret Lake,Ranga Reddy,Lake/Reservoir,2024,January,Winter,"Bhogi, Sankranti/Pongal, New Year's Day, Republic Day",775,775
Durgam Cheruvu / Secret Lake,Ranga Reddy,Lake/Reservoir,2024,February,Winter,No Major Festival / Public Holiday,751,751
Durgam Cheruvu / Secret Lake,Ranga Reddy,Lake/Reservoir,2024,March,Summer,"Maha Shivaratri, Holi",565,565
Durgam Cheruvu / Secret Lake,Ranga Reddy,Lake/Reservoir,2024,April,Summer,"Ugadi, Sri Rama Navami, Eid-ul-Fitr, Ambedkar Jayanti",545,545
Durgam Cheruvu / Secret Lake,Ranga Reddy,Lake/Reservoir,2024,May,Summer,May Day,675,675
Durgam Cheruvu / Secret Lake,Ranga Reddy,Lake/Reservoir,2024,June,Monsoon,"Bakrid/Eid-ul-Adha, Telangana Formation Day",446,446
Durgam Cheruvu / Secret Lake,Ranga Reddy,Lake/Reservoir,2024,July,Monsoon,Bonalu,427,427
Durgam Cheruvu / Secret Lake,Ranga Reddy,Lake/Reservoir,2024,August,Monsoon,"Raksha Bandhan, Krishna Janmashtami, Independence Day",434,434
Durgam Cheruvu / Secret Lake,Ranga Reddy,Lake/Reservoir,2024,September,Monsoon,"Ganesh Chaturthi, Engili Pula Bathukamma (start)",455,455
Durgam Cheruvu / Secret Lake,Ranga Reddy,Lake/Reservoir,2024,October,Post-Monsoon,"Bathukamma (Saddula Bathukamma), Dussehra/Vijayadashami",709,709
Durgam Cheruvu / Secret Lake,Ranga Reddy,Lake/Reservoir,2024,November,Post-Monsoon,Diwali/Deepavali,731,731
Durgam Cheruvu / Secret Lake,Ranga Reddy,Lake/Reservoir,2024,December,Winter,Christmas,788,788
Durgam Cheruvu / Secret Lake,Ranga Reddy,Lake/Reservoir,2025,January,Winter,"Bhogi, Sankranti/Pongal, New Year's Day, Republic Day",762,762
Durgam Cheruvu / Secret Lake,Ranga Reddy,Lake/Reservoir,2025,February,Winter,Maha Shivaratri,742,742
Durgam Cheruvu / Secret Lake,Ranga Reddy,Lake/Reservoir,2025,March,Summer,"Holi, Ugadi, Eid-ul-Fitr",579,579
Durgam Cheruvu / Secret Lake,Ranga Reddy,Lake/Reservoir,2025,April,Summer,"Sri Rama Navami, Ambedkar Jayanti",589,589
Durgam Cheruvu / Secret Lake,Ranga Reddy,Lake/Reservoir,2025,May,Summer,May Day,658,658
Durgam Cheruvu / Secret Lake,Ranga Reddy,Lake/Reservoir,2025,June,Monsoon,"Bakrid/Eid-ul-Adha, Telangana Formation Day",445,445
Durgam Cheruvu / Secret Lake,Ranga Reddy,Lake/Reservoir,2025,July,Monsoon,Bonalu,468,468
Durgam Cheruvu / Secret Lake,Ranga Reddy,Lake/Reservoir,2025,August,Monsoon,"Krishna Ashtami, Vinayaka Chavithi, Independence Day",443,443
Durgam Cheruvu / Secret Lake,Ranga Reddy,Lake/Reservoir,2025,September,Monsoon,Bathukamma (Engili Pula to Saddula),453,453
Durgam Cheruvu / Secret Lake,Ranga Reddy,Lake/Reservoir,2025,October,Post-Monsoon,"Vijaya Dasami/Dussehra, Diwali/Deepavali",697,697
Durgam Cheruvu / Secret Lake,Ranga Reddy,Lake/Reservoir,2025,November,Post-Monsoon,No Major Festival / Public Holiday,663,663
Durgam Cheruvu / Secret Lake,Ranga Reddy,Lake/Reservoir,2025,December,Winter,Christmas,737,737
Edulabad Lake,Medchal-Malkajgiri,Lake/Reservoir,2024,January,Winter,"Bhogi, Sankranti/Pongal, New Year's Day, Republic Day",721,721
Edulabad Lake,Medchal-Malkajgiri,Lake/Reservoir,2024,February,Winter,No Major Festival / Public Holiday,777,777
Edulabad Lake,Medchal-Malkajgiri,Lake/Reservoir,2024,March,Summer,"Maha Shivaratri, Holi",567,567
Edulabad Lake,Medchal-Malkajgiri,Lake/Reservoir,2024,April,Summer,"Ugadi, Sri Rama Navami, Eid-ul-Fitr, Ambedkar Jayanti",568,568
Edulabad Lake,Medchal-Malkajgiri,Lake/Reservoir,2024,May,Summer,May Day,659,659
Edulabad Lake,Medchal-Malkajgiri,Lake/Reservoir,2024,June,Monsoon,"Bakrid/Eid-ul-Adha, Telangana Formation Day",427,427
Edulabad Lake,Medchal-Malkajgiri,Lake/Reservoir,2024,July,Monsoon,Bonalu,462,462
Edulabad Lake,Medchal-Malkajgiri,Lake/Reservoir,2024,August,Monsoon,"Raksha Bandhan, Krishna Janmashtami, Independence Day",449,449
Edulabad Lake,Medchal-Malkajgiri,Lake/Reservoir,2024,September,Monsoon,"Ganesh Chaturthi, Engili Pula Bathukamma (start)",446,446
Edulabad Lake,Medchal-Malkajgiri,Lake/Reservoir,2024,October,Post-Monsoon,"Bathukamma (Saddula Bathukamma), Dussehra/Vijayadashami",709,709
Edulabad Lake,Medchal-Malkajgiri,Lake/Reservoir,2024,November,Post-Monsoon,Diwali/Deepavali,711,711
Edulabad Lake,Medchal-Malkajgiri,Lake/Reservoir,2024,December,Winter,Christmas,719,719
Edulabad Lake,Medchal-Malkajgiri,Lake/Reservoir,2025,January,Winter,"Bhogi, Sankranti/Pongal, New Year's Day, Republic Day",759,759
Edulabad Lake,Medchal-Malkajgiri,Lake/Reservoir,2025,February,Winter,Maha Shivaratri,717,717
Edulabad Lake,Medchal-Malkajgiri,Lake/Reservoir,2025,March,Summer,"Holi, Ugadi, Eid-ul-Fitr",587,587
Edulabad Lake,Medchal-Malkajgiri,Lake/Reservoir,2025,April,Summer,"Sri Rama Navami, Ambedkar Jayanti",580,580
Edulabad Lake,Medchal-Malkajgiri,Lake/Reservoir,2025,May,Summer,May Day,727,727
Edulabad Lake,Medchal-Malkajgiri,Lake/Reservoir,2025,June,Monsoon,"Bakrid/Eid-ul-Adha, Telangana Formation Day",426,426
Edulabad Lake,Medchal-Malkajgiri,Lake/Reservoir,2025,July,Monsoon,Bonalu,426,426
Edulabad Lake,Medchal-Malkajgiri,Lake/Reservoir,2025,August,Monsoon,"Krishna Ashtami, Vinayaka Chavithi, Independence Day",438,438
Edulabad Lake,Medchal-Malkajgiri,Lake/Reservoir,2025,September,Monsoon,Bathukamma (Engili Pula to Saddula),437,437
Edulabad Lake,Medchal-Malkajgiri,Lake/Reservoir,2025,October,Post-Monsoon,"Vijaya Dasami/Dussehra, Diwali/Deepavali",669,669
Edulabad Lake,Medchal-Malkajgiri,Lake/Reservoir,2025,November,Post-Monsoon,No Major Festival / Public Holiday,723,723
Edulabad Lake,Medchal-Malkajgiri,Lake/Reservoir,2025,December,Winter,Christmas,727,727
Edupayala Vana Durga Bhavani Temple,Medak,Temple,2024,January,Winter,"Bhogi, Sankranti/Pongal, New Year's Day, Republic Day",16197,16197
Edupayala Vana Durga Bhavani Temple,Medak,Temple,2024,January,Winter,"Bhogi, Sankranti/Pongal, New Year's Day, Republic Day",17291,17291
Edupayala Vana Durga Bhavani Temple,Medak,Temple,2024,February,Winter,No Major Festival / Public Holiday,9190,9190
Edupayala Vana Durga Bhavani Temple,Medak,Temple,2024,February,Winter,No Major Festival / Public Holiday,9941,9941
Edupayala Vana Durga Bhavani Temple,Medak,Temple,2024,March,Summer,"Maha Shivaratri, Holi",7822,7822
Edupayala Vana Durga Bhavani Temple,Medak,Temple,2024,March,Summer,"Maha Shivaratri, Holi",7463,7463
Edupayala Vana Durga Bhavani Temple,Medak,Temple,2024,April,Summer,"Ugadi, Sri Rama Navami, Eid-ul-Fitr, Ambedkar Jayanti",7798,7798
Edupayala Vana Durga Bhavani Temple,Medak,Temple,2024,April,Summer,"Ugadi, Sri Rama Navami, Eid-ul-Fitr, Ambedkar Jayanti",7011,7011
Edupayala Vana Durga Bhavani Temple,Medak,Temple,2024,May,Summer,May Day,6832,6832
Edupayala Vana Durga Bhavani Temple,Medak,Temple,2024,May,Summer,May Day,6701,6701
Edupayala Vana Durga Bhavani Temple,Medak,Temple,2024,June,Monsoon,"Bakrid/Eid-ul-Adha, Telangana Formation Day",4624,4624
Edupayala Vana Durga Bhavani Temple,Medak,Temple,2024,June,Monsoon,"Bakrid/Eid-ul-Adha, Telangana Formation Day",4759,4759
Edupayala Vana Durga Bhavani Temple,Medak,Temple,2024,July,Monsoon,Bonalu,13105,13105
Edupayala Vana Durga Bhavani Temple,Medak,Temple,2024,July,Monsoon,Bonalu,13749,13749
Edupayala Vana Durga Bhavani Temple,Medak,Temple,2024,August,Monsoon,"Raksha Bandhan, Krishna Janmashtami, Independence Day",4336,4336
Edupayala Vana Durga Bhavani Temple,Medak,Temple,2024,August,Monsoon,"Raksha Bandhan, Krishna Janmashtami, Independence Day",4535,4535
Edupayala Vana Durga Bhavani Temple,Medak,Temple,2024,September,Monsoon,"Ganesh Chaturthi, Engili Pula Bathukamma (start)",13441,13441
Edupayala Vana Durga Bhavani Temple,Medak,Temple,2024,September,Monsoon,"Ganesh Chaturthi, Engili Pula Bathukamma (start)",14264,14264
Edupayala Vana Durga Bhavani Temple,Medak,Temple,2024,October,Post-Monsoon,"Bathukamma (Saddula Bathukamma), Dussehra/Vijayadashami",20969,20969
Edupayala Vana Durga Bhavani Temple,Medak,Temple,2024,October,Post-Monsoon,"Bathukamma (Saddula Bathukamma), Dussehra/Vijayadashami",20326,20326
Edupayala Vana Durga Bhavani Temple,Medak,Temple,2024,November,Post-Monsoon,Diwali/Deepavali,6580,6580
Edupayala Vana Durga Bhavani Temple,Medak,Temple,2024,November,Post-Monsoon,Diwali/Deepavali,6611,6611
Edupayala Vana Durga Bhavani Temple,Medak,Temple,2024,December,Winter,Christmas,7252,7252
Edupayala Vana Durga Bhavani Temple,Medak,Temple,2024,December,Winter,Christmas,7275,7275
Edupayala Vana Durga Bhavani Temple,Medak,Temple,2025,January,Winter,"Bhogi, Sankranti/Pongal, New Year's Day, Republic Day",17194,17194
Edupayala Vana Durga Bhavani Temple,Medak,Temple,2025,January,Winter,"Bhogi, Sankranti/Pongal, New Year's Day, Republic Day",16621,16621
Edupayala Vana Durga Bhavani Temple,Medak,Temple,2025,February,Winter,Maha Shivaratri,7521,7521
Edupayala Vana Durga Bhavani Temple,Medak,Temple,2025,February,Winter,Maha Shivaratri,7153,7153
Edupayala Vana Durga Bhavani Temple,Medak,Temple,2025,March,Summer,"Holi, Ugadi, Eid-ul-Fitr",7730,7730
Edupayala Vana Durga Bhavani Temple,Medak,Temple,2025,March,Summer,"Holi, Ugadi, Eid-ul-Fitr",7608,7608
Edupayala Vana Durga Bhavani Temple,Medak,Temple,2025,April,Summer,"Sri Rama Navami, Ambedkar Jayanti",5404,5404
Edupayala Vana Durga Bhavani Temple,Medak,Temple,2025,April,Summer,"Sri Rama Navami, Ambedkar Jayanti",5842,5842
Edupayala Vana Durga Bhavani Temple,Medak,Temple,2025,May,Summer,May Day,6936,6936
Edupayala Vana Durga Bhavani Temple,Medak,Temple,2025,May,Summer,May Day,6553,6553
Edupayala Vana Durga Bhavani Temple,Medak,Temple,2025,June,Monsoon,"Bakrid/Eid-ul-Adha, Telangana Formation Day",4477,4477
Edupayala Vana Durga Bhavani Temple,Medak,Temple,2025,June,Monsoon,"Bakrid/Eid-ul-Adha, Telangana Formation Day",4491,4491
Edupayala Vana Durga Bhavani Temple,Medak,Temple,2025,July,Monsoon,Bonalu,12958,12958
Edupayala Vana Durga Bhavani Temple,Medak,Temple,2025,July,Monsoon,Bonalu,14222,14222
Edupayala Vana Durga Bhavani Temple,Medak,Temple,2025,August,Monsoon,"Krishna Ashtami, Vinayaka Chavithi, Independence Day",4688,4688
Edupayala Vana Durga Bhavani Temple,Medak,Temple,2025,August,Monsoon,"Krishna Ashtami, Vinayaka Chavithi, Independence Day",4591,4591
Edupayala Vana Durga Bhavani Temple,Medak,Temple,2025,September,Monsoon,Bathukamma (Engili Pula to Saddula),13438,13438
Edupayala Vana Durga Bhavani Temple,Medak,Temple,2025,September,Monsoon,Bathukamma (Engili Pula to Saddula),13357,13357
Edupayala Vana Durga Bhavani Temple,Medak,Temple,2025,October,Post-Monsoon,"Vijaya Dasami/Dussehra, Diwali/Deepavali",17562,17562
Edupayala Vana Durga Bhavani Temple,Medak,Temple,2025,October,Post-Monsoon,"Vijaya Dasami/Dussehra, Diwali/Deepavali",17344,17344
Edupayala Vana Durga Bhavani Temple,Medak,Temple,2025,November,Post-Monsoon,No Major Festival / Public Holiday,8498,8498
Edupayala Vana Durga Bhavani Temple,Medak,Temple,2025,November,Post-Monsoon,No Major Festival / Public Holiday,8983,8983
Edupayala Vana Durga Bhavani Temple,Medak,Temple,2025,December,Winter,Christmas,7775,7775
Edupayala Vana Durga Bhavani Temple,Medak,Temple,2025,December,Winter,Christmas,7463,7463
Elgandal Fort,Karimnagar,Fort,2024,January,Winter,"Bhogi, Sankranti/Pongal, New Year's Day, Republic Day",9088,9088
Elgandal Fort,Karimnagar,Fort,2024,February,Winter,No Major Festival / Public Holiday,6160,6160
Elgandal Fort,Karimnagar,Fort,2024,March,Summer,"Maha Shivaratri, Holi",4907,4907
Elgandal Fort,Karimnagar,Fort,2024,April,Summer,"Ugadi, Sri Rama Navami, Eid-ul-Fitr, Ambedkar Jayanti",5014,5014
Elgandal Fort,Karimnagar,Fort,2024,May,Summer,May Day,5545,5545
Elgandal Fort,Karimnagar,Fort,2024,June,Monsoon,"Bakrid/Eid-ul-Adha, Telangana Formation Day",3760,3760
Elgandal Fort,Karimnagar,Fort,2024,July,Monsoon,Bonalu,3654,3654
Elgandal Fort,Karimnagar,Fort,2024,August,Monsoon,"Raksha Bandhan, Krishna Janmashtami, Independence Day",3881,3881
Elgandal Fort,Karimnagar,Fort,2024,September,Monsoon,"Ganesh Chaturthi, Engili Pula Bathukamma (start)",3784,3784
Elgandal Fort,Karimnagar,Fort,2024,October,Post-Monsoon,"Bathukamma (Saddula Bathukamma), Dussehra/Vijayadashami",8180,8180
Elgandal Fort,Karimnagar,Fort,2024,November,Post-Monsoon,Diwali/Deepavali,5955,5955
Elgandal Fort,Karimnagar,Fort,2024,December,Winter,Christmas,8640,8640
Elgandal Fort,Karimnagar,Fort,2025,January,Winter,"Bhogi, Sankranti/Pongal, New Year's Day, Republic Day",9185,9185
Elgandal Fort,Karimnagar,Fort,2025,February,Winter,Maha Shivaratri,6274,6274
Elgandal Fort,Karimnagar,Fort,2025,March,Summer,"Holi, Ugadi, Eid-ul-Fitr",4555,4555
Elgandal Fort,Karimnagar,Fort,2025,April,Summer,"Sri Rama Navami, Ambedkar Jayanti",4861,4861
Elgandal Fort,Karimnagar,Fort,2025,May,Summer,May Day,5952,5952
Elgandal Fort,Karimnagar,Fort,2025,June,Monsoon,"Bakrid/Eid-ul-Adha, Telangana Formation Day",3667,3667
Elgandal Fort,Karimnagar,Fort,2025,July,Monsoon,Bonalu,3910,3910
Elgandal Fort,Karimnagar,Fort,2025,August,Monsoon,"Krishna Ashtami, Vinayaka Chavithi, Independence Day",3932,3932
Elgandal Fort,Karimnagar,Fort,2025,September,Monsoon,Bathukamma (Engili Pula to Saddula),3649,3649
Elgandal Fort,Karimnagar,Fort,2025,October,Post-Monsoon,"Vijaya Dasami/Dussehra, Diwali/Deepavali",8517,8517
Elgandal Fort,Karimnagar,Fort,2025,November,Post-Monsoon,No Major Festival / Public Holiday,5502,5502
Elgandal Fort,Karimnagar,Fort,2025,December,Winter,Christmas,8437,8437
Environment Educational Centre,Nagarkurnool,Other/Cultural Site,2024,January,Winter,"Bhogi, Sankranti/Pongal, New Year's Day, Republic Day",462,462
Environment Educational Centre,Nagarkurnool,Other/Cultural Site,2024,February,Winter,No Major Festival / Public Holiday,446,446
Environment Educational Centre,Nagarkurnool,Other/Cultural Site,2024,March,Summer,"Maha Shivaratri, Holi",337,337
Environment Educational Centre,Nagarkurnool,Other/Cultural Site,2024,April,Summer,"Ugadi, Sri Rama Navami, Eid-ul-Fitr, Ambedkar Jayanti",319,319
Environment Educational Centre,Nagarkurnool,Other/Cultural Site,2024,May,Summer,May Day,420,420
Environment Educational Centre,Nagarkurnool,Other/Cultural Site,2024,June,Monsoon,"Bakrid/Eid-ul-Adha, Telangana Formation Day",260,260
Environment Educational Centre,Nagarkurnool,Other/Cultural Site,2024,July,Monsoon,Bonalu,251,251
Environment Educational Centre,Nagarkurnool,Other/Cultural Site,2024,August,Monsoon,"Raksha Bandhan, Krishna Janmashtami, Independence Day",247,247
Environment Educational Centre,Nagarkurnool,Other/Cultural Site,2024,September,Monsoon,"Ganesh Chaturthi, Engili Pula Bathukamma (start)",264,264
Environment Educational Centre,Nagarkurnool,Other/Cultural Site,2024,October,Post-Monsoon,"Bathukamma (Saddula Bathukamma), Dussehra/Vijayadashami",403,403
Environment Educational Centre,Nagarkurnool,Other/Cultural Site,2024,November,Post-Monsoon,Diwali/Deepavali,413,413
Environment Educational Centre,Nagarkurnool,Other/Cultural Site,2024,December,Winter,Christmas,457,457
Environment Educational Centre,Nagarkurnool,Other/Cultural Site,2025,January,Winter,"Bhogi, Sankranti/Pongal, New Year's Day, Republic Day",415,415
Environment Educational Centre,Nagarkurnool,Other/Cultural Site,2025,February,Winter,Maha Shivaratri,449,449
Environment Educational Centre,Nagarkurnool,Other/Cultural Site,2025,March,Summer,"Holi, Ugadi, Eid-ul-Fitr",320,320
Environment Educational Centre,Nagarkurnool,Other/Cultural Site,2025,April,Summer,"Sri Rama Navami, Ambedkar Jayanti",346,346
Environment Educational Centre,Nagarkurnool,Other/Cultural Site,2025,May,Summer,May Day,417,417
Environment Educational Centre,Nagarkurnool,Other/Cultural Site,2025,June,Monsoon,"Bakrid/Eid-ul-Adha, Telangana Formation Day",263,263
Environment Educational Centre,Nagarkurnool,Other/Cultural Site,2025,July,Monsoon,Bonalu,269,269
Environment Educational Centre,Nagarkurnool,Other/Cultural Site,2025,August,Monsoon,"Krishna Ashtami, Vinayaka Chavithi, Independence Day",256,256
Environment Educational Centre,Nagarkurnool,Other/Cultural Site,2025,September,Monsoon,Bathukamma (Engili Pula to Saddula),261,261
Environment Educational Centre,Nagarkurnool,Other/Cultural Site,2025,October,Post-Monsoon,"Vijaya Dasami/Dussehra, Diwali/Deepavali",418,418
Environment Educational Centre,Nagarkurnool,Other/Cultural Site,2025,November,Post-Monsoon,No Major Festival / Public Holiday,400,400
Environment Educational Centre,Nagarkurnool,Other/Cultural Site,2025,December,Winter,Christmas,430,430
Errum Manzil Palace,Hyderabad,Palace/Heritage,2024,January,Winter,"Bhogi, Sankranti/Pongal, New Year's Day, Republic Day",8017,8017
Errum Manzil Palace,Hyderabad,Palace/Heritage,2024,February,Winter,No Major Festival / Public Holiday,5706,5706
Errum Manzil Palace,Hyderabad,Palace/Heritage,2024,March,Summer,"Maha Shivaratri, Holi",4199,4199
Errum Manzil Palace,Hyderabad,Palace/Heritage,2024,April,Summer,"Ugadi, Sri Rama Navami, Eid-ul-Fitr, Ambedkar Jayanti",4450,4450
Errum Manzil Palace,Hyderabad,Palace/Heritage,2024,May,Summer,May Day,5157,5157
Errum Manzil Palace,Hyderabad,Palace/Heritage,2024,June,Monsoon,"Bakrid/Eid-ul-Adha, Telangana Formation Day",3569,3569
Errum Manzil Palace,Hyderabad,Palace/Heritage,2024,July,Monsoon,Bonalu,3429,3429
Errum Manzil Palace,Hyderabad,Palace/Heritage,2024,August,Monsoon,"Raksha Bandhan, Krishna Janmashtami, Independence Day",3223,3223
Errum Manzil Palace,Hyderabad,Palace/Heritage,2024,September,Monsoon,"Ganesh Chaturthi, Engili Pula Bathukamma (start)",3446,3446
Errum Manzil Palace,Hyderabad,Palace/Heritage,2024,October,Post-Monsoon,"Bathukamma (Saddula Bathukamma), Dussehra/Vijayadashami",7092,7092
Errum Manzil Palace,Hyderabad,Palace/Heritage,2024,November,Post-Monsoon,Diwali/Deepavali,5290,5290
Errum Manzil Palace,Hyderabad,Palace/Heritage,2024,December,Winter,Christmas,7468,7468
Errum Manzil Palace,Hyderabad,Palace/Heritage,2025,January,Winter,"Bhogi, Sankranti/Pongal, New Year's Day, Republic Day",7567,7567
Errum Manzil Palace,Hyderabad,Palace/Heritage,2025,February,Winter,Maha Shivaratri,5865,5865
Errum Manzil Palace,Hyderabad,Palace/Heritage,2025,March,Summer,"Holi, Ugadi, Eid-ul-Fitr",4135,4135
Errum Manzil Palace,Hyderabad,Palace/Heritage,2025,April,Summer,"Sri Rama Navami, Ambedkar Jayanti",4447,4447
Errum Manzil Palace,Hyderabad,Palace/Heritage,2025,May,Summer,May Day,5037,5037
Errum Manzil Palace,Hyderabad,Palace/Heritage,2025,June,Monsoon,"Bakrid/Eid-ul-Adha, Telangana Formation Day",3432,3432
Errum Manzil Palace,Hyderabad,Palace/Heritage,2025,July,Monsoon,Bonalu,3453,3453
Errum Manzil Palace,Hyderabad,Palace/Heritage,2025,August,Monsoon,"Krishna Ashtami, Vinayaka Chavithi, Independence Day",3380,3380
Errum Manzil Palace,Hyderabad,Palace/Heritage,2025,September,Monsoon,Bathukamma (Engili Pula to Saddula),3296,3296
Errum Manzil Palace,Hyderabad,Palace/Heritage,2025,October,Post-Monsoon,"Vijaya Dasami/Dussehra, Diwali/Deepavali",6995,6995
Errum Manzil Palace,Hyderabad,Palace/Heritage,2025,November,Post-Monsoon,No Major Festival / Public Holiday,4885,4885
Errum Manzil Palace,Hyderabad,Palace/Heritage,2025,December,Winter,Christmas,7689,7689
Eturnagaram Sanctuary,Mulugu,Wildlife/National Park,2024,January,Winter,"Bhogi, Sankranti/Pongal, New Year's Day, Republic Day",6095,6095
Eturnagaram Sanctuary,Mulugu,Wildlife/National Park,2024,February,Winter,No Major Festival / Public Holiday,4566,4566
Eturnagaram Sanctuary,Mulugu,Wildlife/National Park,2024,March,Summer,"Maha Shivaratri, Holi",3343,3343
Eturnagaram Sanctuary,Mulugu,Wildlife/National Park,2024,April,Summer,"Ugadi, Sri Rama Navami, Eid-ul-Fitr, Ambedkar Jayanti",3277,3277
Eturnagaram Sanctuary,Mulugu,Wildlife/National Park,2024,May,Summer,May Day,5957,5957
Eturnagaram Sanctuary,Mulugu,Wildlife/National Park,2024,June,Monsoon,"Bakrid/Eid-ul-Adha, Telangana Formation Day",2502,2502
Eturnagaram Sanctuary,Mulugu,Wildlife/National Park,2024,July,Monsoon,Bonalu,2600,2600
Eturnagaram Sanctuary,Mulugu,Wildlife/National Park,2024,August,Monsoon,"Raksha Bandhan, Krishna Janmashtami, Independence Day",2480,2480
Eturnagaram Sanctuary,Mulugu,Wildlife/National Park,2024,September,Monsoon,"Ganesh Chaturthi, Engili Pula Bathukamma (start)",2700,2700
Eturnagaram Sanctuary,Mulugu,Wildlife/National Park,2024,October,Post-Monsoon,"Bathukamma (Saddula Bathukamma), Dussehra/Vijayadashami",4226,4226
Eturnagaram Sanctuary,Mulugu,Wildlife/National Park,2024,November,Post-Monsoon,Diwali/Deepavali,3918,3918
Eturnagaram Sanctuary,Mulugu,Wildlife/National Park,2024,December,Winter,Christmas,6388,6388
Eturnagaram Sanctuary,Mulugu,Wildlife/National Park,2025,January,Winter,"Bhogi, Sankranti/Pongal, New Year's Day, Republic Day",5972,5972
Eturnagaram Sanctuary,Mulugu,Wildlife/National Park,2025,February,Winter,Maha Shivaratri,4590,4590
Eturnagaram Sanctuary,Mulugu,Wildlife/National Park,2025,March,Summer,"Holi, Ugadi, Eid-ul-Fitr",3426,3426
Eturnagaram Sanctuary,Mulugu,Wildlife/National Park,2025,April,Summer,"Sri Rama Navami, Ambedkar Jayanti",3446,3446
Eturnagaram Sanctuary,Mulugu,Wildlife/National Park,2025,May,Summer,May Day,5309,5309
Eturnagaram Sanctuary,Mulugu,Wildlife/National Park,2025,June,Monsoon,"Bakrid/Eid-ul-Adha, Telangana Formation Day",2770,2770
Eturnagaram Sanctuary,Mulugu,Wildlife/National Park,2025,July,Monsoon,Bonalu,2696,2696
Eturnagaram Sanctuary,Mulugu,Wildlife/National Park,2025,August,Monsoon,"Krishna Ashtami, Vinayaka Chavithi, Independence Day",2563,2563
Eturnagaram Sanctuary,Mulugu,Wildlife/National Park,2025,September,Monsoon,Bathukamma (Engili Pula to Saddula),2728,2728
Eturnagaram Sanctuary,Mulugu,Wildlife/National Park,2025,October,Post-Monsoon,"Vijaya Dasami/Dussehra, Diwali/Deepavali",3919,3919
Eturnagaram Sanctuary,Mulugu,Wildlife/National Park,2025,November,Post-Monsoon,No Major Festival / Public Holiday,4205,4205
Eturnagaram Sanctuary,Mulugu,Wildlife/National Park,2025,December,Winter,Christmas,5840,5840
Exhibition Grounds,Hyderabad,Other/Cultural Site,2024,January,Winter,"Bhogi, Sankranti/Pongal, New Year's Day, Republic Day",458,458
Exhibition Grounds,Hyderabad,Other/Cultural Site,2024,February,Winter,No Major Festival / Public Holiday,455,455
Exhibition Grounds,Hyderabad,Other/Cultural Site,2024,March,Summer,"Maha Shivaratri, Holi",339,339
Exhibition Grounds,Hyderabad,Other/Cultural Site,2024,April,Summer,"Ugadi, Sri Rama Navami, Eid-ul-Fitr, Ambedkar Jayanti",336,336
Exhibition Grounds,Hyderabad,Other/Cultural Site,2024,May,Summer,May Day,421,421
Exhibition Grounds,Hyderabad,Other/Cultural Site,2024,June,Monsoon,"Bakrid/Eid-ul-Adha, Telangana Formation Day",252,252
Exhibition Grounds,Hyderabad,Other/Cultural Site,2024,July,Monsoon,Bonalu,249,249
Exhibition Grounds,Hyderabad,Other/Cultural Site,2024,August,Monsoon,"Raksha Bandhan, Krishna Janmashtami, Independence Day",254,254
Exhibition Grounds,Hyderabad,Other/Cultural Site,2024,September,Monsoon,"Ganesh Chaturthi, Engili Pula Bathukamma (start)",271,271
Exhibition Grounds,Hyderabad,Other/Cultural Site,2024,October,Post-Monsoon,"Bathukamma (Saddula Bathukamma), Dussehra/Vijayadashami",380,380
Exhibition Grounds,Hyderabad,Other/Cultural Site,2024,November,Post-Monsoon,Diwali/Deepavali,406,406
Exhibition Grounds,Hyderabad,Other/Cultural Site,2024,December,Winter,Christmas,463,463
Exhibition Grounds,Hyderabad,Other/Cultural Site,2025,January,Winter,"Bhogi, Sankranti/Pongal, New Year's Day, Republic Day",456,456
Exhibition Grounds,Hyderabad,Other/Cultural Site,2025,February,Winter,Maha Shivaratri,438,438
Exhibition Grounds,Hyderabad,Other/Cultural Site,2025,March,Summer,"Holi, Ugadi, Eid-ul-Fitr",315,315
Exhibition Grounds,Hyderabad,Other/Cultural Site,2025,April,Summer,"Sri Rama Navami, Ambedkar Jayanti",345,345
Exhibition Grounds,Hyderabad,Other/Cultural Site,2025,May,Summer,May Day,407,407
Exhibition Grounds,Hyderabad,Other/Cultural Site,2025,June,Monsoon,"Bakrid/Eid-ul-Adha, Telangana Formation Day",250,250
Exhibition Grounds,Hyderabad,Other/Cultural Site,2025,July,Monsoon,Bonalu,249,249
Exhibition Grounds,Hyderabad,Other/Cultural Site,2025,August,Monsoon,"Krishna Ashtami, Vinayaka Chavithi, Independence Day",275,275
Exhibition Grounds,Hyderabad,Other/Cultural Site,2025,September,Monsoon,Bathukamma (Engili Pula to Saddula),267,267
Exhibition Grounds,Hyderabad,Other/Cultural Site,2025,October,Post-Monsoon,"Vijaya Dasami/Dussehra, Diwali/Deepavali",418,418
Exhibition Grounds,Hyderabad,Other/Cultural Site,2025,November,Post-Monsoon,No Major Festival / Public Holiday,420,420
Exhibition Grounds,Hyderabad,Other/Cultural Site,2025,December,Winter,Christmas,441,441
Fakhruddin Gutta,Ranga Reddy,Cave/Hill/Viewpoint,2024,January,Winter,"Bhogi, Sankranti/Pongal, New Year's Day, Republic Day",968,968
Fakhruddin Gutta,Ranga Reddy,Cave/Hill/Viewpoint,2024,February,Winter,No Major Festival / Public Holiday,1001,1001
Fakhruddin Gutta,Ranga Reddy,Cave/Hill/Viewpoint,2024,March,Summer,"Maha Shivaratri, Holi",723,723
Fakhruddin Gutta,Ranga Reddy,Cave/Hill/Viewpoint,2024,April,Summer,"Ugadi, Sri Rama Navami, Eid-ul-Fitr, Ambedkar Jayanti",749,749
Fakhruddin Gutta,Ranga Reddy,Cave/Hill/Viewpoint,2024,May,Summer,May Day,918,918
Fakhruddin Gutta,Ranga Reddy,Cave/Hill/Viewpoint,2024,June,Monsoon,"Bakrid/Eid-ul-Adha, Telangana Formation Day",610,610
Fakhruddin Gutta,Ranga Reddy,Cave/Hill/Viewpoint,2024,July,Monsoon,Bonalu,632,632
Fakhruddin Gutta,Ranga Reddy,Cave/Hill/Viewpoint,2024,August,Monsoon,"Raksha Bandhan, Krishna Janmashtami, Independence Day",607,607
Fakhruddin Gutta,Ranga Reddy,Cave/Hill/Viewpoint,2024,September,Monsoon,"Ganesh Chaturthi, Engili Pula Bathukamma (start)",617,617
Fakhruddin Gutta,Ranga Reddy,Cave/Hill/Viewpoint,2024,October,Post-Monsoon,"Bathukamma (Saddula Bathukamma), Dussehra/Vijayadashami",920,920
Fakhruddin Gutta,Ranga Reddy,Cave/Hill/Viewpoint,2024,November,Post-Monsoon,Diwali/Deepavali,934,934
Fakhruddin Gutta,Ranga Reddy,Cave/Hill/Viewpoint,2024,December,Winter,Christmas,948,948
Fakhruddin Gutta,Ranga Reddy,Cave/Hill/Viewpoint,2025,January,Winter,"Bhogi, Sankranti/Pongal, New Year's Day, Republic Day",970,970
Fakhruddin Gutta,Ranga Reddy,Cave/Hill/Viewpoint,2025,February,Winter,Maha Shivaratri,983,983
Fakhruddin Gutta,Ranga Reddy,Cave/Hill/Viewpoint,2025,March,Summer,"Holi, Ugadi, Eid-ul-Fitr",757,757
Fakhruddin Gutta,Ranga Reddy,Cave/Hill/Viewpoint,2025,April,Summer,"Sri Rama Navami, Ambedkar Jayanti",718,718
Fakhruddin Gutta,Ranga Reddy,Cave/Hill/Viewpoint,2025,May,Summer,May Day,880,880
Fakhruddin Gutta,Ranga Reddy,Cave/Hill/Viewpoint,2025,June,Monsoon,"Bakrid/Eid-ul-Adha, Telangana Formation Day",583,583
Fakhruddin Gutta,Ranga Reddy,Cave/Hill/Viewpoint,2025,July,Monsoon,Bonalu,633,633
Fakhruddin Gutta,Ranga Reddy,Cave/Hill/Viewpoint,2025,August,Monsoon,"Krishna Ashtami, Vinayaka Chavithi, Independence Day",587,587
Fakhruddin Gutta,Ranga Reddy,Cave/Hill/Viewpoint,2025,September,Monsoon,Bathukamma (Engili Pula to Saddula),598,598
Fakhruddin Gutta,Ranga Reddy,Cave/Hill/Viewpoint,2025,October,Post-Monsoon,"Vijaya Dasami/Dussehra, Diwali/Deepavali",886,886
Fakhruddin Gutta,Ranga Reddy,Cave/Hill/Viewpoint,2025,November,Post-Monsoon,No Major Festival / Public Holiday,932,932
Fakhruddin Gutta,Ranga Reddy,Cave/Hill/Viewpoint,2025,December,Winter,Christmas,973,973
Falaknuma Palace,Hyderabad,Palace/Heritage,2024,January,Winter,"Bhogi, Sankranti/Pongal, New Year's Day, Republic Day",9203,9203
Falaknuma Palace,Hyderabad,Palace/Heritage,2024,February,Winter,No Major Festival / Public Holiday,6172,6172
Falaknuma Palace,Hyderabad,Palace/Heritage,2024,March,Summer,"Maha Shivaratri, Holi",4514,4514
Falaknuma Palace,Hyderabad,Palace/Heritage,2024,April,Summer,"Ugadi, Sri Rama Navami, Eid-ul-Fitr, Ambedkar Jayanti",4816,4816
Falaknuma Palace,Hyderabad,Palace/Heritage,2024,May,Summer,May Day,5483,5483
Falaknuma Palace,Hyderabad,Palace/Heritage,2024,June,Monsoon,"Bakrid/Eid-ul-Adha, Telangana Formation Day",3680,3680
Falaknuma Palace,Hyderabad,Palace/Heritage,2024,July,Monsoon,Bonalu,3753,3753
Falaknuma Palace,Hyderabad,Palace/Heritage,2024,August,Monsoon,"Raksha Bandhan, Krishna Janmashtami, Independence Day",3918,3918
Falaknuma Palace,Hyderabad,Palace/Heritage,2024,September,Monsoon,"Ganesh Chaturthi, Engili Pula Bathukamma (start)",3747,3747
Falaknuma Palace,Hyderabad,Palace/Heritage,2024,October,Post-Monsoon,"Bathukamma (Saddula Bathukamma), Dussehra/Vijayadashami",8245,8245
Falaknuma Palace,Hyderabad,Palace/Heritage,2024,November,Post-Monsoon,Diwali/Deepavali,6090,6090
Falaknuma Palace,Hyderabad,Palace/Heritage,2024,December,Winter,Christmas,8363,8363
Falaknuma Palace,Hyderabad,Palace/Heritage,2025,January,Winter,"Bhogi, Sankranti/Pongal, New Year's Day, Republic Day",8513,8513
Falaknuma Palace,Hyderabad,Palace/Heritage,2025,February,Winter,Maha Shivaratri,6170,6170
Falaknuma Palace,Hyderabad,Palace/Heritage,2025,March,Summer,"Holi, Ugadi, Eid-ul-Fitr",4705,4705
Falaknuma Palace,Hyderabad,Palace/Heritage,2025,April,Summer,"Sri Rama Navami, Ambedkar Jayanti",4699,4699
Falaknuma Palace,Hyderabad,Palace/Heritage,2025,May,Summer,May Day,6031,6031
Falaknuma Palace,Hyderabad,Palace/Heritage,2025,June,Monsoon,"Bakrid/Eid-ul-Adha, Telangana Formation Day",3846,3846
Falaknuma Palace,Hyderabad,Palace/Heritage,2025,July,Monsoon,Bonalu,3798,3798
Falaknuma Palace,Hyderabad,Palace/Heritage,2025,August,Monsoon,"Krishna Ashtami, Vinayaka Chavithi, Independence Day",3664,3664
Falaknuma Palace,Hyderabad,Palace/Heritage,2025,September,Monsoon,Bathukamma (Engili Pula to Saddula),3895,3895
Falaknuma Palace,Hyderabad,Palace/Heritage,2025,October,Post-Monsoon,"Vijaya Dasami/Dussehra, Diwali/Deepavali",8489,8489
Falaknuma Palace,Hyderabad,Palace/Heritage,2025,November,Post-Monsoon,No Major Festival / Public Holiday,5971,5971
Falaknuma Palace,Hyderabad,Palace/Heritage,2025,December,Winter,Christmas,8226,8226
Farhabad Viewpoint,Nagarkurnool,Cave/Hill/Viewpoint,2024,January,Winter,"Bhogi, Sankranti/Pongal, New Year's Day, Republic Day",1030,1030
Farhabad Viewpoint,Nagarkurnool,Cave/Hill/Viewpoint,2024,February,Winter,No Major Festival / Public Holiday,948,948
Farhabad Viewpoint,Nagarkurnool,Cave/Hill/Viewpoint,2024,March,Summer,"Maha Shivaratri, Holi",721,721
Farhabad Viewpoint,Nagarkurnool,Cave/Hill/Viewpoint,2024,April,Summer,"Ugadi, Sri Rama Navami, Eid-ul-Fitr, Ambedkar Jayanti",746,746
Farhabad Viewpoint,Nagarkurnool,Cave/Hill/Viewpoint,2024,May,Summer,May Day,968,968
Farhabad Viewpoint,Nagarkurnool,Cave/Hill/Viewpoint,2024,June,Monsoon,"Bakrid/Eid-ul-Adha, Telangana Formation Day",612,612
Farhabad Viewpoint,Nagarkurnool,Cave/Hill/Viewpoint,2024,July,Monsoon,Bonalu,612,612
Farhabad Viewpoint,Nagarkurnool,Cave/Hill/Viewpoint,2024,August,Monsoon,"Raksha Bandhan, Krishna Janmashtami, Independence Day",590,590
Farhabad Viewpoint,Nagarkurnool,Cave/Hill/Viewpoint,2024,September,Monsoon,"Ganesh Chaturthi, Engili Pula Bathukamma (start)",606,606
Farhabad Viewpoint,Nagarkurnool,Cave/Hill/Viewpoint,2024,October,Post-Monsoon,"Bathukamma (Saddula Bathukamma), Dussehra/Vijayadashami",865,865
Farhabad Viewpoint,Nagarkurnool,Cave/Hill/Viewpoint,2024,November,Post-Monsoon,Diwali/Deepavali,935,935
Farhabad Viewpoint,Nagarkurnool,Cave/Hill/Viewpoint,2024,December,Winter,Christmas,1049,1049
Farhabad Viewpoint,Nagarkurnool,Cave/Hill/Viewpoint,2025,January,Winter,"Bhogi, Sankranti/Pongal, New Year's Day, Republic Day",1013,1013
Farhabad Viewpoint,Nagarkurnool,Cave/Hill/Viewpoint,2025,February,Winter,Maha Shivaratri,1044,1044
Farhabad Viewpoint,Nagarkurnool,Cave/Hill/Viewpoint,2025,March,Summer,"Holi, Ugadi, Eid-ul-Fitr",780,780
Farhabad Viewpoint,Nagarkurnool,Cave/Hill/Viewpoint,2025,April,Summer,"Sri Rama Navami, Ambedkar Jayanti",725,725
Farhabad Viewpoint,Nagarkurnool,Cave/Hill/Viewpoint,2025,May,Summer,May Day,964,964
Farhabad Viewpoint,Nagarkurnool,Cave/Hill/Viewpoint,2025,June,Monsoon,"Bakrid/Eid-ul-Adha, Telangana Formation Day",568,568
Farhabad Viewpoint,Nagarkurnool,Cave/Hill/Viewpoint,2025,July,Monsoon,Bonalu,602,602
Farhabad Viewpoint,Nagarkurnool,Cave/Hill/Viewpoint,2025,August,Monsoon,"Krishna Ashtami, Vinayaka Chavithi, Independence Day",574,574
Farhabad Viewpoint,Nagarkurnool,Cave/Hill/Viewpoint,2025,September,Monsoon,Bathukamma (Engili Pula to Saddula),564,564
Farhabad Viewpoint,Nagarkurnool,Cave/Hill/Viewpoint,2025,October,Post-Monsoon,"Vijaya Dasami/Dussehra, Diwali/Deepavali",911,911
Farhabad Viewpoint,Nagarkurnool,Cave/Hill/Viewpoint,2025,November,Post-Monsoon,No Major Festival / Public Holiday,897,897
Farhabad Viewpoint,Nagarkurnool,Cave/Hill/Viewpoint,2025,December,Winter,Christmas,998,998
Fox Sagar Lake,Hyderabad,Lake/Reservoir,2024,January,Winter,"Bhogi, Sankranti/Pongal, New Year's Day, Republic Day",732,732
Fox Sagar Lake,Hyderabad,Lake/Reservoir,2024,February,Winter,No Major Festival / Public Holiday,776,776
Fox Sagar Lake,Hyderabad,Lake/Reservoir,2024,March,Summer,"Maha Shivaratri, Holi",566,566
Fox Sagar Lake,Hyderabad,Lake/Reservoir,2024,April,Summer,"Ugadi, Sri Rama Navami, Eid-ul-Fitr, Ambedkar Jayanti",590,590
Fox Sagar Lake,Hyderabad,Lake/Reservoir,2024,May,Summer,May Day,716,716
Fox Sagar Lake,Hyderabad,Lake/Reservoir,2024,June,Monsoon,"Bakrid/Eid-ul-Adha, Telangana Formation Day",469,469
Fox Sagar Lake,Hyderabad,Lake/Reservoir,2024,July,Monsoon,Bonalu,472,472
Fox Sagar Lake,Hyderabad,Lake/Reservoir,2024,August,Monsoon,"Raksha Bandhan, Krishna Janmashtami, Independence Day",446,446
Fox Sagar Lake,Hyderabad,Lake/Reservoir,2024,September,Monsoon,"Ganesh Chaturthi, Engili Pula Bathukamma (start)",440,440
Fox Sagar Lake,Hyderabad,Lake/Reservoir,2024,October,Post-Monsoon,"Bathukamma (Saddula Bathukamma), Dussehra/Vijayadashami",696,696
Fox Sagar Lake,Hyderabad,Lake/Reservoir,2024,November,Post-Monsoon,Diwali/Deepavali,679,679
Fox Sagar Lake,Hyderabad,Lake/Reservoir,2024,December,Winter,Christmas,759,759
Fox Sagar Lake,Hyderabad,Lake/Reservoir,2025,January,Winter,"Bhogi, Sankranti/Pongal, New Year's Day, Republic Day",768,768
Fox Sagar Lake,Hyderabad,Lake/Reservoir,2025,February,Winter,Maha Shivaratri,766,766
Fox Sagar Lake,Hyderabad,Lake/Reservoir,2025,March,Summer,"Holi, Ugadi, Eid-ul-Fitr",561,561
Fox Sagar Lake,Hyderabad,Lake/Reservoir,2025,April,Summer,"Sri Rama Navami, Ambedkar Jayanti",547,547
Fox Sagar Lake,Hyderabad,Lake/Reservoir,2025,May,Summer,May Day,684,684
Fox Sagar Lake,Hyderabad,Lake/Reservoir,2025,June,Monsoon,"Bakrid/Eid-ul-Adha, Telangana Formation Day",430,430
Fox Sagar Lake,Hyderabad,Lake/Reservoir,2025,July,Monsoon,Bonalu,471,471
Fox Sagar Lake,Hyderabad,Lake/Reservoir,2025,August,Monsoon,"Krishna Ashtami, Vinayaka Chavithi, Independence Day",441,441
Fox Sagar Lake,Hyderabad,Lake/Reservoir,2025,September,Monsoon,Bathukamma (Engili Pula to Saddula),431,431
Fox Sagar Lake,Hyderabad,Lake/Reservoir,2025,October,Post-Monsoon,"Vijaya Dasami/Dussehra, Diwali/Deepavali",650,650
Fox Sagar Lake,Hyderabad,Lake/Reservoir,2025,November,Post-Monsoon,No Major Festival / Public Holiday,702,702
Fox Sagar Lake,Hyderabad,Lake/Reservoir,2025,December,Winter,Christmas,762,762
Gadwal Fort,Jogulamba Gadwal,Fort,2024,January,Winter,"Bhogi, Sankranti/Pongal, New Year's Day, Republic Day",8734,8734
Gadwal Fort,Jogulamba Gadwal,Fort,2024,February,Winter,No Major Festival / Public Holiday,5895,5895
Gadwal Fort,Jogulamba Gadwal,Fort,2024,March,Summer,"Maha Shivaratri, Holi",4753,4753
Gadwal Fort,Jogulamba Gadwal,Fort,2024,April,Summer,"Ugadi, Sri Rama Navami, Eid-ul-Fitr, Ambedkar Jayanti",5014,5014
Gadwal Fort,Jogulamba Gadwal,Fort,2024,May,Summer,May Day,5670,5670
Gadwal Fort,Jogulamba Gadwal,Fort,2024,June,Monsoon,"Bakrid/Eid-ul-Adha, Telangana Formation Day",3542,3542
Gadwal Fort,Jogulamba Gadwal,Fort,2024,July,Monsoon,Bonalu,3538,3538
Gadwal Fort,Jogulamba Gadwal,Fort,2024,August,Monsoon,"Raksha Bandhan, Krishna Janmashtami, Independence Day",3699,3699
Gadwal Fort,Jogulamba Gadwal,Fort,2024,September,Monsoon,"Ganesh Chaturthi, Engili Pula Bathukamma (start)",3597,3597
Gadwal Fort,Jogulamba Gadwal,Fort,2024,October,Post-Monsoon,"Bathukamma (Saddula Bathukamma), Dussehra/Vijayadashami",7589,7589
Gadwal Fort,Jogulamba Gadwal,Fort,2024,November,Post-Monsoon,Diwali/Deepavali,5926,5926
Gadwal Fort,Jogulamba Gadwal,Fort,2024,December,Winter,Christmas,8706,8706
Gadwal Fort,Jogulamba Gadwal,Fort,2025,January,Winter,"Bhogi, Sankranti/Pongal, New Year's Day, Republic Day",8528,8528
Gadwal Fort,Jogulamba Gadwal,Fort,2025,February,Winter,Maha Shivaratri,6550,6550
Gadwal Fort,Jogulamba Gadwal,Fort,2025,March,Summer,"Holi, Ugadi, Eid-ul-Fitr",4531,4531
Gadwal Fort,Jogulamba Gadwal,Fort,2025,April,Summer,"Sri Rama Navami, Ambedkar Jayanti",5009,5009
Gadwal Fort,Jogulamba Gadwal,Fort,2025,May,Summer,May Day,5621,5621
Gadwal Fort,Jogulamba Gadwal,Fort,2025,June,Monsoon,"Bakrid/Eid-ul-Adha, Telangana Formation Day",3924,3924
Gadwal Fort,Jogulamba Gadwal,Fort,2025,July,Monsoon,Bonalu,3796,3796
Gadwal Fort,Jogulamba Gadwal,Fort,2025,August,Monsoon,"Krishna Ashtami, Vinayaka Chavithi, Independence Day",3897,3897
Gadwal Fort,Jogulamba Gadwal,Fort,2025,September,Monsoon,Bathukamma (Engili Pula to Saddula),3967,3967
Gadwal Fort,Jogulamba Gadwal,Fort,2025,October,Post-Monsoon,"Vijaya Dasami/Dussehra, Diwali/Deepavali",7845,7845
Gadwal Fort,Jogulamba Gadwal,Fort,2025,November,Post-Monsoon,No Major Festival / Public Holiday,6068,6068
Gadwal Fort,Jogulamba Gadwal,Fort,2025,December,Winter,Christmas,8633,8633
Gandhari Killa,Mancherial,Fort,2024,January,Winter,"Bhogi, Sankranti/Pongal, New Year's Day, Republic Day",8285,8285
Gandhari Killa,Mancherial,Fort,2024,February,Winter,No Major Festival / Public Holiday,6131,6131
Gandhari Killa,Mancherial,Fort,2024,March,Summer,"Maha Shivaratri, Holi",4619,4619
Gandhari Killa,Mancherial,Fort,2024,April,Summer,"Ugadi, Sri Rama Navami, Eid-ul-Fitr, Ambedkar Jayanti",5015,5015
Gandhari Killa,Mancherial,Fort,2024,May,Summer,May Day,5789,5789
Gandhari Killa,Mancherial,Fort,2024,June,Monsoon,"Bakrid/Eid-ul-Adha, Telangana Formation Day",3681,3681
Gandhari Killa,Mancherial,Fort,2024,July,Monsoon,Bonalu,3786,3786
Gandhari Killa,Mancherial,Fort,2024,August,Monsoon,"Raksha Bandhan, Krishna Janmashtami, Independence Day",3587,3587
Gandhari Killa,Mancherial,Fort,2024,September,Monsoon,"Ganesh Chaturthi, Engili Pula Bathukamma (start)",3724,3724
Gandhari Killa,Mancherial,Fort,2024,October,Post-Monsoon,"Bathukamma (Saddula Bathukamma), Dussehra/Vijayadashami",8171,8171
Gandhari Killa,Mancherial,Fort,2024,November,Post-Monsoon,Diwali/Deepavali,5742,5742
Gandhari Killa,Mancherial,Fort,2024,December,Winter,Christmas,8646,8646
Gandhari Killa,Mancherial,Fort,2025,January,Winter,"Bhogi, Sankranti/Pongal, New Year's Day, Republic Day",9268,9268
Gandhari Killa,Mancherial,Fort,2025,February,Winter,Maha Shivaratri,6535,6535
Gandhari Killa,Mancherial,Fort,2025,March,Summer,"Holi, Ugadi, Eid-ul-Fitr",4820,4820
Gandhari Killa,Mancherial,Fort,2025,April,Summer,"Sri Rama Navami, Ambedkar Jayanti",4789,4789
Gandhari Killa,Mancherial,Fort,2025,May,Summer,May Day,5833,5833
Gandhari Killa,Mancherial,Fort,2025,June,Monsoon,"Bakrid/Eid-ul-Adha, Telangana Formation Day",3615,3615
Gandhari Killa,Mancherial,Fort,2025,July,Monsoon,Bonalu,3702,3702
Gandhari Killa,Mancherial,Fort,2025,August,Monsoon,"Krishna Ashtami, Vinayaka Chavithi, Independence Day",3542,3542
Gandhari Killa,Mancherial,Fort,2025,September,Monsoon,Bathukamma (Engili Pula to Saddula),3738,3738
Gandhari Killa,Mancherial,Fort,2025,October,Post-Monsoon,"Vijaya Dasami/Dussehra, Diwali/Deepavali",8091,8091
Gandhari Killa,Mancherial,Fort,2025,November,Post-Monsoon,No Major Festival / Public Holiday,5562,5562
Gandhari Killa,Mancherial,Fort,2025,December,Winter,Christmas,9237,9237
Genome Valley Nature Area,Medchal-Malkajgiri,Other/Cultural Site,2024,January,Winter,"Bhogi, Sankranti/Pongal, New Year's Day, Republic Day",435,435
Genome Valley Nature Area,Medchal-Malkajgiri,Other/Cultural Site,2024,February,Winter,No Major Festival / Public Holiday,462,462
Genome Valley Nature Area,Medchal-Malkajgiri,Other/Cultural Site,2024,March,Summer,"Maha Shivaratri, Holi",331,331
Genome Valley Nature Area,Medchal-Malkajgiri,Other/Cultural Site,2024,April,Summer,"Ugadi, Sri Rama Navami, Eid-ul-Fitr, Ambedkar Jayanti",347,347
Genome Valley Nature Area,Medchal-Malkajgiri,Other/Cultural Site,2024,May,Summer,May Day,406,406
Genome Valley Nature Area,Medchal-Malkajgiri,Other/Cultural Site,2024,June,Monsoon,"Bakrid/Eid-ul-Adha, Telangana Formation Day",258,258
Genome Valley Nature Area,Medchal-Malkajgiri,Other/Cultural Site,2024,July,Monsoon,Bonalu,255,255
Genome Valley Nature Area,Medchal-Malkajgiri,Other/Cultural Site,2024,August,Monsoon,"Raksha Bandhan, Krishna Janmashtami, Independence Day",253,253
Genome Valley Nature Area,Medchal-Malkajgiri,Other/Cultural Site,2024,September,Monsoon,"Ganesh Chaturthi, Engili Pula Bathukamma (start)",270,270
Genome Valley Nature Area,Medchal-Malkajgiri,Other/Cultural Site,2024,October,Post-Monsoon,"Bathukamma (Saddula Bathukamma), Dussehra/Vijayadashami",397,397
Genome Valley Nature Area,Medchal-Malkajgiri,Other/Cultural Site,2024,November,Post-Monsoon,Diwali/Deepavali,403,403
Genome Valley Nature Area,Medchal-Malkajgiri,Other/Cultural Site,2024,December,Winter,Christmas,437,437
Genome Valley Nature Area,Medchal-Malkajgiri,Other/Cultural Site,2025,January,Winter,"Bhogi, Sankranti/Pongal, New Year's Day, Republic Day",441,441
Genome Valley Nature Area,Medchal-Malkajgiri,Other/Cultural Site,2025,February,Winter,Maha Shivaratri,456,456
Genome Valley Nature Area,Medchal-Malkajgiri,Other/Cultural Site,2025,March,Summer,"Holi, Ugadi, Eid-ul-Fitr",351,351
Genome Valley Nature Area,Medchal-Malkajgiri,Other/Cultural Site,2025,April,Summer,"Sri Rama Navami, Ambedkar Jayanti",328,328
Genome Valley Nature Area,Medchal-Malkajgiri,Other/Cultural Site,2025,May,Summer,May Day,418,418
Genome Valley Nature Area,Medchal-Malkajgiri,Other/Cultural Site,2025,June,Monsoon,"Bakrid/Eid-ul-Adha, Telangana Formation Day",270,270
Genome Valley Nature Area,Medchal-Malkajgiri,Other/Cultural Site,2025,July,Monsoon,Bonalu,264,264
Genome Valley Nature Area,Medchal-Malkajgiri,Other/Cultural Site,2025,August,Monsoon,"Krishna Ashtami, Vinayaka Chavithi, Independence Day",276,276
Genome Valley Nature Area,Medchal-Malkajgiri,Other/Cultural Site,2025,September,Monsoon,Bathukamma (Engili Pula to Saddula),253,253
Genome Valley Nature Area,Medchal-Malkajgiri,Other/Cultural Site,2025,October,Post-Monsoon,"Vijaya Dasami/Dussehra, Diwali/Deepavali",383,383
Genome Valley Nature Area,Medchal-Malkajgiri,Other/Cultural Site,2025,November,Post-Monsoon,No Major Festival / Public Holiday,419,419
Genome Valley Nature Area,Medchal-Malkajgiri,Other/Cultural Site,2025,December,Winter,Christmas,434,434
Ghanpur Cheruvu,Mulugu,Lake/Reservoir,2024,January,Winter,"Bhogi, Sankranti/Pongal, New Year's Day, Republic Day",767,767
Ghanpur Cheruvu,Mulugu,Lake/Reservoir,2024,February,Winter,No Major Festival / Public Holiday,717,717
Ghanpur Cheruvu,Mulugu,Lake/Reservoir,2024,March,Summer,"Maha Shivaratri, Holi",556,556
Ghanpur Cheruvu,Mulugu,Lake/Reservoir,2024,April,Summer,"Ugadi, Sri Rama Navami, Eid-ul-Fitr, Ambedkar Jayanti",560,560
Ghanpur Cheruvu,Mulugu,Lake/Reservoir,2024,May,Summer,May Day,715,715
Ghanpur Cheruvu,Mulugu,Lake/Reservoir,2024,June,Monsoon,"Bakrid/Eid-ul-Adha, Telangana Formation Day",438,438
Ghanpur Cheruvu,Mulugu,Lake/Reservoir,2024,July,Monsoon,Bonalu,434,434
Ghanpur Cheruvu,Mulugu,Lake/Reservoir,2024,August,Monsoon,"Raksha Bandhan, Krishna Janmashtami, Independence Day",474,474
Ghanpur Cheruvu,Mulugu,Lake/Reservoir,2024,September,Monsoon,"Ganesh Chaturthi, Engili Pula Bathukamma (start)",423,423
Ghanpur Cheruvu,Mulugu,Lake/Reservoir,2024,October,Post-Monsoon,"Bathukamma (Saddula Bathukamma), Dussehra/Vijayadashami",731,731
Ghanpur Cheruvu,Mulugu,Lake/Reservoir,2024,November,Post-Monsoon,Diwali/Deepavali,704,704
Ghanpur Cheruvu,Mulugu,Lake/Reservoir,2024,December,Winter,Christmas,779,779
Ghanpur Cheruvu,Mulugu,Lake/Reservoir,2025,January,Winter,"Bhogi, Sankranti/Pongal, New Year's Day, Republic Day",731,731
Ghanpur Cheruvu,Mulugu,Lake/Reservoir,2025,February,Winter,Maha Shivaratri,706,706
Ghanpur Cheruvu,Mulugu,Lake/Reservoir,2025,March,Summer,"Holi, Ugadi, Eid-ul-Fitr",586,586
Ghanpur Cheruvu,Mulugu,Lake/Reservoir,2025,April,Summer,"Sri Rama Navami, Ambedkar Jayanti",592,592
Ghanpur Cheruvu,Mulugu,Lake/Reservoir,2025,May,Summer,May Day,709,709
Ghanpur Cheruvu,Mulugu,Lake/Reservoir,2025,June,Monsoon,"Bakrid/Eid-ul-Adha, Telangana Formation Day",430,430
Ghanpur Cheruvu,Mulugu,Lake/Reservoir,2025,July,Monsoon,Bonalu,463,463
Ghanpur Cheruvu,Mulugu,Lake/Reservoir,2025,August,Monsoon,"Krishna Ashtami, Vinayaka Chavithi, Independence Day",464,464
Ghanpur Cheruvu,Mulugu,Lake/Reservoir,2025,September,Monsoon,Bathukamma (Engili Pula to Saddula),458,458
Ghanpur Cheruvu,Mulugu,Lake/Reservoir,2025,October,Post-Monsoon,"Vijaya Dasami/Dussehra, Diwali/Deepavali",712,712
Ghanpur Cheruvu,Mulugu,Lake/Reservoir,2025,November,Post-Monsoon,No Major Festival / Public Holiday,718,718
Ghanpur Cheruvu,Mulugu,Lake/Reservoir,2025,December,Winter,Christmas,760,760
Godavari Ghat,Bhadradri Kothagudem,Cave/Hill/Viewpoint,2024,January,Winter,"Bhogi, Sankranti/Pongal, New Year's Day, Republic Day",1002,1002
Godavari Ghat,Bhadradri Kothagudem,Cave/Hill/Viewpoint,2024,February,Winter,No Major Festival / Public Holiday,975,975
Godavari Ghat,Bhadradri Kothagudem,Cave/Hill/Viewpoint,2024,March,Summer,"Maha Shivaratri, Holi",721,721
Godavari Ghat,Bhadradri Kothagudem,Cave/Hill/Viewpoint,2024,April,Summer,"Ugadi, Sri Rama Navami, Eid-ul-Fitr, Ambedkar Jayanti",760,760
Godavari Ghat,Bhadradri Kothagudem,Cave/Hill/Viewpoint,2024,May,Summer,May Day,952,952
Godavari Ghat,Bhadradri Kothagudem,Cave/Hill/Viewpoint,2024,June,Monsoon,"Bakrid/Eid-ul-Adha, Telangana Formation Day",614,614
Godavari Ghat,Bhadradri Kothagudem,Cave/Hill/Viewpoint,2024,July,Monsoon,Bonalu,567,567
Godavari Ghat,Bhadradri Kothagudem,Cave/Hill/Viewpoint,2024,August,Monsoon,"Raksha Bandhan, Krishna Janmashtami, Independence Day",569,569
Godavari Ghat,Bhadradri Kothagudem,Cave/Hill/Viewpoint,2024,September,Monsoon,"Ganesh Chaturthi, Engili Pula Bathukamma (start)",593,593
Godavari Ghat,Bhadradri Kothagudem,Cave/Hill/Viewpoint,2024,October,Post-Monsoon,"Bathukamma (Saddula Bathukamma), Dussehra/Vijayadashami",897,897
Godavari Ghat,Bhadradri Kothagudem,Cave/Hill/Viewpoint,2024,November,Post-Monsoon,Diwali/Deepavali,890,890
Godavari Ghat,Bhadradri Kothagudem,Cave/Hill/Viewpoint,2024,December,Winter,Christmas,973,973
Godavari Ghat,Bhadradri Kothagudem,Cave/Hill/Viewpoint,2025,January,Winter,"Bhogi, Sankranti/Pongal, New Year's Day, Republic Day",1036,1036
Godavari Ghat,Bhadradri Kothagudem,Cave/Hill/Viewpoint,2025,February,Winter,Maha Shivaratri,1051,1051
Godavari Ghat,Bhadradri Kothagudem,Cave/Hill/Viewpoint,2025,March,Summer,"Holi, Ugadi, Eid-ul-Fitr",751,751
Godavari Ghat,Bhadradri Kothagudem,Cave/Hill/Viewpoint,2025,April,Summer,"Sri Rama Navami, Ambedkar Jayanti",797,797
Godavari Ghat,Bhadradri Kothagudem,Cave/Hill/Viewpoint,2025,May,Summer,May Day,900,900
Godavari Ghat,Bhadradri Kothagudem,Cave/Hill/Viewpoint,2025,June,Monsoon,"Bakrid/Eid-ul-Adha, Telangana Formation Day",598,598
Godavari Ghat,Bhadradri Kothagudem,Cave/Hill/Viewpoint,2025,July,Monsoon,Bonalu,580,580
Godavari Ghat,Bhadradri Kothagudem,Cave/Hill/Viewpoint,2025,August,Monsoon,"Krishna Ashtami, Vinayaka Chavithi, Independence Day",610,610
Godavari Ghat,Bhadradri Kothagudem,Cave/Hill/Viewpoint,2025,September,Monsoon,Bathukamma (Engili Pula to Saddula),634,634
Godavari Ghat,Bhadradri Kothagudem,Cave/Hill/Viewpoint,2025,October,Post-Monsoon,"Vijaya Dasami/Dussehra, Diwali/Deepavali",931,931
Godavari Ghat,Bhadradri Kothagudem,Cave/Hill/Viewpoint,2025,November,Post-Monsoon,No Major Festival / Public Holiday,904,904
Godavari Ghat,Bhadradri Kothagudem,Cave/Hill/Viewpoint,2025,December,Winter,Christmas,1017,1017
Godavari River & Bathing Ghat,Nirmal,Cave/Hill/Viewpoint,2024,January,Winter,"Bhogi, Sankranti/Pongal, New Year's Day, Republic Day",1006,1006
Godavari River & Bathing Ghat,Nirmal,Cave/Hill/Viewpoint,2024,February,Winter,No Major Festival / Public Holiday,1002,1002
Godavari River & Bathing Ghat,Nirmal,Cave/Hill/Viewpoint,2024,March,Summer,"Maha Shivaratri, Holi",727,727
Godavari River & Bathing Ghat,Nirmal,Cave/Hill/Viewpoint,2024,April,Summer,"Ugadi, Sri Rama Navami, Eid-ul-Fitr, Ambedkar Jayanti",785,785
Godavari River & Bathing Ghat,Nirmal,Cave/Hill/Viewpoint,2024,May,Summer,May Day,894,894
Godavari River & Bathing Ghat,Nirmal,Cave/Hill/Viewpoint,2024,June,Monsoon,"Bakrid/Eid-ul-Adha, Telangana Formation Day",599,599
Godavari River & Bathing Ghat,Nirmal,Cave/Hill/Viewpoint,2024,July,Monsoon,Bonalu,584,584
Godavari River & Bathing Ghat,Nirmal,Cave/Hill/Viewpoint,2024,August,Monsoon,"Raksha Bandhan, Krishna Janmashtami, Independence Day",573,573
Godavari River & Bathing Ghat,Nirmal,Cave/Hill/Viewpoint,2024,September,Monsoon,"Ganesh Chaturthi, Engili Pula Bathukamma (start)",609,609
Godavari River & Bathing Ghat,Nirmal,Cave/Hill/Viewpoint,2024,October,Post-Monsoon,"Bathukamma (Saddula Bathukamma), Dussehra/Vijayadashami",870,870
Godavari River & Bathing Ghat,Nirmal,Cave/Hill/Viewpoint,2024,November,Post-Monsoon,Diwali/Deepavali,947,947
Godavari River & Bathing Ghat,Nirmal,Cave/Hill/Viewpoint,2024,December,Winter,Christmas,978,978
Godavari River & Bathing Ghat,Nirmal,Cave/Hill/Viewpoint,2025,January,Winter,"Bhogi, Sankranti/Pongal, New Year's Day, Republic Day",940,940
Godavari River & Bathing Ghat,Nirmal,Cave/Hill/Viewpoint,2025,February,Winter,Maha Shivaratri,1001,1001
Godavari River & Bathing Ghat,Nirmal,Cave/Hill/Viewpoint,2025,March,Summer,"Holi, Ugadi, Eid-ul-Fitr",718,718
Godavari River & Bathing Ghat,Nirmal,Cave/Hill/Viewpoint,2025,April,Summer,"Sri Rama Navami, Ambedkar Jayanti",739,739
Godavari River & Bathing Ghat,Nirmal,Cave/Hill/Viewpoint,2025,May,Summer,May Day,942,942
Godavari River & Bathing Ghat,Nirmal,Cave/Hill/Viewpoint,2025,June,Monsoon,"Bakrid/Eid-ul-Adha, Telangana Formation Day",568,568
Godavari River & Bathing Ghat,Nirmal,Cave/Hill/Viewpoint,2025,July,Monsoon,Bonalu,624,624
Godavari River & Bathing Ghat,Nirmal,Cave/Hill/Viewpoint,2025,August,Monsoon,"Krishna Ashtami, Vinayaka Chavithi, Independence Day",564,564
Godavari River & Bathing Ghat,Nirmal,Cave/Hill/Viewpoint,2025,September,Monsoon,Bathukamma (Engili Pula to Saddula),581,581
Godavari River & Bathing Ghat,Nirmal,Cave/Hill/Viewpoint,2025,October,Post-Monsoon,"Vijaya Dasami/Dussehra, Diwali/Deepavali",946,946
Godavari River & Bathing Ghat,Nirmal,Cave/Hill/Viewpoint,2025,November,Post-Monsoon,No Major Festival / Public Holiday,899,899
Godavari River & Bathing Ghat,Nirmal,Cave/Hill/Viewpoint,2025,December,Winter,Christmas,952,952
Golkonda / Golconda Fort,Hyderabad,Fort,2024,January,Winter,"Bhogi, Sankranti/Pongal, New Year's Day, Republic Day",218587,218587
Golkonda / Golconda Fort,Hyderabad,Fort,2024,February,Winter,No Major Festival / Public Holiday,154143,154143
Golkonda / Golconda Fort,Hyderabad,Fort,2024,March,Summer,"Maha Shivaratri, Holi",120641,120641
Golkonda / Golconda Fort,Hyderabad,Fort,2024,April,Summer,"Ugadi, Sri Rama Navami, Eid-ul-Fitr, Ambedkar Jayanti",121654,121654
Golkonda / Golconda Fort,Hyderabad,Fort,2024,May,Summer,May Day,135200,135200
Golkonda / Golconda Fort,Hyderabad,Fort,2024,June,Monsoon,"Bakrid/Eid-ul-Adha, Telangana Formation Day",90003,90003
Golkonda / Golconda Fort,Hyderabad,Fort,2024,July,Monsoon,Bonalu,96146,96146
Golkonda / Golconda Fort,Hyderabad,Fort,2024,August,Monsoon,"Raksha Bandhan, Krishna Janmashtami, Independence Day",95621,95621
Golkonda / Golconda Fort,Hyderabad,Fort,2024,September,Monsoon,"Ganesh Chaturthi, Engili Pula Bathukamma (start)",98993,98993
Golkonda / Golconda Fort,Hyderabad,Fort,2024,October,Post-Monsoon,"Bathukamma (Saddula Bathukamma), Dussehra/Vijayadashami",207554,207554
Golkonda / Golconda Fort,Hyderabad,Fort,2024,November,Post-Monsoon,Diwali/Deepavali,151525,151525
Golkonda / Golconda Fort,Hyderabad,Fort,2024,December,Winter,Christmas,224066,224066
Golkonda / Golconda Fort,Hyderabad,Fort,2025,January,Winter,"Bhogi, Sankranti/Pongal, New Year's Day, Republic Day",213448,213448
Golkonda / Golconda Fort,Hyderabad,Fort,2025,February,Winter,Maha Shivaratri,148850,148850
Golkonda / Golconda Fort,Hyderabad,Fort,2025,March,Summer,"Holi, Ugadi, Eid-ul-Fitr",122765,122765
Golkonda / Golconda Fort,Hyderabad,Fort,2025,April,Summer,"Sri Rama Navami, Ambedkar Jayanti",120804,120804
Golkonda / Golconda Fort,Hyderabad,Fort,2025,May,Summer,May Day,135956,135956
Golkonda / Golconda Fort,Hyderabad,Fort,2025,June,Monsoon,"Bakrid/Eid-ul-Adha, Telangana Formation Day",92175,92175
Golkonda / Golconda Fort,Hyderabad,Fort,2025,July,Monsoon,Bonalu,98888,98888
Golkonda / Golconda Fort,Hyderabad,Fort,2025,August,Monsoon,"Krishna Ashtami, Vinayaka Chavithi, Independence Day",93754,93754
Golkonda / Golconda Fort,Hyderabad,Fort,2025,September,Monsoon,Bathukamma (Engili Pula to Saddula),92993,92993
Golkonda / Golconda Fort,Hyderabad,Fort,2025,October,Post-Monsoon,"Vijaya Dasami/Dussehra, Diwali/Deepavali",200228,200228
Golkonda / Golconda Fort,Hyderabad,Fort,2025,November,Post-Monsoon,No Major Festival / Public Holiday,138728,138728
Golkonda / Golconda Fort,Hyderabad,Fort,2025,December,Winter,Christmas,215303,215303
Guddemdoddi Balancing Reservoir Dam,Jogulamba Gadwal,Lake/Reservoir,2024,January,Winter,"Bhogi, Sankranti/Pongal, New Year's Day, Republic Day",759,759
Guddemdoddi Balancing Reservoir Dam,Jogulamba Gadwal,Lake/Reservoir,2024,February,Winter,No Major Festival / Public Holiday,731,731
Guddemdoddi Balancing Reservoir Dam,Jogulamba Gadwal,Lake/Reservoir,2024,March,Summer,"Maha Shivaratri, Holi",545,545
Guddemdoddi Balancing Reservoir Dam,Jogulamba Gadwal,Lake/Reservoir,2024,April,Summer,"Ugadi, Sri Rama Navami, Eid-ul-Fitr, Ambedkar Jayanti",580,580
Guddemdoddi Balancing Reservoir Dam,Jogulamba Gadwal,Lake/Reservoir,2024,May,Summer,May Day,709,709
Guddemdoddi Balancing Reservoir Dam,Jogulamba Gadwal,Lake/Reservoir,2024,June,Monsoon,"Bakrid/Eid-ul-Adha, Telangana Formation Day",440,440
Guddemdoddi Balancing Reservoir Dam,Jogulamba Gadwal,Lake/Reservoir,2024,July,Monsoon,Bonalu,457,457
Guddemdoddi Balancing Reservoir Dam,Jogulamba Gadwal,Lake/Reservoir,2024,August,Monsoon,"Raksha Bandhan, Krishna Janmashtami, Independence Day",444,444
Guddemdoddi Balancing Reservoir Dam,Jogulamba Gadwal,Lake/Reservoir,2024,September,Monsoon,"Ganesh Chaturthi, Engili Pula Bathukamma (start)",461,461
Guddemdoddi Balancing Reservoir Dam,Jogulamba Gadwal,Lake/Reservoir,2024,October,Post-Monsoon,"Bathukamma (Saddula Bathukamma), Dussehra/Vijayadashami",665,665
Guddemdoddi Balancing Reservoir Dam,Jogulamba Gadwal,Lake/Reservoir,2024,November,Post-Monsoon,Diwali/Deepavali,722,722
Guddemdoddi Balancing Reservoir Dam,Jogulamba Gadwal,Lake/Reservoir,2024,December,Winter,Christmas,730,730
Guddemdoddi Balancing Reservoir Dam,Jogulamba Gadwal,Lake/Reservoir,2025,January,Winter,"Bhogi, Sankranti/Pongal, New Year's Day, Republic Day",738,738
Guddemdoddi Balancing Reservoir Dam,Jogulamba Gadwal,Lake/Reservoir,2025,February,Winter,Maha Shivaratri,710,710
Guddemdoddi Balancing Reservoir Dam,Jogulamba Gadwal,Lake/Reservoir,2025,March,Summer,"Holi, Ugadi, Eid-ul-Fitr",543,543
Guddemdoddi Balancing Reservoir Dam,Jogulamba Gadwal,Lake/Reservoir,2025,April,Summer,"Sri Rama Navami, Ambedkar Jayanti",571,571
Guddemdoddi Balancing Reservoir Dam,Jogulamba Gadwal,Lake/Reservoir,2025,May,Summer,May Day,670,670
Guddemdoddi Balancing Reservoir Dam,Jogulamba Gadwal,Lake/Reservoir,2025,June,Monsoon,"Bakrid/Eid-ul-Adha, Telangana Formation Day",468,468
Guddemdoddi Balancing Reservoir Dam,Jogulamba Gadwal,Lake/Reservoir,2025,July,Monsoon,Bonalu,423,423
Guddemdoddi Balancing Reservoir Dam,Jogulamba Gadwal,Lake/Reservoir,2025,August,Monsoon,"Krishna Ashtami, Vinayaka Chavithi, Independence Day",443,443
Guddemdoddi Balancing Reservoir Dam,Jogulamba Gadwal,Lake/Reservoir,2025,September,Monsoon,Bathukamma (Engili Pula to Saddula),441,441
Guddemdoddi Balancing Reservoir Dam,Jogulamba Gadwal,Lake/Reservoir,2025,October,Post-Monsoon,"Vijaya Dasami/Dussehra, Diwali/Deepavali",650,650
Guddemdoddi Balancing Reservoir Dam,Jogulamba Gadwal,Lake/Reservoir,2025,November,Post-Monsoon,No Major Festival / Public Holiday,658,658
Guddemdoddi Balancing Reservoir Dam,Jogulamba Gadwal,Lake/Reservoir,2025,December,Winter,Christmas,742,742
Hanuman statue,Bhadradri Kothagudem,Monument/Tomb,2024,January,Winter,"Bhogi, Sankranti/Pongal, New Year's Day, Republic Day",1754,1754
Hanuman statue,Bhadradri Kothagudem,Monument/Tomb,2024,February,Winter,No Major Festival / Public Holiday,1321,1321
Hanuman statue,Bhadradri Kothagudem,Monument/Tomb,2024,March,Summer,"Maha Shivaratri, Holi",907,907
Hanuman statue,Bhadradri Kothagudem,Monument/Tomb,2024,April,Summer,"Ugadi, Sri Rama Navami, Eid-ul-Fitr, Ambedkar Jayanti",894,894
Hanuman statue,Bhadradri Kothagudem,Monument/Tomb,2024,May,Summer,May Day,1187,1187
Hanuman statue,Bhadradri Kothagudem,Monument/Tomb,2024,June,Monsoon,"Bakrid/Eid-ul-Adha, Telangana Formation Day",777,777
Hanuman statue,Bhadradri Kothagudem,Monument/Tomb,2024,July,Monsoon,Bonalu,715,715
Hanuman statue,Bhadradri Kothagudem,Monument/Tomb,2024,August,Monsoon,"Raksha Bandhan, Krishna Janmashtami, Independence Day",728,728
Hanuman statue,Bhadradri Kothagudem,Monument/Tomb,2024,September,Monsoon,"Ganesh Chaturthi, Engili Pula Bathukamma (start)",706,706
Hanuman statue,Bhadradri Kothagudem,Monument/Tomb,2024,October,Post-Monsoon,"Bathukamma (Saddula Bathukamma), Dussehra/Vijayadashami",1570,1570
Hanuman statue,Bhadradri Kothagudem,Monument/Tomb,2024,November,Post-Monsoon,Diwali/Deepavali,1187,1187
Hanuman statue,Bhadradri Kothagudem,Monument/Tomb,2024,December,Winter,Christmas,1753,1753
Hanuman statue,Bhadradri Kothagudem,Monument/Tomb,2025,January,Winter,"Bhogi, Sankranti/Pongal, New Year's Day, Republic Day",1718,1718
Hanuman statue,Bhadradri Kothagudem,Monument/Tomb,2025,February,Winter,Maha Shivaratri,1230,1230
Hanuman statue,Bhadradri Kothagudem,Monument/Tomb,2025,March,Summer,"Holi, Ugadi, Eid-ul-Fitr",893,893
Hanuman statue,Bhadradri Kothagudem,Monument/Tomb,2025,April,Summer,"Sri Rama Navami, Ambedkar Jayanti",927,927
Hanuman statue,Bhadradri Kothagudem,Monument/Tomb,2025,May,Summer,May Day,1170,1170
Hanuman statue,Bhadradri Kothagudem,Monument/Tomb,2025,June,Monsoon,"Bakrid/Eid-ul-Adha, Telangana Formation Day",792,792
Hanuman statue,Bhadradri Kothagudem,Monument/Tomb,2025,July,Monsoon,Bonalu,781,781
Hanuman statue,Bhadradri Kothagudem,Monument/Tomb,2025,August,Monsoon,"Krishna Ashtami, Vinayaka Chavithi, Independence Day",707,707
Hanuman statue,Bhadradri Kothagudem,Monument/Tomb,2025,September,Monsoon,Bathukamma (Engili Pula to Saddula),785,785
Hanuman statue,Bhadradri Kothagudem,Monument/Tomb,2025,October,Post-Monsoon,"Vijaya Dasami/Dussehra, Diwali/Deepavali",1664,1664
Hanuman statue,Bhadradri Kothagudem,Monument/Tomb,2025,November,Post-Monsoon,No Major Festival / Public Holiday,1188,1188
Hanuman statue,Bhadradri Kothagudem,Monument/Tomb,2025,December,Winter,Christmas,1741,1741
Heritage Jail Museum,Sangareddy,Museum/Gallery,2024,January,Winter,"Bhogi, Sankranti/Pongal, New Year's Day, Republic Day",7412,7412
Heritage Jail Museum,Sangareddy,Museum/Gallery,2024,February,Winter,No Major Festival / Public Holiday,5026,5026
Heritage Jail Museum,Sangareddy,Museum/Gallery,2024,March,Summer,"Maha Shivaratri, Holi",4011,4011
Heritage Jail Museum,Sangareddy,Museum/Gallery,2024,April,Summer,"Ugadi, Sri Rama Navami, Eid-ul-Fitr, Ambedkar Jayanti",3606,3606
Heritage Jail Museum,Sangareddy,Museum/Gallery,2024,May,Summer,May Day,4525,4525
Heritage Jail Museum,Sangareddy,Museum/Gallery,2024,June,Monsoon,"Bakrid/Eid-ul-Adha, Telangana Formation Day",2901,2901
Heritage Jail Museum,Sangareddy,Museum/Gallery,2024,July,Monsoon,Bonalu,2890,2890
Heritage Jail Museum,Sangareddy,Museum/Gallery,2024,August,Monsoon,"Raksha Bandhan, Krishna Janmashtami, Independence Day",2870,2870
Heritage Jail Museum,Sangareddy,Museum/Gallery,2024,September,Monsoon,"Ganesh Chaturthi, Engili Pula Bathukamma (start)",3044,3044
Heritage Jail Museum,Sangareddy,Museum/Gallery,2024,October,Post-Monsoon,"Bathukamma (Saddula Bathukamma), Dussehra/Vijayadashami",6657,6657
Heritage Jail Museum,Sangareddy,Museum/Gallery,2024,November,Post-Monsoon,Diwali/Deepavali,4643,4643
Heritage Jail Museum,Sangareddy,Museum/Gallery,2024,December,Winter,Christmas,6703,6703
Heritage Jail Museum,Sangareddy,Museum/Gallery,2025,January,Winter,"Bhogi, Sankranti/Pongal, New Year's Day, Republic Day",7261,7261
Heritage Jail Museum,Sangareddy,Museum/Gallery,2025,February,Winter,Maha Shivaratri,5081,5081
Heritage Jail Museum,Sangareddy,Museum/Gallery,2025,March,Summer,"Holi, Ugadi, Eid-ul-Fitr",3749,3749
Heritage Jail Museum,Sangareddy,Museum/Gallery,2025,April,Summer,"Sri Rama Navami, Ambedkar Jayanti",3879,3879
Heritage Jail Museum,Sangareddy,Museum/Gallery,2025,May,Summer,May Day,4467,4467
Heritage Jail Museum,Sangareddy,Museum/Gallery,2025,June,Monsoon,"Bakrid/Eid-ul-Adha, Telangana Formation Day",2944,2944
Heritage Jail Museum,Sangareddy,Museum/Gallery,2025,July,Monsoon,Bonalu,3150,3150
Heritage Jail Museum,Sangareddy,Museum/Gallery,2025,August,Monsoon,"Krishna Ashtami, Vinayaka Chavithi, Independence Day",2924,2924
Heritage Jail Museum,Sangareddy,Museum/Gallery,2025,September,Monsoon,Bathukamma (Engili Pula to Saddula),2989,2989
Heritage Jail Museum,Sangareddy,Museum/Gallery,2025,October,Post-Monsoon,"Vijaya Dasami/Dussehra, Diwali/Deepavali",6741,6741
Heritage Jail Museum,Sangareddy,Museum/Gallery,2025,November,Post-Monsoon,No Major Festival / Public Holiday,4714,4714
Heritage Jail Museum,Sangareddy,Museum/Gallery,2025,December,Winter,Christmas,6632,6632
High Court of Telangana,Hyderabad,Other/Cultural Site,2024,January,Winter,"Bhogi, Sankranti/Pongal, New Year's Day, Republic Day",453,453
High Court of Telangana,Hyderabad,Other/Cultural Site,2024,February,Winter,No Major Festival / Public Holiday,435,435
High Court of Telangana,Hyderabad,Other/Cultural Site,2024,March,Summer,"Maha Shivaratri, Holi",334,334
High Court of Telangana,Hyderabad,Other/Cultural Site,2024,April,Summer,"Ugadi, Sri Rama Navami, Eid-ul-Fitr, Ambedkar Jayanti",329,329
High Court of Telangana,Hyderabad,Other/Cultural Site,2024,May,Summer,May Day,380,380
High Court of Telangana,Hyderabad,Other/Cultural Site,2024,June,Monsoon,"Bakrid/Eid-ul-Adha, Telangana Formation Day",251,251
High Court of Telangana,Hyderabad,Other/Cultural Site,2024,July,Monsoon,Bonalu,260,260
High Court of Telangana,Hyderabad,Other/Cultural Site,2024,August,Monsoon,"Raksha Bandhan, Krishna Janmashtami, Independence Day",253,253
High Court of Telangana,Hyderabad,Other/Cultural Site,2024,September,Monsoon,"Ganesh Chaturthi, Engili Pula Bathukamma (start)",248,248
High Court of Telangana,Hyderabad,Other/Cultural Site,2024,October,Post-Monsoon,"Bathukamma (Saddula Bathukamma), Dussehra/Vijayadashami",419,419
High Court of Telangana,Hyderabad,Other/Cultural Site,2024,November,Post-Monsoon,Diwali/Deepavali,425,425
High Court of Telangana,Hyderabad,Other/Cultural Site,2024,December,Winter,Christmas,452,452
High Court of Telangana,Hyderabad,Other/Cultural Site,2025,January,Winter,"Bhogi, Sankranti/Pongal, New Year's Day, Republic Day",456,456
High Court of Telangana,Hyderabad,Other/Cultural Site,2025,February,Winter,Maha Shivaratri,423,423
High Court of Telangana,Hyderabad,Other/Cultural Site,2025,March,Summer,"Holi, Ugadi, Eid-ul-Fitr",350,350
High Court of Telangana,Hyderabad,Other/Cultural Site,2025,April,Summer,"Sri Rama Navami, Ambedkar Jayanti",320,320
High Court of Telangana,Hyderabad,Other/Cultural Site,2025,May,Summer,May Day,424,424
High Court of Telangana,Hyderabad,Other/Cultural Site,2025,June,Monsoon,"Bakrid/Eid-ul-Adha, Telangana Formation Day",278,278
High Court of Telangana,Hyderabad,Other/Cultural Site,2025,July,Monsoon,Bonalu,269,269
High Court of Telangana,Hyderabad,Other/Cultural Site,2025,August,Monsoon,"Krishna Ashtami, Vinayaka Chavithi, Independence Day",277,277
High Court of Telangana,Hyderabad,Other/Cultural Site,2025,September,Monsoon,Bathukamma (Engili Pula to Saddula),264,264
High Court of Telangana,Hyderabad,Other/Cultural Site,2025,October,Post-Monsoon,"Vijaya Dasami/Dussehra, Diwali/Deepavali",390,390
High Court of Telangana,Hyderabad,Other/Cultural Site,2025,November,Post-Monsoon,No Major Festival / Public Holiday,399,399
High Court of Telangana,Hyderabad,Other/Cultural Site,2025,December,Winter,Christmas,442,442
Hill Fort Palace,Hyderabad,Fort,2024,January,Winter,"Bhogi, Sankranti/Pongal, New Year's Day, Republic Day",8725,8725
Hill Fort Palace,Hyderabad,Fort,2024,February,Winter,No Major Festival / Public Holiday,6413,6413
Hill Fort Palace,Hyderabad,Fort,2024,March,Summer,"Maha Shivaratri, Holi",4605,4605
Hill Fort Palace,Hyderabad,Fort,2024,April,Summer,"Ugadi, Sri Rama Navami, Eid-ul-Fitr, Ambedkar Jayanti",4830,4830
Hill Fort Palace,Hyderabad,Fort,2024,May,Summer,May Day,5864,5864
Hill Fort Palace,Hyderabad,Fort,2024,June,Monsoon,"Bakrid/Eid-ul-Adha, Telangana Formation Day",3598,3598
Hill Fort Palace,Hyderabad,Fort,2024,July,Monsoon,Bonalu,3779,3779
Hill Fort Palace,Hyderabad,Fort,2024,August,Monsoon,"Raksha Bandhan, Krishna Janmashtami, Independence Day",3872,3872
Hill Fort Palace,Hyderabad,Fort,2024,September,Monsoon,"Ganesh Chaturthi, Engili Pula Bathukamma (start)",3749,3749
Hill Fort Palace,Hyderabad,Fort,2024,October,Post-Monsoon,"Bathukamma (Saddula Bathukamma), Dussehra/Vijayadashami",7578,7578
Hill Fort Palace,Hyderabad,Fort,2024,November,Post-Monsoon,Diwali/Deepavali,5411,5411
Hill Fort Palace,Hyderabad,Fort,2024,December,Winter,Christmas,8599,8599
Hill Fort Palace,Hyderabad,Fort,2025,January,Winter,"Bhogi, Sankranti/Pongal, New Year's Day, Republic Day",9197,9197
Hill Fort Palace,Hyderabad,Fort,2025,February,Winter,Maha Shivaratri,6046,6046
Hill Fort Palace,Hyderabad,Fort,2025,March,Summer,"Holi, Ugadi, Eid-ul-Fitr",4826,4826
Hill Fort Palace,Hyderabad,Fort,2025,April,Summer,"Sri Rama Navami, Ambedkar Jayanti",4591,4591
Hill Fort Palace,Hyderabad,Fort,2025,May,Summer,May Day,5626,5626
Hill Fort Palace,Hyderabad,Fort,2025,June,Monsoon,"Bakrid/Eid-ul-Adha, Telangana Formation Day",3906,3906
Hill Fort Palace,Hyderabad,Fort,2025,July,Monsoon,Bonalu,3852,3852
Hill Fort Palace,Hyderabad,Fort,2025,August,Monsoon,"Krishna Ashtami, Vinayaka Chavithi, Independence Day",3567,3567
Hill Fort Palace,Hyderabad,Fort,2025,September,Monsoon,Bathukamma (Engili Pula to Saddula),3717,3717
Hill Fort Palace,Hyderabad,Fort,2025,October,Post-Monsoon,"Vijaya Dasami/Dussehra, Diwali/Deepavali",7595,7595
Hill Fort Palace,Hyderabad,Fort,2025,November,Post-Monsoon,No Major Festival / Public Holiday,5736,5736
Hill Fort Palace,Hyderabad,Fort,2025,December,Winter,Christmas,8920,8920
Himayat Sagar Lake,Ranga Reddy,Lake/Reservoir,2024,January,Winter,"Bhogi, Sankranti/Pongal, New Year's Day, Republic Day",756,756
Himayat Sagar Lake,Ranga Reddy,Lake/Reservoir,2024,February,Winter,No Major Festival / Public Holiday,737,737
Himayat Sagar Lake,Ranga Reddy,Lake/Reservoir,2024,March,Summer,"Maha Shivaratri, Holi",589,589
Himayat Sagar Lake,Ranga Reddy,Lake/Reservoir,2024,April,Summer,"Ugadi, Sri Rama Navami, Eid-ul-Fitr, Ambedkar Jayanti",552,552
Himayat Sagar Lake,Ranga Reddy,Lake/Reservoir,2024,May,Summer,May Day,695,695
Himayat Sagar Lake,Ranga Reddy,Lake/Reservoir,2024,June,Monsoon,"Bakrid/Eid-ul-Adha, Telangana Formation Day",442,442
Himayat Sagar Lake,Ranga Reddy,Lake/Reservoir,2024,July,Monsoon,Bonalu,458,458
Himayat Sagar Lake,Ranga Reddy,Lake/Reservoir,2024,August,Monsoon,"Raksha Bandhan, Krishna Janmashtami, Independence Day",435,435
Himayat Sagar Lake,Ranga Reddy,Lake/Reservoir,2024,September,Monsoon,"Ganesh Chaturthi, Engili Pula Bathukamma (start)",433,433
Himayat Sagar Lake,Ranga Reddy,Lake/Reservoir,2024,October,Post-Monsoon,"Bathukamma (Saddula Bathukamma), Dussehra/Vijayadashami",724,724
Himayat Sagar Lake,Ranga Reddy,Lake/Reservoir,2024,November,Post-Monsoon,Diwali/Deepavali,657,657
Himayat Sagar Lake,Ranga Reddy,Lake/Reservoir,2024,December,Winter,Christmas,750,750
Himayat Sagar Lake,Ranga Reddy,Lake/Reservoir,2025,January,Winter,"Bhogi, Sankranti/Pongal, New Year's Day, Republic Day",724,724
Himayat Sagar Lake,Ranga Reddy,Lake/Reservoir,2025,February,Winter,Maha Shivaratri,708,708
Himayat Sagar Lake,Ranga Reddy,Lake/Reservoir,2025,March,Summer,"Holi, Ugadi, Eid-ul-Fitr",538,538
Himayat Sagar Lake,Ranga Reddy,Lake/Reservoir,2025,April,Summer,"Sri Rama Navami, Ambedkar Jayanti",547,547
Himayat Sagar Lake,Ranga Reddy,Lake/Reservoir,2025,May,Summer,May Day,720,720
Himayat Sagar Lake,Ranga Reddy,Lake/Reservoir,2025,June,Monsoon,"Bakrid/Eid-ul-Adha, Telangana Formation Day",438,438
Himayat Sagar Lake,Ranga Reddy,Lake/Reservoir,2025,July,Monsoon,Bonalu,474,474
Himayat Sagar Lake,Ranga Reddy,Lake/Reservoir,2025,August,Monsoon,"Krishna Ashtami, Vinayaka Chavithi, Independence Day",454,454
Himayat Sagar Lake,Ranga Reddy,Lake/Reservoir,2025,September,Monsoon,Bathukamma (Engili Pula to Saddula),446,446
Himayat Sagar Lake,Ranga Reddy,Lake/Reservoir,2025,October,Post-Monsoon,"Vijaya Dasami/Dussehra, Diwali/Deepavali",696,696
Himayat Sagar Lake,Ranga Reddy,Lake/Reservoir,2025,November,Post-Monsoon,No Major Festival / Public Holiday,691,691
Himayat Sagar Lake,Ranga Reddy,Lake/Reservoir,2025,December,Winter,Christmas,773,773
Horticulture Museum,Hyderabad,Museum/Gallery,2024,January,Winter,"Bhogi, Sankranti/Pongal, New Year's Day, Republic Day",6001,6001
Horticulture Museum,Hyderabad,Museum/Gallery,2024,February,Winter,No Major Festival / Public Holiday,4561,4561
Horticulture Museum,Hyderabad,Museum/Gallery,2024,March,Summer,"Maha Shivaratri, Holi",3208,3208
Horticulture Museum,Hyderabad,Museum/Gallery,2024,April,Summer,"Ugadi, Sri Rama Navami, Eid-ul-Fitr, Ambedkar Jayanti",3153,3153
Horticulture Museum,Hyderabad,Museum/Gallery,2024,May,Summer,May Day,3816,3816
Horticulture Museum,Hyderabad,Museum/Gallery,2024,June,Monsoon,"Bakrid/Eid-ul-Adha, Telangana Formation Day",2763,2763
Horticulture Museum,Hyderabad,Museum/Gallery,2024,July,Monsoon,Bonalu,2627,2627
Horticulture Museum,Hyderabad,Museum/Gallery,2024,August,Monsoon,"Raksha Bandhan, Krishna Janmashtami, Independence Day",2596,2596
Horticulture Museum,Hyderabad,Museum/Gallery,2024,September,Monsoon,"Ganesh Chaturthi, Engili Pula Bathukamma (start)",2722,2722
Horticulture Museum,Hyderabad,Museum/Gallery,2024,October,Post-Monsoon,"Bathukamma (Saddula Bathukamma), Dussehra/Vijayadashami",5862,5862
Horticulture Museum,Hyderabad,Museum/Gallery,2024,November,Post-Monsoon,Diwali/Deepavali,3943,3943
Horticulture Museum,Hyderabad,Museum/Gallery,2024,December,Winter,Christmas,6267,6267
Horticulture Museum,Hyderabad,Museum/Gallery,2025,January,Winter,"Bhogi, Sankranti/Pongal, New Year's Day, Republic Day",6324,6324
Horticulture Museum,Hyderabad,Museum/Gallery,2025,February,Winter,Maha Shivaratri,4456,4456
Horticulture Museum,Hyderabad,Museum/Gallery,2025,March,Summer,"Holi, Ugadi, Eid-ul-Fitr",3185,3185
Horticulture Museum,Hyderabad,Museum/Gallery,2025,April,Summer,"Sri Rama Navami, Ambedkar Jayanti",3474,3474
Horticulture Museum,Hyderabad,Museum/Gallery,2025,May,Summer,May Day,4043,4043
Horticulture Museum,Hyderabad,Museum/Gallery,2025,June,Monsoon,"Bakrid/Eid-ul-Adha, Telangana Formation Day",2556,2556
Horticulture Museum,Hyderabad,Museum/Gallery,2025,July,Monsoon,Bonalu,2601,2601
Horticulture Museum,Hyderabad,Museum/Gallery,2025,August,Monsoon,"Krishna Ashtami, Vinayaka Chavithi, Independence Day",2479,2479
Horticulture Museum,Hyderabad,Museum/Gallery,2025,September,Monsoon,Bathukamma (Engili Pula to Saddula),2507,2507
Horticulture Museum,Hyderabad,Museum/Gallery,2025,October,Post-Monsoon,"Vijaya Dasami/Dussehra, Diwali/Deepavali",5814,5814
Horticulture Museum,Hyderabad,Museum/Gallery,2025,November,Post-Monsoon,No Major Festival / Public Holiday,3783,3783
Horticulture Museum,Hyderabad,Museum/Gallery,2025,December,Winter,Christmas,6063,6063
Hussain Sagar & Necklace Road,Hyderabad,Lake/Reservoir,2024,January,Winter,"Bhogi, Sankranti/Pongal, New Year's Day, Republic Day",117051,117051
Hussain Sagar & Necklace Road,Hyderabad,Lake/Reservoir,2024,February,Winter,No Major Festival / Public Holiday,118506,118506
Hussain Sagar & Necklace Road,Hyderabad,Lake/Reservoir,2024,March,Summer,"Maha Shivaratri, Holi",65882,65882
Hussain Sagar & Necklace Road,Hyderabad,Lake/Reservoir,2024,April,Summer,"Ugadi, Sri Rama Navami, Eid-ul-Fitr, Ambedkar Jayanti",64927,64927
Hussain Sagar & Necklace Road,Hyderabad,Lake/Reservoir,2024,May,Summer,May Day,78812,78812
Hussain Sagar & Necklace Road,Hyderabad,Lake/Reservoir,2024,June,Monsoon,"Bakrid/Eid-ul-Adha, Telangana Formation Day",53839,53839
Hussain Sagar & Necklace Road,Hyderabad,Lake/Reservoir,2024,July,Monsoon,Bonalu,54495,54495
Hussain Sagar & Necklace Road,Hyderabad,Lake/Reservoir,2024,August,Monsoon,"Raksha Bandhan, Krishna Janmashtami, Independence Day",50494,50494
Hussain Sagar & Necklace Road,Hyderabad,Lake/Reservoir,2024,September,Monsoon,"Ganesh Chaturthi, Engili Pula Bathukamma (start)",51686,51686
Hussain Sagar & Necklace Road,Hyderabad,Lake/Reservoir,2024,October,Post-Monsoon,"Bathukamma (Saddula Bathukamma), Dussehra/Vijayadashami",84382,84382
Hussain Sagar & Necklace Road,Hyderabad,Lake/Reservoir,2024,November,Post-Monsoon,Diwali/Deepavali,83462,83462
Hussain Sagar & Necklace Road,Hyderabad,Lake/Reservoir,2024,December,Winter,Christmas,120368,120368
Hussain Sagar & Necklace Road,Hyderabad,Lake/Reservoir,2025,January,Winter,"Bhogi, Sankranti/Pongal, New Year's Day, Republic Day",117220,117220
Hussain Sagar & Necklace Road,Hyderabad,Lake/Reservoir,2025,February,Winter,Maha Shivaratri,112292,112292
Hussain Sagar & Necklace Road,Hyderabad,Lake/Reservoir,2025,March,Summer,"Holi, Ugadi, Eid-ul-Fitr",67223,67223
Hussain Sagar & Necklace Road,Hyderabad,Lake/Reservoir,2025,April,Summer,"Sri Rama Navami, Ambedkar Jayanti",67784,67784
Hussain Sagar & Necklace Road,Hyderabad,Lake/Reservoir,2025,May,Summer,May Day,76427,76427
Hussain Sagar & Necklace Road,Hyderabad,Lake/Reservoir,2025,June,Monsoon,"Bakrid/Eid-ul-Adha, Telangana Formation Day",52780,52780
Hussain Sagar & Necklace Road,Hyderabad,Lake/Reservoir,2025,July,Monsoon,Bonalu,53818,53818
Hussain Sagar & Necklace Road,Hyderabad,Lake/Reservoir,2025,August,Monsoon,"Krishna Ashtami, Vinayaka Chavithi, Independence Day",50404,50404
Hussain Sagar & Necklace Road,Hyderabad,Lake/Reservoir,2025,September,Monsoon,Bathukamma (Engili Pula to Saddula),54267,54267
Hussain Sagar & Necklace Road,Hyderabad,Lake/Reservoir,2025,October,Post-Monsoon,"Vijaya Dasami/Dussehra, Diwali/Deepavali",81309,81309
Hussain Sagar & Necklace Road,Hyderabad,Lake/Reservoir,2025,November,Post-Monsoon,No Major Festival / Public Holiday,84868,84868
Hussain Sagar & Necklace Road,Hyderabad,Lake/Reservoir,2025,December,Winter,Christmas,107504,107504
Inavolu Mallikarjuna Swamy Temple,Hanumakonda,Temple,2024,January,Winter,"Bhogi, Sankranti/Pongal, New Year's Day, Republic Day",16924,16924
Inavolu Mallikarjuna Swamy Temple,Hanumakonda,Temple,2024,February,Winter,No Major Festival / Public Holiday,9705,9705
Inavolu Mallikarjuna Swamy Temple,Hanumakonda,Temple,2024,March,Summer,"Maha Shivaratri, Holi",23951,23951
Inavolu Mallikarjuna Swamy Temple,Hanumakonda,Temple,2024,April,Summer,"Ugadi, Sri Rama Navami, Eid-ul-Fitr, Ambedkar Jayanti",7583,7583
Inavolu Mallikarjuna Swamy Temple,Hanumakonda,Temple,2024,May,Summer,May Day,7089,7089
Inavolu Mallikarjuna Swamy Temple,Hanumakonda,Temple,2024,June,Monsoon,"Bakrid/Eid-ul-Adha, Telangana Formation Day",4695,4695
Inavolu Mallikarjuna Swamy Temple,Hanumakonda,Temple,2024,July,Monsoon,Bonalu,4377,4377
Inavolu Mallikarjuna Swamy Temple,Hanumakonda,Temple,2024,August,Monsoon,"Raksha Bandhan, Krishna Janmashtami, Independence Day",4665,4665
Inavolu Mallikarjuna Swamy Temple,Hanumakonda,Temple,2024,September,Monsoon,"Ganesh Chaturthi, Engili Pula Bathukamma (start)",4335,4335
Inavolu Mallikarjuna Swamy Temple,Hanumakonda,Temple,2024,October,Post-Monsoon,"Bathukamma (Saddula Bathukamma), Dussehra/Vijayadashami",16929,16929
Inavolu Mallikarjuna Swamy Temple,Hanumakonda,Temple,2024,November,Post-Monsoon,Diwali/Deepavali,6763,6763
Inavolu Mallikarjuna Swamy Temple,Hanumakonda,Temple,2024,December,Winter,Christmas,7930,7930
Inavolu Mallikarjuna Swamy Temple,Hanumakonda,Temple,2025,January,Winter,"Bhogi, Sankranti/Pongal, New Year's Day, Republic Day",17205,17205
Inavolu Mallikarjuna Swamy Temple,Hanumakonda,Temple,2025,February,Winter,Maha Shivaratri,30724,30724
Inavolu Mallikarjuna Swamy Temple,Hanumakonda,Temple,2025,March,Summer,"Holi, Ugadi, Eid-ul-Fitr",7611,7611
Inavolu Mallikarjuna Swamy Temple,Hanumakonda,Temple,2025,April,Summer,"Sri Rama Navami, Ambedkar Jayanti",5742,5742
Inavolu Mallikarjuna Swamy Temple,Hanumakonda,Temple,2025,May,Summer,May Day,7270,7270
Inavolu Mallikarjuna Swamy Temple,Hanumakonda,Temple,2025,June,Monsoon,"Bakrid/Eid-ul-Adha, Telangana Formation Day",4497,4497
Inavolu Mallikarjuna Swamy Temple,Hanumakonda,Temple,2025,July,Monsoon,Bonalu,4435,4435
Inavolu Mallikarjuna Swamy Temple,Hanumakonda,Temple,2025,August,Monsoon,"Krishna Ashtami, Vinayaka Chavithi, Independence Day",4318,4318
Inavolu Mallikarjuna Swamy Temple,Hanumakonda,Temple,2025,September,Monsoon,Bathukamma (Engili Pula to Saddula),4654,4654
Inavolu Mallikarjuna Swamy Temple,Hanumakonda,Temple,2025,October,Post-Monsoon,"Vijaya Dasami/Dussehra, Diwali/Deepavali",17735,17735
Inavolu Mallikarjuna Swamy Temple,Hanumakonda,Temple,2025,November,Post-Monsoon,No Major Festival / Public Holiday,8845,8845
Inavolu Mallikarjuna Swamy Temple,Hanumakonda,Temple,2025,December,Winter,Christmas,7072,7072
Indira Park,Hyderabad,Park/Garden,2024,January,Winter,"Bhogi, Sankranti/Pongal, New Year's Day, Republic Day",13469,13469
Indira Park,Hyderabad,Park/Garden,2024,February,Winter,No Major Festival / Public Holiday,9782,9782
Indira Park,Hyderabad,Park/Garden,2024,March,Summer,"Maha Shivaratri, Holi",6850,6850
Indira Park,Hyderabad,Park/Garden,2024,April,Summer,"Ugadi, Sri Rama Navami, Eid-ul-Fitr, Ambedkar Jayanti",7381,7381
Indira Park,Hyderabad,Park/Garden,2024,May,Summer,May Day,12151,12151
Indira Park,Hyderabad,Park/Garden,2024,June,Monsoon,"Bakrid/Eid-ul-Adha, Telangana Formation Day",5555,5555
Indira Park,Hyderabad,Park/Garden,2024,July,Monsoon,Bonalu,5376,5376
Indira Park,Hyderabad,Park/Garden,2024,August,Monsoon,"Raksha Bandhan, Krishna Janmashtami, Independence Day",5871,5871
Indira Park,Hyderabad,Park/Garden,2024,September,Monsoon,"Ganesh Chaturthi, Engili Pula Bathukamma (start)",5393,5393
Indira Park,Hyderabad,Park/Garden,2024,October,Post-Monsoon,"Bathukamma (Saddula Bathukamma), Dussehra/Vijayadashami",8428,8428
Indira Park,Hyderabad,Park/Garden,2024,November,Post-Monsoon,Diwali/Deepavali,8407,8407
Indira Park,Hyderabad,Park/Garden,2024,December,Winter,Christmas,13709,13709
Indira Park,Hyderabad,Park/Garden,2025,January,Winter,"Bhogi, Sankranti/Pongal, New Year's Day, Republic Day",13397,13397
Indira Park,Hyderabad,Park/Garden,2025,February,Winter,Maha Shivaratri,9708,9708
Indira Park,Hyderabad,Park/Garden,2025,March,Summer,"Holi, Ugadi, Eid-ul-Fitr",6911,6911
Indira Park,Hyderabad,Park/Garden,2025,April,Summer,"Sri Rama Navami, Ambedkar Jayanti",7231,7231
Indira Park,Hyderabad,Park/Garden,2025,May,Summer,May Day,12178,12178
Indira Park,Hyderabad,Park/Garden,2025,June,Monsoon,"Bakrid/Eid-ul-Adha, Telangana Formation Day",5849,5849
Indira Park,Hyderabad,Park/Garden,2025,July,Monsoon,Bonalu,5899,5899
Indira Park,Hyderabad,Park/Garden,2025,August,Monsoon,"Krishna Ashtami, Vinayaka Chavithi, Independence Day",5295,5295
Indira Park,Hyderabad,Park/Garden,2025,September,Monsoon,Bathukamma (Engili Pula to Saddula),5742,5742
Indira Park,Hyderabad,Park/Garden,2025,October,Post-Monsoon,"Vijaya Dasami/Dussehra, Diwali/Deepavali",8161,8161
Indira Park,Hyderabad,Park/Garden,2025,November,Post-Monsoon,No Major Festival / Public Holiday,8675,8675
Indira Park,Hyderabad,Park/Garden,2025,December,Winter,Christmas,12790,12790
Issaipet Dam,Kamareddy,Dam/Barrage,2024,January,Winter,"Bhogi, Sankranti/Pongal, New Year's Day, Republic Day",295,295
Issaipet Dam,Kamareddy,Dam/Barrage,2024,February,Winter,No Major Festival / Public Holiday,307,307
Issaipet Dam,Kamareddy,Dam/Barrage,2024,March,Summer,"Maha Shivaratri, Holi",250,250
Issaipet Dam,Kamareddy,Dam/Barrage,2024,April,Summer,"Ugadi, Sri Rama Navami, Eid-ul-Fitr, Ambedkar Jayanti",241,241
Issaipet Dam,Kamareddy,Dam/Barrage,2024,May,Summer,May Day,293,293
Issaipet Dam,Kamareddy,Dam/Barrage,2024,June,Monsoon,"Bakrid/Eid-ul-Adha, Telangana Formation Day",190,190
Issaipet Dam,Kamareddy,Dam/Barrage,2024,July,Monsoon,Bonalu,180,180
Issaipet Dam,Kamareddy,Dam/Barrage,2024,August,Monsoon,"Raksha Bandhan, Krishna Janmashtami, Independence Day",185,185
Issaipet Dam,Kamareddy,Dam/Barrage,2024,September,Monsoon,"Ganesh Chaturthi, Engili Pula Bathukamma (start)",193,193
Issaipet Dam,Kamareddy,Dam/Barrage,2024,October,Post-Monsoon,"Bathukamma (Saddula Bathukamma), Dussehra/Vijayadashami",273,273
Issaipet Dam,Kamareddy,Dam/Barrage,2024,November,Post-Monsoon,Diwali/Deepavali,279,279
Issaipet Dam,Kamareddy,Dam/Barrage,2024,December,Winter,Christmas,304,304
Issaipet Dam,Kamareddy,Dam/Barrage,2025,January,Winter,"Bhogi, Sankranti/Pongal, New Year's Day, Republic Day",309,309
Issaipet Dam,Kamareddy,Dam/Barrage,2025,February,Winter,Maha Shivaratri,330,330
Issaipet Dam,Kamareddy,Dam/Barrage,2025,March,Summer,"Holi, Ugadi, Eid-ul-Fitr",225,225
Issaipet Dam,Kamareddy,Dam/Barrage,2025,April,Summer,"Sri Rama Navami, Ambedkar Jayanti",238,238
Issaipet Dam,Kamareddy,Dam/Barrage,2025,May,Summer,May Day,276,276
Issaipet Dam,Kamareddy,Dam/Barrage,2025,June,Monsoon,"Bakrid/Eid-ul-Adha, Telangana Formation Day",198,198
Issaipet Dam,Kamareddy,Dam/Barrage,2025,July,Monsoon,Bonalu,178,178
Issaipet Dam,Kamareddy,Dam/Barrage,2025,August,Monsoon,"Krishna Ashtami, Vinayaka Chavithi, Independence Day",185,185
Issaipet Dam,Kamareddy,Dam/Barrage,2025,September,Monsoon,Bathukamma (Engili Pula to Saddula),192,192
Issaipet Dam,Kamareddy,Dam/Barrage,2025,October,Post-Monsoon,"Vijaya Dasami/Dussehra, Diwali/Deepavali",294,294
Issaipet Dam,Kamareddy,Dam/Barrage,2025,November,Post-Monsoon,No Major Festival / Public Holiday,284,284
Issaipet Dam,Kamareddy,Dam/Barrage,2025,December,Winter,Christmas,306,306
Jagtial Fort,Jagtial,Fort,2024,January,Winter,"Bhogi, Sankranti/Pongal, New Year's Day, Republic Day",8537,8537
Jagtial Fort,Jagtial,Fort,2024,February,Winter,No Major Festival / Public Holiday,5944,5944
Jagtial Fort,Jagtial,Fort,2024,March,Summer,"Maha Shivaratri, Holi",4806,4806
Jagtial Fort,Jagtial,Fort,2024,April,Summer,"Ugadi, Sri Rama Navami, Eid-ul-Fitr, Ambedkar Jayanti",4820,4820
Jagtial Fort,Jagtial,Fort,2024,May,Summer,May Day,5852,5852
Jagtial Fort,Jagtial,Fort,2024,June,Monsoon,"Bakrid/Eid-ul-Adha, Telangana Formation Day",3645,3645
Jagtial Fort,Jagtial,Fort,2024,July,Monsoon,Bonalu,3531,3531
Jagtial Fort,Jagtial,Fort,2024,August,Monsoon,"Raksha Bandhan, Krishna Janmashtami, Independence Day",3959,3959
Jagtial Fort,Jagtial,Fort,2024,September,Monsoon,"Ganesh Chaturthi, Engili Pula Bathukamma (start)",3637,3637
Jagtial Fort,Jagtial,Fort,2024,October,Post-Monsoon,"Bathukamma (Saddula Bathukamma), Dussehra/Vijayadashami",8220,8220
Jagtial Fort,Jagtial,Fort,2024,November,Post-Monsoon,Diwali/Deepavali,5892,5892
Jagtial Fort,Jagtial,Fort,2024,December,Winter,Christmas,8865,8865
Jagtial Fort,Jagtial,Fort,2025,January,Winter,"Bhogi, Sankranti/Pongal, New Year's Day, Republic Day",8553,8553
Jagtial Fort,Jagtial,Fort,2025,February,Winter,Maha Shivaratri,6078,6078
Jagtial Fort,Jagtial,Fort,2025,March,Summer,"Holi, Ugadi, Eid-ul-Fitr",4805,4805
Jagtial Fort,Jagtial,Fort,2025,April,Summer,"Sri Rama Navami, Ambedkar Jayanti",4958,4958
Jagtial Fort,Jagtial,Fort,2025,May,Summer,May Day,6058,6058
Jagtial Fort,Jagtial,Fort,2025,June,Monsoon,"Bakrid/Eid-ul-Adha, Telangana Formation Day",3572,3572
Jagtial Fort,Jagtial,Fort,2025,July,Monsoon,Bonalu,3594,3594
Jagtial Fort,Jagtial,Fort,2025,August,Monsoon,"Krishna Ashtami, Vinayaka Chavithi, Independence Day",3950,3950
Jagtial Fort,Jagtial,Fort,2025,September,Monsoon,Bathukamma (Engili Pula to Saddula),3856,3856
Jagtial Fort,Jagtial,Fort,2025,October,Post-Monsoon,"Vijaya Dasami/Dussehra, Diwali/Deepavali",8419,8419
Jagtial Fort,Jagtial,Fort,2025,November,Post-Monsoon,No Major Festival / Public Holiday,5544,5544
Jagtial Fort,Jagtial,Fort,2025,December,Winter,Christmas,8841,8841
Jain Temple - Kolanupaka,Yadadri Bhuvanagiri,Temple,2024,January,Winter,"Bhogi, Sankranti/Pongal, New Year's Day, Republic Day",17444,17444
Jain Temple - Kolanupaka,Yadadri Bhuvanagiri,Temple,2024,January,Winter,"Bhogi, Sankranti/Pongal, New Year's Day, Republic Day",15711,15711
Jain Temple - Kolanupaka,Yadadri Bhuvanagiri,Temple,2024,February,Winter,No Major Festival / Public Holiday,9174,9174
Jain Temple - Kolanupaka,Yadadri Bhuvanagiri,Temple,2024,February,Winter,No Major Festival / Public Holiday,9672,9672
Jain Temple - Kolanupaka,Yadadri Bhuvanagiri,Temple,2024,March,Summer,"Maha Shivaratri, Holi",7047,7047
Jain Temple - Kolanupaka,Yadadri Bhuvanagiri,Temple,2024,March,Summer,"Maha Shivaratri, Holi",7630,7630
Jain Temple - Kolanupaka,Yadadri Bhuvanagiri,Temple,2024,April,Summer,"Ugadi, Sri Rama Navami, Eid-ul-Fitr, Ambedkar Jayanti",7778,7778
Jain Temple - Kolanupaka,Yadadri Bhuvanagiri,Temple,2024,April,Summer,"Ugadi, Sri Rama Navami, Eid-ul-Fitr, Ambedkar Jayanti",7351,7351
Jain Temple - Kolanupaka,Yadadri Bhuvanagiri,Temple,2024,May,Summer,May Day,6700,6700
Jain Temple - Kolanupaka,Yadadri Bhuvanagiri,Temple,2024,May,Summer,May Day,6845,6845
Jain Temple - Kolanupaka,Yadadri Bhuvanagiri,Temple,2024,June,Monsoon,"Bakrid/Eid-ul-Adha, Telangana Formation Day",4620,4620
Jain Temple - Kolanupaka,Yadadri Bhuvanagiri,Temple,2024,June,Monsoon,"Bakrid/Eid-ul-Adha, Telangana Formation Day",4234,4234
Jain Temple - Kolanupaka,Yadadri Bhuvanagiri,Temple,2024,July,Monsoon,Bonalu,4548,4548
Jain Temple - Kolanupaka,Yadadri Bhuvanagiri,Temple,2024,July,Monsoon,Bonalu,4561,4561
Jain Temple - Kolanupaka,Yadadri Bhuvanagiri,Temple,2024,August,Monsoon,"Raksha Bandhan, Krishna Janmashtami, Independence Day",4574,4574
Jain Temple - Kolanupaka,Yadadri Bhuvanagiri,Temple,2024,August,Monsoon,"Raksha Bandhan, Krishna Janmashtami, Independence Day",4360,4360
Jain Temple - Kolanupaka,Yadadri Bhuvanagiri,Temple,2024,September,Monsoon,"Ganesh Chaturthi, Engili Pula Bathukamma (start)",4615,4615
Jain Temple - Kolanupaka,Yadadri Bhuvanagiri,Temple,2024,September,Monsoon,"Ganesh Chaturthi, Engili Pula Bathukamma (start)",4279,4279
Jain Temple - Kolanupaka,Yadadri Bhuvanagiri,Temple,2024,October,Post-Monsoon,"Bathukamma (Saddula Bathukamma), Dussehra/Vijayadashami",16627,16627
Jain Temple - Kolanupaka,Yadadri Bhuvanagiri,Temple,2024,October,Post-Monsoon,"Bathukamma (Saddula Bathukamma), Dussehra/Vijayadashami",18031,18031
Jain Temple - Kolanupaka,Yadadri Bhuvanagiri,Temple,2024,November,Post-Monsoon,Diwali/Deepavali,7097,7097
Jain Temple - Kolanupaka,Yadadri Bhuvanagiri,Temple,2024,November,Post-Monsoon,Diwali/Deepavali,6497,6497
Jain Temple - Kolanupaka,Yadadri Bhuvanagiri,Temple,2024,December,Winter,Christmas,7273,7273
Jain Temple - Kolanupaka,Yadadri Bhuvanagiri,Temple,2024,December,Winter,Christmas,7242,7242
Jain Temple - Kolanupaka,Yadadri Bhuvanagiri,Temple,2025,January,Winter,"Bhogi, Sankranti/Pongal, New Year's Day, Republic Day",16046,16046
Jain Temple - Kolanupaka,Yadadri Bhuvanagiri,Temple,2025,January,Winter,"Bhogi, Sankranti/Pongal, New Year's Day, Republic Day",16000,16000
Jain Temple - Kolanupaka,Yadadri Bhuvanagiri,Temple,2025,February,Winter,Maha Shivaratri,7106,7106
Jain Temple - Kolanupaka,Yadadri Bhuvanagiri,Temple,2025,February,Winter,Maha Shivaratri,7463,7463
Jain Temple - Kolanupaka,Yadadri Bhuvanagiri,Temple,2025,March,Summer,"Holi, Ugadi, Eid-ul-Fitr",7616,7616
Jain Temple - Kolanupaka,Yadadri Bhuvanagiri,Temple,2025,March,Summer,"Holi, Ugadi, Eid-ul-Fitr",7504,7504
Jain Temple - Kolanupaka,Yadadri Bhuvanagiri,Temple,2025,April,Summer,"Sri Rama Navami, Ambedkar Jayanti",5818,5818
Jain Temple - Kolanupaka,Yadadri Bhuvanagiri,Temple,2025,April,Summer,"Sri Rama Navami, Ambedkar Jayanti",5413,5413
Jain Temple - Kolanupaka,Yadadri Bhuvanagiri,Temple,2025,May,Summer,May Day,7273,7273
Jain Temple - Kolanupaka,Yadadri Bhuvanagiri,Temple,2025,May,Summer,May Day,7180,7180
Jain Temple - Kolanupaka,Yadadri Bhuvanagiri,Temple,2025,June,Monsoon,"Bakrid/Eid-ul-Adha, Telangana Formation Day",4664,4664
Jain Temple - Kolanupaka,Yadadri Bhuvanagiri,Temple,2025,June,Monsoon,"Bakrid/Eid-ul-Adha, Telangana Formation Day",4674,4674
Jain Temple - Kolanupaka,Yadadri Bhuvanagiri,Temple,2025,July,Monsoon,Bonalu,4733,4733
Jain Temple - Kolanupaka,Yadadri Bhuvanagiri,Temple,2025,July,Monsoon,Bonalu,4523,4523
Jain Temple - Kolanupaka,Yadadri Bhuvanagiri,Temple,2025,August,Monsoon,"Krishna Ashtami, Vinayaka Chavithi, Independence Day",4338,4338
Jain Temple - Kolanupaka,Yadadri Bhuvanagiri,Temple,2025,August,Monsoon,"Krishna Ashtami, Vinayaka Chavithi, Independence Day",4563,4563
Jain Temple - Kolanupaka,Yadadri Bhuvanagiri,Temple,2025,September,Monsoon,Bathukamma (Engili Pula to Saddula),4631,4631
Jain Temple - Kolanupaka,Yadadri Bhuvanagiri,Temple,2025,September,Monsoon,Bathukamma (Engili Pula to Saddula),4628,4628
Jain Temple - Kolanupaka,Yadadri Bhuvanagiri,Temple,2025,October,Post-Monsoon,"Vijaya Dasami/Dussehra, Diwali/Deepavali",17294,17294
Jain Temple - Kolanupaka,Yadadri Bhuvanagiri,Temple,2025,October,Post-Monsoon,"Vijaya Dasami/Dussehra, Diwali/Deepavali",16356,16356
Jain Temple - Kolanupaka,Yadadri Bhuvanagiri,Temple,2025,November,Post-Monsoon,No Major Festival / Public Holiday,8831,8831
Jain Temple - Kolanupaka,Yadadri Bhuvanagiri,Temple,2025,November,Post-Monsoon,No Major Festival / Public Holiday,9422,9422
Jain Temple - Kolanupaka,Yadadri Bhuvanagiri,Temple,2025,December,Winter,Christmas,7576,7576
Jain Temple - Kolanupaka,Yadadri Bhuvanagiri,Temple,2025,December,Winter,Christmas,7534,7534
Jainath Temple,Adilabad,Temple,2024,January,Winter,"Bhogi, Sankranti/Pongal, New Year's Day, Republic Day",17023,17023
Jainath Temple,Adilabad,Temple,2024,February,Winter,No Major Festival / Public Holiday,9644,9644
Jainath Temple,Adilabad,Temple,2024,March,Summer,"Maha Shivaratri, Holi",7547,7547
Jainath Temple,Adilabad,Temple,2024,April,Summer,"Ugadi, Sri Rama Navami, Eid-ul-Fitr, Ambedkar Jayanti",7196,7196
Jainath Temple,Adilabad,Temple,2024,May,Summer,May Day,6618,6618
Jainath Temple,Adilabad,Temple,2024,June,Monsoon,"Bakrid/Eid-ul-Adha, Telangana Formation Day",4316,4316
Jainath Temple,Adilabad,Temple,2024,July,Monsoon,Bonalu,4268,4268
Jainath Temple,Adilabad,Temple,2024,August,Monsoon,"Raksha Bandhan, Krishna Janmashtami, Independence Day",4330,4330
Jainath Temple,Adilabad,Temple,2024,September,Monsoon,"Ganesh Chaturthi, Engili Pula Bathukamma (start)",4588,4588
Jainath Temple,Adilabad,Temple,2024,October,Post-Monsoon,"Bathukamma (Saddula Bathukamma), Dussehra/Vijayadashami",18040,18040
Jainath Temple,Adilabad,Temple,2024,November,Post-Monsoon,Diwali/Deepavali,7160,7160
Jainath Temple,Adilabad,Temple,2024,December,Winter,Christmas,7666,7666
Jainath Temple,Adilabad,Temple,2025,January,Winter,"Bhogi, Sankranti/Pongal, New Year's Day, Republic Day",15728,15728
Jainath Temple,Adilabad,Temple,2025,February,Winter,Maha Shivaratri,7310,7310
Jainath Temple,Adilabad,Temple,2025,March,Summer,"Holi, Ugadi, Eid-ul-Fitr",7240,7240
Jainath Temple,Adilabad,Temple,2025,April,Summer,"Sri Rama Navami, Ambedkar Jayanti",5528,5528
Jainath Temple,Adilabad,Temple,2025,May,Summer,May Day,6912,6912
Jainath Temple,Adilabad,Temple,2025,June,Monsoon,"Bakrid/Eid-ul-Adha, Telangana Formation Day",4519,4519
Jainath Temple,Adilabad,Temple,2025,July,Monsoon,Bonalu,4422,4422
Jainath Temple,Adilabad,Temple,2025,August,Monsoon,"Krishna Ashtami, Vinayaka Chavithi, Independence Day",4421,4421
Jainath Temple,Adilabad,Temple,2025,September,Monsoon,Bathukamma (Engili Pula to Saddula),4677,4677
Jainath Temple,Adilabad,Temple,2025,October,Post-Monsoon,"Vijaya Dasami/Dussehra, Diwali/Deepavali",17848,17848
Jainath Temple,Adilabad,Temple,2025,November,Post-Monsoon,No Major Festival / Public Holiday,8763,8763
Jainath Temple,Adilabad,Temple,2025,December,Winter,Christmas,7872,7872
Jalari Gutta,Khammam,Cave/Hill/Viewpoint,2024,January,Winter,"Bhogi, Sankranti/Pongal, New Year's Day, Republic Day",1021,1021
Jalari Gutta,Khammam,Cave/Hill/Viewpoint,2024,February,Winter,No Major Festival / Public Holiday,1040,1040
Jalari Gutta,Khammam,Cave/Hill/Viewpoint,2024,March,Summer,"Maha Shivaratri, Holi",792,792
Jalari Gutta,Khammam,Cave/Hill/Viewpoint,2024,April,Summer,"Ugadi, Sri Rama Navami, Eid-ul-Fitr, Ambedkar Jayanti",782,782
Jalari Gutta,Khammam,Cave/Hill/Viewpoint,2024,May,Summer,May Day,913,913
Jalari Gutta,Khammam,Cave/Hill/Viewpoint,2024,June,Monsoon,"Bakrid/Eid-ul-Adha, Telangana Formation Day",607,607
Jalari Gutta,Khammam,Cave/Hill/Viewpoint,2024,July,Monsoon,Bonalu,575,575
Jalari Gutta,Khammam,Cave/Hill/Viewpoint,2024,August,Monsoon,"Raksha Bandhan, Krishna Janmashtami, Independence Day",612,612
Jalari Gutta,Khammam,Cave/Hill/Viewpoint,2024,September,Monsoon,"Ganesh Chaturthi, Engili Pula Bathukamma (start)",576,576
Jalari Gutta,Khammam,Cave/Hill/Viewpoint,2024,October,Post-Monsoon,"Bathukamma (Saddula Bathukamma), Dussehra/Vijayadashami",941,941
Jalari Gutta,Khammam,Cave/Hill/Viewpoint,2024,November,Post-Monsoon,Diwali/Deepavali,890,890
Jalari Gutta,Khammam,Cave/Hill/Viewpoint,2024,December,Winter,Christmas,954,954
Jalari Gutta,Khammam,Cave/Hill/Viewpoint,2025,January,Winter,"Bhogi, Sankranti/Pongal, New Year's Day, Republic Day",959,959
Jalari Gutta,Khammam,Cave/Hill/Viewpoint,2025,February,Winter,Maha Shivaratri,940,940
Jalari Gutta,Khammam,Cave/Hill/Viewpoint,2025,March,Summer,"Holi, Ugadi, Eid-ul-Fitr",779,779
Jalari Gutta,Khammam,Cave/Hill/Viewpoint,2025,April,Summer,"Sri Rama Navami, Ambedkar Jayanti",781,781
Jalari Gutta,Khammam,Cave/Hill/Viewpoint,2025,May,Summer,May Day,921,921
Jalari Gutta,Khammam,Cave/Hill/Viewpoint,2025,June,Monsoon,"Bakrid/Eid-ul-Adha, Telangana Formation Day",575,575
Jalari Gutta,Khammam,Cave/Hill/Viewpoint,2025,July,Monsoon,Bonalu,570,570
Jalari Gutta,Khammam,Cave/Hill/Viewpoint,2025,August,Monsoon,"Krishna Ashtami, Vinayaka Chavithi, Independence Day",565,565
Jalari Gutta,Khammam,Cave/Hill/Viewpoint,2025,September,Monsoon,Bathukamma (Engili Pula to Saddula),575,575
Jalari Gutta,Khammam,Cave/Hill/Viewpoint,2025,October,Post-Monsoon,"Vijaya Dasami/Dussehra, Diwali/Deepavali",963,963
Jalari Gutta,Khammam,Cave/Hill/Viewpoint,2025,November,Post-Monsoon,No Major Festival / Public Holiday,891,891
Jalari Gutta,Khammam,Cave/Hill/Viewpoint,2025,December,Winter,Christmas,982,982
Jalavihar Water Park,Hyderabad,Park/Garden,2024,January,Winter,"Bhogi, Sankranti/Pongal, New Year's Day, Republic Day",38110,38110
Jalavihar Water Park,Hyderabad,Park/Garden,2024,February,Winter,No Major Festival / Public Holiday,27265,27265
Jalavihar Water Park,Hyderabad,Park/Garden,2024,March,Summer,"Maha Shivaratri, Holi",21002,21002
Jalavihar Water Park,Hyderabad,Park/Garden,2024,April,Summer,"Ugadi, Sri Rama Navami, Eid-ul-Fitr, Ambedkar Jayanti",21392,21392
Jalavihar Water Park,Hyderabad,Park/Garden,2024,May,Summer,May Day,36279,36279
Jalavihar Water Park,Hyderabad,Park/Garden,2024,June,Monsoon,"Bakrid/Eid-ul-Adha, Telangana Formation Day",15849,15849
Jalavihar Water Park,Hyderabad,Park/Garden,2024,July,Monsoon,Bonalu,16500,16500
Jalavihar Water Park,Hyderabad,Park/Garden,2024,August,Monsoon,"Raksha Bandhan, Krishna Janmashtami, Independence Day",16325,16325
Jalavihar Water Park,Hyderabad,Park/Garden,2024,September,Monsoon,"Ganesh Chaturthi, Engili Pula Bathukamma (start)",17233,17233
Jalavihar Water Park,Hyderabad,Park/Garden,2024,October,Post-Monsoon,"Bathukamma (Saddula Bathukamma), Dussehra/Vijayadashami",25698,25698
Jalavihar Water Park,Hyderabad,Park/Garden,2024,November,Post-Monsoon,Diwali/Deepavali,25398,25398
Jalavihar Water Park,Hyderabad,Park/Garden,2024,December,Winter,Christmas,36723,36723
Jalavihar Water Park,Hyderabad,Park/Garden,2025,January,Winter,"Bhogi, Sankranti/Pongal, New Year's Day, Republic Day",38988,38988
Jalavihar Water Park,Hyderabad,Park/Garden,2025,February,Winter,Maha Shivaratri,26236,26236
Jalavihar Water Park,Hyderabad,Park/Garden,2025,March,Summer,"Holi, Ugadi, Eid-ul-Fitr",20491,20491
Jalavihar Water Park,Hyderabad,Park/Garden,2025,April,Summer,"Sri Rama Navami, Ambedkar Jayanti",20004,20004
Jalavihar Water Park,Hyderabad,Park/Garden,2025,May,Summer,May Day,36236,36236
Jalavihar Water Park,Hyderabad,Park/Garden,2025,June,Monsoon,"Bakrid/Eid-ul-Adha, Telangana Formation Day",15918,15918
Jalavihar Water Park,Hyderabad,Park/Garden,2025,July,Monsoon,Bonalu,16285,16285
Jalavihar Water Park,Hyderabad,Park/Garden,2025,August,Monsoon,"Krishna Ashtami, Vinayaka Chavithi, Independence Day",17283,17283
Jalavihar Water Park,Hyderabad,Park/Garden,2025,September,Monsoon,Bathukamma (Engili Pula to Saddula),15914,15914
Jalavihar Water Park,Hyderabad,Park/Garden,2025,October,Post-Monsoon,"Vijaya Dasami/Dussehra, Diwali/Deepavali",25323,25323
Jalavihar Water Park,Hyderabad,Park/Garden,2025,November,Post-Monsoon,No Major Festival / Public Holiday,25054,25054
Jalavihar Water Park,Hyderabad,Park/Garden,2025,December,Winter,Christmas,36273,36273
Jankampet Lakshmi Narasimha Swamy Temple,Nizamabad,Temple,2024,January,Winter,"Bhogi, Sankranti/Pongal, New Year's Day, Republic Day",17179,17179
Jankampet Lakshmi Narasimha Swamy Temple,Nizamabad,Temple,2024,February,Winter,No Major Festival / Public Holiday,9732,9732
Jankampet Lakshmi Narasimha Swamy Temple,Nizamabad,Temple,2024,March,Summer,"Maha Shivaratri, Holi",7262,7262
Jankampet Lakshmi Narasimha Swamy Temple,Nizamabad,Temple,2024,April,Summer,"Ugadi, Sri Rama Navami, Eid-ul-Fitr, Ambedkar Jayanti",7669,7669
Jankampet Lakshmi Narasimha Swamy Temple,Nizamabad,Temple,2024,May,Summer,May Day,6859,6859
Jankampet Lakshmi Narasimha Swamy Temple,Nizamabad,Temple,2024,June,Monsoon,"Bakrid/Eid-ul-Adha, Telangana Formation Day",4329,4329
Jankampet Lakshmi Narasimha Swamy Temple,Nizamabad,Temple,2024,July,Monsoon,Bonalu,4691,4691
Jankampet Lakshmi Narasimha Swamy Temple,Nizamabad,Temple,2024,August,Monsoon,"Raksha Bandhan, Krishna Janmashtami, Independence Day",4706,4706
Jankampet Lakshmi Narasimha Swamy Temple,Nizamabad,Temple,2024,September,Monsoon,"Ganesh Chaturthi, Engili Pula Bathukamma (start)",4481,4481
Jankampet Lakshmi Narasimha Swamy Temple,Nizamabad,Temple,2024,October,Post-Monsoon,"Bathukamma (Saddula Bathukamma), Dussehra/Vijayadashami",16371,16371
Jankampet Lakshmi Narasimha Swamy Temple,Nizamabad,Temple,2024,November,Post-Monsoon,Diwali/Deepavali,6807,6807
Jankampet Lakshmi Narasimha Swamy Temple,Nizamabad,Temple,2024,December,Winter,Christmas,7773,7773
Jankampet Lakshmi Narasimha Swamy Temple,Nizamabad,Temple,2025,January,Winter,"Bhogi, Sankranti/Pongal, New Year's Day, Republic Day",17295,17295
Jankampet Lakshmi Narasimha Swamy Temple,Nizamabad,Temple,2025,February,Winter,Maha Shivaratri,7233,7233
Jankampet Lakshmi Narasimha Swamy Temple,Nizamabad,Temple,2025,March,Summer,"Holi, Ugadi, Eid-ul-Fitr",7024,7024
Jankampet Lakshmi Narasimha Swamy Temple,Nizamabad,Temple,2025,April,Summer,"Sri Rama Navami, Ambedkar Jayanti",5958,5958
Jankampet Lakshmi Narasimha Swamy Temple,Nizamabad,Temple,2025,May,Summer,May Day,6808,6808
Jankampet Lakshmi Narasimha Swamy Temple,Nizamabad,Temple,2025,June,Monsoon,"Bakrid/Eid-ul-Adha, Telangana Formation Day",4522,4522
Jankampet Lakshmi Narasimha Swamy Temple,Nizamabad,Temple,2025,July,Monsoon,Bonalu,4752,4752
Jankampet Lakshmi Narasimha Swamy Temple,Nizamabad,Temple,2025,August,Monsoon,"Krishna Ashtami, Vinayaka Chavithi, Independence Day",4265,4265
Jankampet Lakshmi Narasimha Swamy Temple,Nizamabad,Temple,2025,September,Monsoon,Bathukamma (Engili Pula to Saddula),4580,4580
Jankampet Lakshmi Narasimha Swamy Temple,Nizamabad,Temple,2025,October,Post-Monsoon,"Vijaya Dasami/Dussehra, Diwali/Deepavali",16368,16368
Jankampet Lakshmi Narasimha Swamy Temple,Nizamabad,Temple,2025,November,Post-Monsoon,No Major Festival / Public Holiday,8835,8835
Jankampet Lakshmi Narasimha Swamy Temple,Nizamabad,Temple,2025,December,Winter,Christmas,7773,7773
Jatprole,Nagarkurnool,Other/Cultural Site,2024,January,Winter,"Bhogi, Sankranti/Pongal, New Year's Day, Republic Day",448,448
Jatprole,Nagarkurnool,Other/Cultural Site,2024,February,Winter,No Major Festival / Public Holiday,411,411
Jatprole,Nagarkurnool,Other/Cultural Site,2024,March,Summer,"Maha Shivaratri, Holi",321,321
Jatprole,Nagarkurnool,Other/Cultural Site,2024,April,Summer,"Ugadi, Sri Rama Navami, Eid-ul-Fitr, Ambedkar Jayanti",338,338
Jatprole,Nagarkurnool,Other/Cultural Site,2024,May,Summer,May Day,401,401
Jatprole,Nagarkurnool,Other/Cultural Site,2024,June,Monsoon,"Bakrid/Eid-ul-Adha, Telangana Formation Day",246,246
Jatprole,Nagarkurnool,Other/Cultural Site,2024,July,Monsoon,Bonalu,272,272
Jatprole,Nagarkurnool,Other/Cultural Site,2024,August,Monsoon,"Raksha Bandhan, Krishna Janmashtami, Independence Day",271,271
Jatprole,Nagarkurnool,Other/Cultural Site,2024,September,Monsoon,"Ganesh Chaturthi, Engili Pula Bathukamma (start)",264,264
Jatprole,Nagarkurnool,Other/Cultural Site,2024,October,Post-Monsoon,"Bathukamma (Saddula Bathukamma), Dussehra/Vijayadashami",381,381
Jatprole,Nagarkurnool,Other/Cultural Site,2024,November,Post-Monsoon,Diwali/Deepavali,415,415
Jatprole,Nagarkurnool,Other/Cultural Site,2024,December,Winter,Christmas,441,441
Jatprole,Nagarkurnool,Other/Cultural Site,2025,January,Winter,"Bhogi, Sankranti/Pongal, New Year's Day, Republic Day",452,452
Jatprole,Nagarkurnool,Other/Cultural Site,2025,February,Winter,Maha Shivaratri,450,450
Jatprole,Nagarkurnool,Other/Cultural Site,2025,March,Summer,"Holi, Ugadi, Eid-ul-Fitr",344,344
Jatprole,Nagarkurnool,Other/Cultural Site,2025,April,Summer,"Sri Rama Navami, Ambedkar Jayanti",333,333
Jatprole,Nagarkurnool,Other/Cultural Site,2025,May,Summer,May Day,385,385
Jatprole,Nagarkurnool,Other/Cultural Site,2025,June,Monsoon,"Bakrid/Eid-ul-Adha, Telangana Formation Day",267,267
Jatprole,Nagarkurnool,Other/Cultural Site,2025,July,Monsoon,Bonalu,266,266
Jatprole,Nagarkurnool,Other/Cultural Site,2025,August,Monsoon,"Krishna Ashtami, Vinayaka Chavithi, Independence Day",270,270
Jatprole,Nagarkurnool,Other/Cultural Site,2025,September,Monsoon,Bathukamma (Engili Pula to Saddula),252,252
Jatprole,Nagarkurnool,Other/Cultural Site,2025,October,Post-Monsoon,"Vijaya Dasami/Dussehra, Diwali/Deepavali",387,387
Jatprole,Nagarkurnool,Other/Cultural Site,2025,November,Post-Monsoon,No Major Festival / Public Holiday,421,421
Jatprole,Nagarkurnool,Other/Cultural Site,2025,December,Winter,Christmas,450,450
Jodeghat Memorial,Komaram Bheem Asifabad,Cave/Hill/Viewpoint,2024,January,Winter,"Bhogi, Sankranti/Pongal, New Year's Day, Republic Day",977,977
Jodeghat Memorial,Komaram Bheem Asifabad,Cave/Hill/Viewpoint,2024,February,Winter,No Major Festival / Public Holiday,968,968
Jodeghat Memorial,Komaram Bheem Asifabad,Cave/Hill/Viewpoint,2024,March,Summer,"Maha Shivaratri, Holi",734,734
Jodeghat Memorial,Komaram Bheem Asifabad,Cave/Hill/Viewpoint,2024,April,Summer,"Ugadi, Sri Rama Navami, Eid-ul-Fitr, Ambedkar Jayanti",753,753
Jodeghat Memorial,Komaram Bheem Asifabad,Cave/Hill/Viewpoint,2024,May,Summer,May Day,965,965
Jodeghat Memorial,Komaram Bheem Asifabad,Cave/Hill/Viewpoint,2024,June,Monsoon,"Bakrid/Eid-ul-Adha, Telangana Formation Day",600,600
Jodeghat Memorial,Komaram Bheem Asifabad,Cave/Hill/Viewpoint,2024,July,Monsoon,Bonalu,577,577
Jodeghat Memorial,Komaram Bheem Asifabad,Cave/Hill/Viewpoint,2024,August,Monsoon,"Raksha Bandhan, Krishna Janmashtami, Independence Day",569,569
Jodeghat Memorial,Komaram Bheem Asifabad,Cave/Hill/Viewpoint,2024,September,Monsoon,"Ganesh Chaturthi, Engili Pula Bathukamma (start)",614,614
Jodeghat Memorial,Komaram Bheem Asifabad,Cave/Hill/Viewpoint,2024,October,Post-Monsoon,"Bathukamma (Saddula Bathukamma), Dussehra/Vijayadashami",907,907
Jodeghat Memorial,Komaram Bheem Asifabad,Cave/Hill/Viewpoint,2024,November,Post-Monsoon,Diwali/Deepavali,955,955
Jodeghat Memorial,Komaram Bheem Asifabad,Cave/Hill/Viewpoint,2024,December,Winter,Christmas,1019,1019
Jodeghat Memorial,Komaram Bheem Asifabad,Cave/Hill/Viewpoint,2025,January,Winter,"Bhogi, Sankranti/Pongal, New Year's Day, Republic Day",1035,1035
Jodeghat Memorial,Komaram Bheem Asifabad,Cave/Hill/Viewpoint,2025,February,Winter,Maha Shivaratri,972,972
Jodeghat Memorial,Komaram Bheem Asifabad,Cave/Hill/Viewpoint,2025,March,Summer,"Holi, Ugadi, Eid-ul-Fitr",777,777
Jodeghat Memorial,Komaram Bheem Asifabad,Cave/Hill/Viewpoint,2025,April,Summer,"Sri Rama Navami, Ambedkar Jayanti",738,738
Jodeghat Memorial,Komaram Bheem Asifabad,Cave/Hill/Viewpoint,2025,May,Summer,May Day,968,968
Jodeghat Memorial,Komaram Bheem Asifabad,Cave/Hill/Viewpoint,2025,June,Monsoon,"Bakrid/Eid-ul-Adha, Telangana Formation Day",609,609
Jodeghat Memorial,Komaram Bheem Asifabad,Cave/Hill/Viewpoint,2025,July,Monsoon,Bonalu,587,587
Jodeghat Memorial,Komaram Bheem Asifabad,Cave/Hill/Viewpoint,2025,August,Monsoon,"Krishna Ashtami, Vinayaka Chavithi, Independence Day",583,583
Jodeghat Memorial,Komaram Bheem Asifabad,Cave/Hill/Viewpoint,2025,September,Monsoon,Bathukamma (Engili Pula to Saddula),577,577
Jodeghat Memorial,Komaram Bheem Asifabad,Cave/Hill/Viewpoint,2025,October,Post-Monsoon,"Vijaya Dasami/Dussehra, Diwali/Deepavali",941,941
Jodeghat Memorial,Komaram Bheem Asifabad,Cave/Hill/Viewpoint,2025,November,Post-Monsoon,No Major Festival / Public Holiday,888,888
Jodeghat Memorial,Komaram Bheem Asifabad,Cave/Hill/Viewpoint,2025,December,Winter,Christmas,1011,1011
KBR National Park,Hyderabad,Wildlife/National Park,2024,January,Winter,"Bhogi, Sankranti/Pongal, New Year's Day, Republic Day",82603,82603
KBR National Park,Hyderabad,Wildlife/National Park,2024,February,Winter,No Major Festival / Public Holiday,65343,65343
KBR National Park,Hyderabad,Wildlife/National Park,2024,March,Summer,"Maha Shivaratri, Holi",46037,46037
KBR National Park,Hyderabad,Wildlife/National Park,2024,April,Summer,"Ugadi, Sri Rama Navami, Eid-ul-Fitr, Ambedkar Jayanti",47826,47826
KBR National Park,Hyderabad,Wildlife/National Park,2024,May,Summer,May Day,76046,76046
KBR National Park,Hyderabad,Wildlife/National Park,2024,June,Monsoon,"Bakrid/Eid-ul-Adha, Telangana Formation Day",38250,38250
KBR National Park,Hyderabad,Wildlife/National Park,2024,July,Monsoon,Bonalu,36703,36703
KBR National Park,Hyderabad,Wildlife/National Park,2024,August,Monsoon,"Raksha Bandhan, Krishna Janmashtami, Independence Day",39290,39290
KBR National Park,Hyderabad,Wildlife/National Park,2024,September,Monsoon,"Ganesh Chaturthi, Engili Pula Bathukamma (start)",39246,39246
KBR National Park,Hyderabad,Wildlife/National Park,2024,October,Post-Monsoon,"Bathukamma (Saddula Bathukamma), Dussehra/Vijayadashami",56294,56294
KBR National Park,Hyderabad,Wildlife/National Park,2024,November,Post-Monsoon,Diwali/Deepavali,60266,60266
KBR National Park,Hyderabad,Wildlife/National Park,2024,December,Winter,Christmas,92709,92709
KBR National Park,Hyderabad,Wildlife/National Park,2025,January,Winter,"Bhogi, Sankranti/Pongal, New Year's Day, Republic Day",90916,90916
KBR National Park,Hyderabad,Wildlife/National Park,2025,February,Winter,Maha Shivaratri,65086,65086
KBR National Park,Hyderabad,Wildlife/National Park,2025,March,Summer,"Holi, Ugadi, Eid-ul-Fitr",46069,46069
KBR National Park,Hyderabad,Wildlife/National Park,2025,April,Summer,"Sri Rama Navami, Ambedkar Jayanti",47937,47937
KBR National Park,Hyderabad,Wildlife/National Park,2025,May,Summer,May Day,76319,76319
KBR National Park,Hyderabad,Wildlife/National Park,2025,June,Monsoon,"Bakrid/Eid-ul-Adha, Telangana Formation Day",35677,35677
KBR National Park,Hyderabad,Wildlife/National Park,2025,July,Monsoon,Bonalu,39745,39745
KBR National Park,Hyderabad,Wildlife/National Park,2025,August,Monsoon,"Krishna Ashtami, Vinayaka Chavithi, Independence Day",36719,36719
KBR National Park,Hyderabad,Wildlife/National Park,2025,September,Monsoon,Bathukamma (Engili Pula to Saddula),38616,38616
KBR National Park,Hyderabad,Wildlife/National Park,2025,October,Post-Monsoon,"Vijaya Dasami/Dussehra, Diwali/Deepavali",59615,59615
KBR National Park,Hyderabad,Wildlife/National Park,2025,November,Post-Monsoon,No Major Festival / Public Holiday,59970,59970
KBR National Park,Hyderabad,Wildlife/National Park,2025,December,Winter,Christmas,92725,92725
Kadam Dam,Nirmal,Dam/Barrage,2024,January,Winter,"Bhogi, Sankranti/Pongal, New Year's Day, Republic Day",515,515
Kadam Dam,Nirmal,Dam/Barrage,2024,February,Winter,No Major Festival / Public Holiday,507,507
Kadam Dam,Nirmal,Dam/Barrage,2024,March,Summer,"Maha Shivaratri, Holi",391,391
Kadam Dam,Nirmal,Dam/Barrage,2024,April,Summer,"Ugadi, Sri Rama Navami, Eid-ul-Fitr, Ambedkar Jayanti",358,358
Kadam Dam,Nirmal,Dam/Barrage,2024,May,Summer,May Day,478,478
Kadam Dam,Nirmal,Dam/Barrage,2024,June,Monsoon,"Bakrid/Eid-ul-Adha, Telangana Formation Day",304,304
Kadam Dam,Nirmal,Dam/Barrage,2024,July,Monsoon,Bonalu,302,302
Kadam Dam,Nirmal,Dam/Barrage,2024,August,Monsoon,"Raksha Bandhan, Krishna Janmashtami, Independence Day",304,304
Kadam Dam,Nirmal,Dam/Barrage,2024,September,Monsoon,"Ganesh Chaturthi, Engili Pula Bathukamma (start)",313,313
Kadam Dam,Nirmal,Dam/Barrage,2024,October,Post-Monsoon,"Bathukamma (Saddula Bathukamma), Dussehra/Vijayadashami",464,464
Kadam Dam,Nirmal,Dam/Barrage,2024,November,Post-Monsoon,Diwali/Deepavali,464,464
Kadam Dam,Nirmal,Dam/Barrage,2024,December,Winter,Christmas,529,529
Kadam Dam,Nirmal,Dam/Barrage,2025,January,Winter,"Bhogi, Sankranti/Pongal, New Year's Day, Republic Day",515,515
Kadam Dam,Nirmal,Dam/Barrage,2025,February,Winter,Maha Shivaratri,496,496
Kadam Dam,Nirmal,Dam/Barrage,2025,March,Summer,"Holi, Ugadi, Eid-ul-Fitr",389,389
Kadam Dam,Nirmal,Dam/Barrage,2025,April,Summer,"Sri Rama Navami, Ambedkar Jayanti",374,374
Kadam Dam,Nirmal,Dam/Barrage,2025,May,Summer,May Day,445,445
Kadam Dam,Nirmal,Dam/Barrage,2025,June,Monsoon,"Bakrid/Eid-ul-Adha, Telangana Formation Day",303,303
Kadam Dam,Nirmal,Dam/Barrage,2025,July,Monsoon,Bonalu,315,315
Kadam Dam,Nirmal,Dam/Barrage,2025,August,Monsoon,"Krishna Ashtami, Vinayaka Chavithi, Independence Day",315,315
Kadam Dam,Nirmal,Dam/Barrage,2025,September,Monsoon,Bathukamma (Engili Pula to Saddula),294,294
Kadam Dam,Nirmal,Dam/Barrage,2025,October,Post-Monsoon,"Vijaya Dasami/Dussehra, Diwali/Deepavali",461,461
Kadam Dam,Nirmal,Dam/Barrage,2025,November,Post-Monsoon,No Major Festival / Public Holiday,444,444
Kadam Dam,Nirmal,Dam/Barrage,2025,December,Winter,Christmas,529,529
Kaddam Lake,Nirmal,Lake/Reservoir,2024,January,Winter,"Bhogi, Sankranti/Pongal, New Year's Day, Republic Day",750,750
Kaddam Lake,Nirmal,Lake/Reservoir,2024,February,Winter,No Major Festival / Public Holiday,767,767
Kaddam Lake,Nirmal,Lake/Reservoir,2024,March,Summer,"Maha Shivaratri, Holi",583,583
Kaddam Lake,Nirmal,Lake/Reservoir,2024,April,Summer,"Ugadi, Sri Rama Navami, Eid-ul-Fitr, Ambedkar Jayanti",580,580
Kaddam Lake,Nirmal,Lake/Reservoir,2024,May,Summer,May Day,671,671
Kaddam Lake,Nirmal,Lake/Reservoir,2024,June,Monsoon,"Bakrid/Eid-ul-Adha, Telangana Formation Day",431,431
Kaddam Lake,Nirmal,Lake/Reservoir,2024,July,Monsoon,Bonalu,457,457
Kaddam Lake,Nirmal,Lake/Reservoir,2024,August,Monsoon,"Raksha Bandhan, Krishna Janmashtami, Independence Day",455,455
Kaddam Lake,Nirmal,Lake/Reservoir,2024,September,Monsoon,"Ganesh Chaturthi, Engili Pula Bathukamma (start)",432,432
Kaddam Lake,Nirmal,Lake/Reservoir,2024,October,Post-Monsoon,"Bathukamma (Saddula Bathukamma), Dussehra/Vijayadashami",706,706
Kaddam Lake,Nirmal,Lake/Reservoir,2024,November,Post-Monsoon,Diwali/Deepavali,686,686
Kaddam Lake,Nirmal,Lake/Reservoir,2024,December,Winter,Christmas,765,765
Kaddam Lake,Nirmal,Lake/Reservoir,2025,January,Winter,"Bhogi, Sankranti/Pongal, New Year's Day, Republic Day",780,780
Kaddam Lake,Nirmal,Lake/Reservoir,2025,February,Winter,Maha Shivaratri,720,720
Kaddam Lake,Nirmal,Lake/Reservoir,2025,March,Summer,"Holi, Ugadi, Eid-ul-Fitr",537,537
Kaddam Lake,Nirmal,Lake/Reservoir,2025,April,Summer,"Sri Rama Navami, Ambedkar Jayanti",589,589
Kaddam Lake,Nirmal,Lake/Reservoir,2025,May,Summer,May Day,699,699
Kaddam Lake,Nirmal,Lake/Reservoir,2025,June,Monsoon,"Bakrid/Eid-ul-Adha, Telangana Formation Day",460,460
Kaddam Lake,Nirmal,Lake/Reservoir,2025,July,Monsoon,Bonalu,468,468
Kaddam Lake,Nirmal,Lake/Reservoir,2025,August,Monsoon,"Krishna Ashtami, Vinayaka Chavithi, Independence Day",466,466
Kaddam Lake,Nirmal,Lake/Reservoir,2025,September,Monsoon,Bathukamma (Engili Pula to Saddula),474,474
Kaddam Lake,Nirmal,Lake/Reservoir,2025,October,Post-Monsoon,"Vijaya Dasami/Dussehra, Diwali/Deepavali",692,692
Kaddam Lake,Nirmal,Lake/Reservoir,2025,November,Post-Monsoon,No Major Festival / Public Holiday,689,689
Kaddam Lake,Nirmal,Lake/Reservoir,2025,December,Winter,Christmas,741,741
Kakatiya Zoological Park,Hanumakonda,Wildlife/National Park,2024,January,Winter,"Bhogi, Sankranti/Pongal, New Year's Day, Republic Day",12810,12810
Kakatiya Zoological Park,Hanumakonda,Wildlife/National Park,2024,February,Winter,No Major Festival / Public Holiday,9152,9152
Kakatiya Zoological Park,Hanumakonda,Wildlife/National Park,2024,March,Summer,"Maha Shivaratri, Holi",6776,6776
Kakatiya Zoological Park,Hanumakonda,Wildlife/National Park,2024,April,Summer,"Ugadi, Sri Rama Navami, Eid-ul-Fitr, Ambedkar Jayanti",6419,6419
Kakatiya Zoological Park,Hanumakonda,Wildlife/National Park,2024,May,Summer,May Day,11760,11760
Kakatiya Zoological Park,Hanumakonda,Wildlife/National Park,2024,June,Monsoon,"Bakrid/Eid-ul-Adha, Telangana Formation Day",5493,5493
Kakatiya Zoological Park,Hanumakonda,Wildlife/National Park,2024,July,Monsoon,Bonalu,5058,5058
Kakatiya Zoological Park,Hanumakonda,Wildlife/National Park,2024,August,Monsoon,"Raksha Bandhan, Krishna Janmashtami, Independence Day",5399,5399
Kakatiya Zoological Park,Hanumakonda,Wildlife/National Park,2024,September,Monsoon,"Ganesh Chaturthi, Engili Pula Bathukamma (start)",5115,5115
Kakatiya Zoological Park,Hanumakonda,Wildlife/National Park,2024,October,Post-Monsoon,"Bathukamma (Saddula Bathukamma), Dussehra/Vijayadashami",8342,8342
Kakatiya Zoological Park,Hanumakonda,Wildlife/National Park,2024,November,Post-Monsoon,Diwali/Deepavali,8530,8530
Kakatiya Zoological Park,Hanumakonda,Wildlife/National Park,2024,December,Winter,Christmas,11559,11559
Kakatiya Zoological Park,Hanumakonda,Wildlife/National Park,2025,January,Winter,"Bhogi, Sankranti/Pongal, New Year's Day, Republic Day",12834,12834
Kakatiya Zoological Park,Hanumakonda,Wildlife/National Park,2025,February,Winter,Maha Shivaratri,8878,8878
Kakatiya Zoological Park,Hanumakonda,Wildlife/National Park,2025,March,Summer,"Holi, Ugadi, Eid-ul-Fitr",7027,7027
Kakatiya Zoological Park,Hanumakonda,Wildlife/National Park,2025,April,Summer,"Sri Rama Navami, Ambedkar Jayanti",6622,6622
Kakatiya Zoological Park,Hanumakonda,Wildlife/National Park,2025,May,Summer,May Day,11739,11739
Kakatiya Zoological Park,Hanumakonda,Wildlife/National Park,2025,June,Monsoon,"Bakrid/Eid-ul-Adha, Telangana Formation Day",4974,4974
Kakatiya Zoological Park,Hanumakonda,Wildlife/National Park,2025,July,Monsoon,Bonalu,5146,5146
Kakatiya Zoological Park,Hanumakonda,Wildlife/National Park,2025,August,Monsoon,"Krishna Ashtami, Vinayaka Chavithi, Independence Day",4977,4977
Kakatiya Zoological Park,Hanumakonda,Wildlife/National Park,2025,September,Monsoon,Bathukamma (Engili Pula to Saddula),5549,5549
Kakatiya Zoological Park,Hanumakonda,Wildlife/National Park,2025,October,Post-Monsoon,"Vijaya Dasami/Dussehra, Diwali/Deepavali",8356,8356
Kakatiya Zoological Park,Hanumakonda,Wildlife/National Park,2025,November,Post-Monsoon,No Major Festival / Public Holiday,8390,8390
Kakatiya Zoological Park,Hanumakonda,Wildlife/National Park,2025,December,Winter,Christmas,12893,12893
Kalakriti Art Gallery,Hyderabad,Museum/Gallery,2024,January,Winter,"Bhogi, Sankranti/Pongal, New Year's Day, Republic Day",6468,6468
Kalakriti Art Gallery,Hyderabad,Museum/Gallery,2024,February,Winter,No Major Festival / Public Holiday,4343,4343
Kalakriti Art Gallery,Hyderabad,Museum/Gallery,2024,March,Summer,"Maha Shivaratri, Holi",3236,3236
Kalakriti Art Gallery,Hyderabad,Museum/Gallery,2024,April,Summer,"Ugadi, Sri Rama Navami, Eid-ul-Fitr, Ambedkar Jayanti",3444,3444
Kalakriti Art Gallery,Hyderabad,Museum/Gallery,2024,May,Summer,May Day,3941,3941
Kalakriti Art Gallery,Hyderabad,Museum/Gallery,2024,June,Monsoon,"Bakrid/Eid-ul-Adha, Telangana Formation Day",2561,2561
Kalakriti Art Gallery,Hyderabad,Museum/Gallery,2024,July,Monsoon,Bonalu,2540,2540
Kalakriti Art Gallery,Hyderabad,Museum/Gallery,2024,August,Monsoon,"Raksha Bandhan, Krishna Janmashtami, Independence Day",2508,2508
Kalakriti Art Gallery,Hyderabad,Museum/Gallery,2024,September,Monsoon,"Ganesh Chaturthi, Engili Pula Bathukamma (start)",2548,2548
Kalakriti Art Gallery,Hyderabad,Museum/Gallery,2024,October,Post-Monsoon,"Bathukamma (Saddula Bathukamma), Dussehra/Vijayadashami",5537,5537
Kalakriti Art Gallery,Hyderabad,Museum/Gallery,2024,November,Post-Monsoon,Diwali/Deepavali,4109,4109
Kalakriti Art Gallery,Hyderabad,Museum/Gallery,2024,December,Winter,Christmas,5803,5803
Kalakriti Art Gallery,Hyderabad,Museum/Gallery,2025,January,Winter,"Bhogi, Sankranti/Pongal, New Year's Day, Republic Day",5912,5912
Kalakriti Art Gallery,Hyderabad,Museum/Gallery,2025,February,Winter,Maha Shivaratri,4537,4537
Kalakriti Art Gallery,Hyderabad,Museum/Gallery,2025,March,Summer,"Holi, Ugadi, Eid-ul-Fitr",3184,3184
Kalakriti Art Gallery,Hyderabad,Museum/Gallery,2025,April,Summer,"Sri Rama Navami, Ambedkar Jayanti",3262,3262
Kalakriti Art Gallery,Hyderabad,Museum/Gallery,2025,May,Summer,May Day,4201,4201
Kalakriti Art Gallery,Hyderabad,Museum/Gallery,2025,June,Monsoon,"Bakrid/Eid-ul-Adha, Telangana Formation Day",2516,2516
Kalakriti Art Gallery,Hyderabad,Museum/Gallery,2025,July,Monsoon,Bonalu,2493,2493
Kalakriti Art Gallery,Hyderabad,Museum/Gallery,2025,August,Monsoon,"Krishna Ashtami, Vinayaka Chavithi, Independence Day",2620,2620
Kalakriti Art Gallery,Hyderabad,Museum/Gallery,2025,September,Monsoon,Bathukamma (Engili Pula to Saddula),2562,2562
Kalakriti Art Gallery,Hyderabad,Museum/Gallery,2025,October,Post-Monsoon,"Vijaya Dasami/Dussehra, Diwali/Deepavali",5677,5677
Kalakriti Art Gallery,Hyderabad,Museum/Gallery,2025,November,Post-Monsoon,No Major Festival / Public Holiday,4171,4171
Kalakriti Art Gallery,Hyderabad,Museum/Gallery,2025,December,Winter,Christmas,5858,5858
Kaleshwaram Temple,Jayashankar Bhupalpally,Temple,2024,January,Winter,"Bhogi, Sankranti/Pongal, New Year's Day, Republic Day",16417,16417
Kaleshwaram Temple,Jayashankar Bhupalpally,Temple,2024,February,Winter,No Major Festival / Public Holiday,10013,10013
Kaleshwaram Temple,Jayashankar Bhupalpally,Temple,2024,March,Summer,"Maha Shivaratri, Holi",23003,23003
Kaleshwaram Temple,Jayashankar Bhupalpally,Temple,2024,April,Summer,"Ugadi, Sri Rama Navami, Eid-ul-Fitr, Ambedkar Jayanti",7558,7558
Kaleshwaram Temple,Jayashankar Bhupalpally,Temple,2024,May,Summer,May Day,7129,7129
Kaleshwaram Temple,Jayashankar Bhupalpally,Temple,2024,June,Monsoon,"Bakrid/Eid-ul-Adha, Telangana Formation Day",4695,4695
Kaleshwaram Temple,Jayashankar Bhupalpally,Temple,2024,July,Monsoon,Bonalu,4399,4399
Kaleshwaram Temple,Jayashankar Bhupalpally,Temple,2024,August,Monsoon,"Raksha Bandhan, Krishna Janmashtami, Independence Day",4520,4520
Kaleshwaram Temple,Jayashankar Bhupalpally,Temple,2024,September,Monsoon,"Ganesh Chaturthi, Engili Pula Bathukamma (start)",4683,4683
Kaleshwaram Temple,Jayashankar Bhupalpally,Temple,2024,October,Post-Monsoon,"Bathukamma (Saddula Bathukamma), Dussehra/Vijayadashami",18263,18263
Kaleshwaram Temple,Jayashankar Bhupalpally,Temple,2024,November,Post-Monsoon,Diwali/Deepavali,7222,7222
Kaleshwaram Temple,Jayashankar Bhupalpally,Temple,2024,December,Winter,Christmas,7384,7384
Kaleshwaram Temple,Jayashankar Bhupalpally,Temple,2025,January,Winter,"Bhogi, Sankranti/Pongal, New Year's Day, Republic Day",15896,15896
Kaleshwaram Temple,Jayashankar Bhupalpally,Temple,2025,February,Winter,Maha Shivaratri,29961,29961
Kaleshwaram Temple,Jayashankar Bhupalpally,Temple,2025,March,Summer,"Holi, Ugadi, Eid-ul-Fitr",7624,7624
Kaleshwaram Temple,Jayashankar Bhupalpally,Temple,2025,April,Summer,"Sri Rama Navami, Ambedkar Jayanti",5694,5694
Kaleshwaram Temple,Jayashankar Bhupalpally,Temple,2025,May,Summer,May Day,6886,6886
Kaleshwaram Temple,Jayashankar Bhupalpally,Temple,2025,June,Monsoon,"Bakrid/Eid-ul-Adha, Telangana Formation Day",4682,4682
Kaleshwaram Temple,Jayashankar Bhupalpally,Temple,2025,July,Monsoon,Bonalu,4425,4425
Kaleshwaram Temple,Jayashankar Bhupalpally,Temple,2025,August,Monsoon,"Krishna Ashtami, Vinayaka Chavithi, Independence Day",4694,4694
Kaleshwaram Temple,Jayashankar Bhupalpally,Temple,2025,September,Monsoon,Bathukamma (Engili Pula to Saddula),4449,4449
Kaleshwaram Temple,Jayashankar Bhupalpally,Temple,2025,October,Post-Monsoon,"Vijaya Dasami/Dussehra, Diwali/Deepavali",16894,16894
Kaleshwaram Temple,Jayashankar Bhupalpally,Temple,2025,November,Post-Monsoon,No Major Festival / Public Holiday,8920,8920
Kaleshwaram Temple,Jayashankar Bhupalpally,Temple,2025,December,Winter,Christmas,7736,7736
Kamaldham Mandir / Lotus Temple,Ranga Reddy,Temple,2024,January,Winter,"Bhogi, Sankranti/Pongal, New Year's Day, Republic Day",15789,15789
Kamaldham Mandir / Lotus Temple,Ranga Reddy,Temple,2024,February,Winter,No Major Festival / Public Holiday,9832,9832
Kamaldham Mandir / Lotus Temple,Ranga Reddy,Temple,2024,March,Summer,"Maha Shivaratri, Holi",7130,7130
Kamaldham Mandir / Lotus Temple,Ranga Reddy,Temple,2024,April,Summer,"Ugadi, Sri Rama Navami, Eid-ul-Fitr, Ambedkar Jayanti",7213,7213
Kamaldham Mandir / Lotus Temple,Ranga Reddy,Temple,2024,May,Summer,May Day,6667,6667
Kamaldham Mandir / Lotus Temple,Ranga Reddy,Temple,2024,June,Monsoon,"Bakrid/Eid-ul-Adha, Telangana Formation Day",4328,4328
Kamaldham Mandir / Lotus Temple,Ranga Reddy,Temple,2024,July,Monsoon,Bonalu,4675,4675
Kamaldham Mandir / Lotus Temple,Ranga Reddy,Temple,2024,August,Monsoon,"Raksha Bandhan, Krishna Janmashtami, Independence Day",4384,4384
Kamaldham Mandir / Lotus Temple,Ranga Reddy,Temple,2024,September,Monsoon,"Ganesh Chaturthi, Engili Pula Bathukamma (start)",4730,4730
Kamaldham Mandir / Lotus Temple,Ranga Reddy,Temple,2024,October,Post-Monsoon,"Bathukamma (Saddula Bathukamma), Dussehra/Vijayadashami",18222,18222
Kamaldham Mandir / Lotus Temple,Ranga Reddy,Temple,2024,November,Post-Monsoon,Diwali/Deepavali,6959,6959
Kamaldham Mandir / Lotus Temple,Ranga Reddy,Temple,2024,December,Winter,Christmas,7178,7178
Kamaldham Mandir / Lotus Temple,Ranga Reddy,Temple,2025,January,Winter,"Bhogi, Sankranti/Pongal, New Year's Day, Republic Day",16251,16251
Kamaldham Mandir / Lotus Temple,Ranga Reddy,Temple,2025,February,Winter,Maha Shivaratri,7767,7767
Kamaldham Mandir / Lotus Temple,Ranga Reddy,Temple,2025,March,Summer,"Holi, Ugadi, Eid-ul-Fitr",7292,7292
Kamaldham Mandir / Lotus Temple,Ranga Reddy,Temple,2025,April,Summer,"Sri Rama Navami, Ambedkar Jayanti",5417,5417
Kamaldham Mandir / Lotus Temple,Ranga Reddy,Temple,2025,May,Summer,May Day,6947,6947
Kamaldham Mandir / Lotus Temple,Ranga Reddy,Temple,2025,June,Monsoon,"Bakrid/Eid-ul-Adha, Telangana Formation Day",4686,4686
Kamaldham Mandir / Lotus Temple,Ranga Reddy,Temple,2025,July,Monsoon,Bonalu,4659,4659
Kamaldham Mandir / Lotus Temple,Ranga Reddy,Temple,2025,August,Monsoon,"Krishna Ashtami, Vinayaka Chavithi, Independence Day",4324,4324
Kamaldham Mandir / Lotus Temple,Ranga Reddy,Temple,2025,September,Monsoon,Bathukamma (Engili Pula to Saddula),4593,4593
Kamaldham Mandir / Lotus Temple,Ranga Reddy,Temple,2025,October,Post-Monsoon,"Vijaya Dasami/Dussehra, Diwali/Deepavali",16671,16671
Kamaldham Mandir / Lotus Temple,Ranga Reddy,Temple,2025,November,Post-Monsoon,No Major Festival / Public Holiday,8666,8666
Kamaldham Mandir / Lotus Temple,Ranga Reddy,Temple,2025,December,Winter,Christmas,7836,7836
Kanha Shanti Vanam,Ranga Reddy,Park/Garden,2024,January,Winter,"Bhogi, Sankranti/Pongal, New Year's Day, Republic Day",14706,14706
Kanha Shanti Vanam,Ranga Reddy,Park/Garden,2024,February,Winter,No Major Festival / Public Holiday,9448,9448
Kanha Shanti Vanam,Ranga Reddy,Park/Garden,2024,March,Summer,"Maha Shivaratri, Holi",7409,7409
Kanha Shanti Vanam,Ranga Reddy,Park/Garden,2024,April,Summer,"Ugadi, Sri Rama Navami, Eid-ul-Fitr, Ambedkar Jayanti",7333,7333
Kanha Shanti Vanam,Ranga Reddy,Park/Garden,2024,May,Summer,May Day,12475,12475
Kanha Shanti Vanam,Ranga Reddy,Park/Garden,2024,June,Monsoon,"Bakrid/Eid-ul-Adha, Telangana Formation Day",6294,6294
Kanha Shanti Vanam,Ranga Reddy,Park/Garden,2024,July,Monsoon,Bonalu,5977,5977
Kanha Shanti Vanam,Ranga Reddy,Park/Garden,2024,August,Monsoon,"Raksha Bandhan, Krishna Janmashtami, Independence Day",5975,5975
Kanha Shanti Vanam,Ranga Reddy,Park/Garden,2024,September,Monsoon,"Ganesh Chaturthi, Engili Pula Bathukamma (start)",6187,6187
Kanha Shanti Vanam,Ranga Reddy,Park/Garden,2024,October,Post-Monsoon,"Bathukamma (Saddula Bathukamma), Dussehra/Vijayadashami",8818,8818
Kanha Shanti Vanam,Ranga Reddy,Park/Garden,2024,November,Post-Monsoon,Diwali/Deepavali,9185,9185
Kanha Shanti Vanam,Ranga Reddy,Park/Garden,2024,December,Winter,Christmas,13882,13882
Kanha Shanti Vanam,Ranga Reddy,Park/Garden,2025,January,Winter,"Bhogi, Sankranti/Pongal, New Year's Day, Republic Day",14162,14162
Kanha Shanti Vanam,Ranga Reddy,Park/Garden,2025,February,Winter,Maha Shivaratri,10599,10599
Kanha Shanti Vanam,Ranga Reddy,Park/Garden,2025,March,Summer,"Holi, Ugadi, Eid-ul-Fitr",7845,7845
Kanha Shanti Vanam,Ranga Reddy,Park/Garden,2025,April,Summer,"Sri Rama Navami, Ambedkar Jayanti",7506,7506
Kanha Shanti Vanam,Ranga Reddy,Park/Garden,2025,May,Summer,May Day,13386,13386
Kanha Shanti Vanam,Ranga Reddy,Park/Garden,2025,June,Monsoon,"Bakrid/Eid-ul-Adha, Telangana Formation Day",5762,5762
Kanha Shanti Vanam,Ranga Reddy,Park/Garden,2025,July,Monsoon,Bonalu,5661,5661
Kanha Shanti Vanam,Ranga Reddy,Park/Garden,2025,August,Monsoon,"Krishna Ashtami, Vinayaka Chavithi, Independence Day",5787,5787
Kanha Shanti Vanam,Ranga Reddy,Park/Garden,2025,September,Monsoon,Bathukamma (Engili Pula to Saddula),5885,5885
Kanha Shanti Vanam,Ranga Reddy,Park/Garden,2025,October,Post-Monsoon,"Vijaya Dasami/Dussehra, Diwali/Deepavali",9211,9211
Kanha Shanti Vanam,Ranga Reddy,Park/Garden,2025,November,Post-Monsoon,No Major Festival / Public Holiday,9327,9327
Kanha Shanti Vanam,Ranga Reddy,Park/Garden,2025,December,Winter,Christmas,14689,14689
Karimnagar Deer Park,Karimnagar,Park/Garden,2024,January,Winter,"Bhogi, Sankranti/Pongal, New Year's Day, Republic Day",7188,7188
Karimnagar Deer Park,Karimnagar,Park/Garden,2024,February,Winter,No Major Festival / Public Holiday,4766,4766
Karimnagar Deer Park,Karimnagar,Park/Garden,2024,March,Summer,"Maha Shivaratri, Holi",3849,3849
Karimnagar Deer Park,Karimnagar,Park/Garden,2024,April,Summer,"Ugadi, Sri Rama Navami, Eid-ul-Fitr, Ambedkar Jayanti",3700,3700
Karimnagar Deer Park,Karimnagar,Park/Garden,2024,May,Summer,May Day,6187,6187
Karimnagar Deer Park,Karimnagar,Park/Garden,2024,June,Monsoon,"Bakrid/Eid-ul-Adha, Telangana Formation Day",2956,2956
Karimnagar Deer Park,Karimnagar,Park/Garden,2024,July,Monsoon,Bonalu,3108,3108
Karimnagar Deer Park,Karimnagar,Park/Garden,2024,August,Monsoon,"Raksha Bandhan, Krishna Janmashtami, Independence Day",2961,2961
Karimnagar Deer Park,Karimnagar,Park/Garden,2024,September,Monsoon,"Ganesh Chaturthi, Engili Pula Bathukamma (start)",3090,3090
Karimnagar Deer Park,Karimnagar,Park/Garden,2024,October,Post-Monsoon,"Bathukamma (Saddula Bathukamma), Dussehra/Vijayadashami",4393,4393
Karimnagar Deer Park,Karimnagar,Park/Garden,2024,November,Post-Monsoon,Diwali/Deepavali,4750,4750
Karimnagar Deer Park,Karimnagar,Park/Garden,2024,December,Winter,Christmas,6779,6779
Karimnagar Deer Park,Karimnagar,Park/Garden,2025,January,Winter,"Bhogi, Sankranti/Pongal, New Year's Day, Republic Day",7149,7149
Karimnagar Deer Park,Karimnagar,Park/Garden,2025,February,Winter,Maha Shivaratri,5039,5039
Karimnagar Deer Park,Karimnagar,Park/Garden,2025,March,Summer,"Holi, Ugadi, Eid-ul-Fitr",3995,3995
Karimnagar Deer Park,Karimnagar,Park/Garden,2025,April,Summer,"Sri Rama Navami, Ambedkar Jayanti",3748,3748
Karimnagar Deer Park,Karimnagar,Park/Garden,2025,May,Summer,May Day,6104,6104
Karimnagar Deer Park,Karimnagar,Park/Garden,2025,June,Monsoon,"Bakrid/Eid-ul-Adha, Telangana Formation Day",2826,2826
Karimnagar Deer Park,Karimnagar,Park/Garden,2025,July,Monsoon,Bonalu,3117,3117
Karimnagar Deer Park,Karimnagar,Park/Garden,2025,August,Monsoon,"Krishna Ashtami, Vinayaka Chavithi, Independence Day",3008,3008
Karimnagar Deer Park,Karimnagar,Park/Garden,2025,September,Monsoon,Bathukamma (Engili Pula to Saddula),3099,3099
Karimnagar Deer Park,Karimnagar,Park/Garden,2025,October,Post-Monsoon,"Vijaya Dasami/Dussehra, Diwali/Deepavali",4453,4453
Karimnagar Deer Park,Karimnagar,Park/Garden,2025,November,Post-Monsoon,No Major Festival / Public Holiday,4514,4514
Karimnagar Deer Park,Karimnagar,Park/Garden,2025,December,Winter,Christmas,6605,6605
Kattaleru Check Dam,Khammam,Dam/Barrage,2024,January,Winter,"Bhogi, Sankranti/Pongal, New Year's Day, Republic Day",486,486
Kattaleru Check Dam,Khammam,Dam/Barrage,2024,February,Winter,No Major Festival / Public Holiday,527,527
Kattaleru Check Dam,Khammam,Dam/Barrage,2024,March,Summer,"Maha Shivaratri, Holi",357,357
Kattaleru Check Dam,Khammam,Dam/Barrage,2024,April,Summer,"Ugadi, Sri Rama Navami, Eid-ul-Fitr, Ambedkar Jayanti",389,389
Kattaleru Check Dam,Khammam,Dam/Barrage,2024,May,Summer,May Day,471,471
Kattaleru Check Dam,Khammam,Dam/Barrage,2024,June,Monsoon,"Bakrid/Eid-ul-Adha, Telangana Formation Day",304,304
Kattaleru Check Dam,Khammam,Dam/Barrage,2024,July,Monsoon,Bonalu,317,317
Kattaleru Check Dam,Khammam,Dam/Barrage,2024,August,Monsoon,"Raksha Bandhan, Krishna Janmashtami, Independence Day",293,293
Kattaleru Check Dam,Khammam,Dam/Barrage,2024,September,Monsoon,"Ganesh Chaturthi, Engili Pula Bathukamma (start)",294,294
Kattaleru Check Dam,Khammam,Dam/Barrage,2024,October,Post-Monsoon,"Bathukamma (Saddula Bathukamma), Dussehra/Vijayadashami",436,436
Kattaleru Check Dam,Khammam,Dam/Barrage,2024,November,Post-Monsoon,Diwali/Deepavali,456,456
Kattaleru Check Dam,Khammam,Dam/Barrage,2024,December,Winter,Christmas,485,485
Kattaleru Check Dam,Khammam,Dam/Barrage,2025,January,Winter,"Bhogi, Sankranti/Pongal, New Year's Day, Republic Day",490,490
Kattaleru Check Dam,Khammam,Dam/Barrage,2025,February,Winter,Maha Shivaratri,520,520
Kattaleru Check Dam,Khammam,Dam/Barrage,2025,March,Summer,"Holi, Ugadi, Eid-ul-Fitr",399,399
Kattaleru Check Dam,Khammam,Dam/Barrage,2025,April,Summer,"Sri Rama Navami, Ambedkar Jayanti",365,365
Kattaleru Check Dam,Khammam,Dam/Barrage,2025,May,Summer,May Day,452,452
Kattaleru Check Dam,Khammam,Dam/Barrage,2025,June,Monsoon,"Bakrid/Eid-ul-Adha, Telangana Formation Day",315,315
Kattaleru Check Dam,Khammam,Dam/Barrage,2025,July,Monsoon,Bonalu,284,284
Kattaleru Check Dam,Khammam,Dam/Barrage,2025,August,Monsoon,"Krishna Ashtami, Vinayaka Chavithi, Independence Day",285,285
Kattaleru Check Dam,Khammam,Dam/Barrage,2025,September,Monsoon,Bathukamma (Engili Pula to Saddula),287,287
Kattaleru Check Dam,Khammam,Dam/Barrage,2025,October,Post-Monsoon,"Vijaya Dasami/Dussehra, Diwali/Deepavali",465,465
Kattaleru Check Dam,Khammam,Dam/Barrage,2025,November,Post-Monsoon,No Major Festival / Public Holiday,440,440
Kattaleru Check Dam,Khammam,Dam/Barrage,2025,December,Winter,Christmas,528,528
Kaulas Fort,Kamareddy,Fort,2024,January,Winter,"Bhogi, Sankranti/Pongal, New Year's Day, Republic Day",8232,8232
Kaulas Fort,Kamareddy,Fort,2024,February,Winter,No Major Festival / Public Holiday,6034,6034
Kaulas Fort,Kamareddy,Fort,2024,March,Summer,"Maha Shivaratri, Holi",4843,4843
Kaulas Fort,Kamareddy,Fort,2024,April,Summer,"Ugadi, Sri Rama Navami, Eid-ul-Fitr, Ambedkar Jayanti",4699,4699
Kaulas Fort,Kamareddy,Fort,2024,May,Summer,May Day,5682,5682
Kaulas Fort,Kamareddy,Fort,2024,June,Monsoon,"Bakrid/Eid-ul-Adha, Telangana Formation Day",3923,3923
Kaulas Fort,Kamareddy,Fort,2024,July,Monsoon,Bonalu,3928,3928
Kaulas Fort,Kamareddy,Fort,2024,August,Monsoon,"Raksha Bandhan, Krishna Janmashtami, Independence Day",3934,3934
Kaulas Fort,Kamareddy,Fort,2024,September,Monsoon,"Ganesh Chaturthi, Engili Pula Bathukamma (start)",3666,3666
Kaulas Fort,Kamareddy,Fort,2024,October,Post-Monsoon,"Bathukamma (Saddula Bathukamma), Dussehra/Vijayadashami",8234,8234
Kaulas Fort,Kamareddy,Fort,2024,November,Post-Monsoon,Diwali/Deepavali,5592,5592
Kaulas Fort,Kamareddy,Fort,2024,December,Winter,Christmas,8425,8425
Kaulas Fort,Kamareddy,Fort,2025,January,Winter,"Bhogi, Sankranti/Pongal, New Year's Day, Republic Day",8418,8418
Kaulas Fort,Kamareddy,Fort,2025,February,Winter,Maha Shivaratri,6131,6131
Kaulas Fort,Kamareddy,Fort,2025,March,Summer,"Holi, Ugadi, Eid-ul-Fitr",4710,4710
Kaulas Fort,Kamareddy,Fort,2025,April,Summer,"Sri Rama Navami, Ambedkar Jayanti",4938,4938
Kaulas Fort,Kamareddy,Fort,2025,May,Summer,May Day,5487,5487
Kaulas Fort,Kamareddy,Fort,2025,June,Monsoon,"Bakrid/Eid-ul-Adha, Telangana Formation Day",3855,3855
Kaulas Fort,Kamareddy,Fort,2025,July,Monsoon,Bonalu,3764,3764
Kaulas Fort,Kamareddy,Fort,2025,August,Monsoon,"Krishna Ashtami, Vinayaka Chavithi, Independence Day",3654,3654
Kaulas Fort,Kamareddy,Fort,2025,September,Monsoon,Bathukamma (Engili Pula to Saddula),3746,3746
Kaulas Fort,Kamareddy,Fort,2025,October,Post-Monsoon,"Vijaya Dasami/Dussehra, Diwali/Deepavali",7856,7856
Kaulas Fort,Kamareddy,Fort,2025,November,Post-Monsoon,No Major Festival / Public Holiday,5816,5816
Kaulas Fort,Kamareddy,Fort,2025,December,Winter,Christmas,8680,8680
Kawal Tiger Reserve,Mancherial,Wildlife/National Park,2024,January,Winter,"Bhogi, Sankranti/Pongal, New Year's Day, Republic Day",6915,6915
Kawal Tiger Reserve,Mancherial,Wildlife/National Park,2024,February,Winter,No Major Festival / Public Holiday,4896,4896
Kawal Tiger Reserve,Mancherial,Wildlife/National Park,2024,March,Summer,"Maha Shivaratri, Holi",3576,3576
Kawal Tiger Reserve,Mancherial,Wildlife/National Park,2024,April,Summer,"Ugadi, Sri Rama Navami, Eid-ul-Fitr, Ambedkar Jayanti",3948,3948
Kawal Tiger Reserve,Mancherial,Wildlife/National Park,2024,May,Summer,May Day,6672,6672
Kawal Tiger Reserve,Mancherial,Wildlife/National Park,2024,June,Monsoon,"Bakrid/Eid-ul-Adha, Telangana Formation Day",2857,2857
Kawal Tiger Reserve,Mancherial,Wildlife/National Park,2024,July,Monsoon,Bonalu,3027,3027
Kawal Tiger Reserve,Mancherial,Wildlife/National Park,2024,August,Monsoon,"Raksha Bandhan, Krishna Janmashtami, Independence Day",2987,2987
Kawal Tiger Reserve,Mancherial,Wildlife/National Park,2024,September,Monsoon,"Ganesh Chaturthi, Engili Pula Bathukamma (start)",2862,2862
Kawal Tiger Reserve,Mancherial,Wildlife/National Park,2024,October,Post-Monsoon,"Bathukamma (Saddula Bathukamma), Dussehra/Vijayadashami",4865,4865
Kawal Tiger Reserve,Mancherial,Wildlife/National Park,2024,November,Post-Monsoon,Diwali/Deepavali,4442,4442
Kawal Tiger Reserve,Mancherial,Wildlife/National Park,2024,December,Winter,Christmas,6636,6636
Kawal Tiger Reserve,Mancherial,Wildlife/National Park,2025,January,Winter,"Bhogi, Sankranti/Pongal, New Year's Day, Republic Day",7079,7079
Kawal Tiger Reserve,Mancherial,Wildlife/National Park,2025,February,Winter,Maha Shivaratri,5143,5143
Kawal Tiger Reserve,Mancherial,Wildlife/National Park,2025,March,Summer,"Holi, Ugadi, Eid-ul-Fitr",3586,3586
Kawal Tiger Reserve,Mancherial,Wildlife/National Park,2025,April,Summer,"Sri Rama Navami, Ambedkar Jayanti",3872,3872
Kawal Tiger Reserve,Mancherial,Wildlife/National Park,2025,May,Summer,May Day,6464,6464
Kawal Tiger Reserve,Mancherial,Wildlife/National Park,2025,June,Monsoon,"Bakrid/Eid-ul-Adha, Telangana Formation Day",2857,2857
Kawal Tiger Reserve,Mancherial,Wildlife/National Park,2025,July,Monsoon,Bonalu,2882,2882
Kawal Tiger Reserve,Mancherial,Wildlife/National Park,2025,August,Monsoon,"Krishna Ashtami, Vinayaka Chavithi, Independence Day",3024,3024
Kawal Tiger Reserve,Mancherial,Wildlife/National Park,2025,September,Monsoon,Bathukamma (Engili Pula to Saddula),2926,2926
Kawal Tiger Reserve,Mancherial,Wildlife/National Park,2025,October,Post-Monsoon,"Vijaya Dasami/Dussehra, Diwali/Deepavali",4841,4841
Kawal Tiger Reserve,Mancherial,Wildlife/National Park,2025,November,Post-Monsoon,No Major Festival / Public Holiday,4775,4775
Kawal Tiger Reserve,Mancherial,Wildlife/National Park,2025,December,Winter,Christmas,7406,7406
Kawal WLS/Tiger Reserve,Nirmal,Wildlife/National Park,2024,January,Winter,"Bhogi, Sankranti/Pongal, New Year's Day, Republic Day",6021,6021
Kawal WLS/Tiger Reserve,Nirmal,Wildlife/National Park,2024,February,Winter,No Major Festival / Public Holiday,4544,4544
Kawal WLS/Tiger Reserve,Nirmal,Wildlife/National Park,2024,March,Summer,"Maha Shivaratri, Holi",3452,3452
Kawal WLS/Tiger Reserve,Nirmal,Wildlife/National Park,2024,April,Summer,"Ugadi, Sri Rama Navami, Eid-ul-Fitr, Ambedkar Jayanti",3315,3315
Kawal WLS/Tiger Reserve,Nirmal,Wildlife/National Park,2024,May,Summer,May Day,5534,5534
Kawal WLS/Tiger Reserve,Nirmal,Wildlife/National Park,2024,June,Monsoon,"Bakrid/Eid-ul-Adha, Telangana Formation Day",2581,2581
Kawal WLS/Tiger Reserve,Nirmal,Wildlife/National Park,2024,July,Monsoon,Bonalu,2721,2721
Kawal WLS/Tiger Reserve,Nirmal,Wildlife/National Park,2024,August,Monsoon,"Raksha Bandhan, Krishna Janmashtami, Independence Day",2570,2570
Kawal WLS/Tiger Reserve,Nirmal,Wildlife/National Park,2024,September,Monsoon,"Ganesh Chaturthi, Engili Pula Bathukamma (start)",2533,2533
Kawal WLS/Tiger Reserve,Nirmal,Wildlife/National Park,2024,October,Post-Monsoon,"Bathukamma (Saddula Bathukamma), Dussehra/Vijayadashami",3824,3824
Kawal WLS/Tiger Reserve,Nirmal,Wildlife/National Park,2024,November,Post-Monsoon,Diwali/Deepavali,4008,4008
Kawal WLS/Tiger Reserve,Nirmal,Wildlife/National Park,2024,December,Winter,Christmas,6111,6111
Kawal WLS/Tiger Reserve,Nirmal,Wildlife/National Park,2025,January,Winter,"Bhogi, Sankranti/Pongal, New Year's Day, Republic Day",6375,6375
Kawal WLS/Tiger Reserve,Nirmal,Wildlife/National Park,2025,February,Winter,Maha Shivaratri,4228,4228
Kawal WLS/Tiger Reserve,Nirmal,Wildlife/National Park,2025,March,Summer,"Holi, Ugadi, Eid-ul-Fitr",3277,3277
Kawal WLS/Tiger Reserve,Nirmal,Wildlife/National Park,2025,April,Summer,"Sri Rama Navami, Ambedkar Jayanti",3448,3448
Kawal WLS/Tiger Reserve,Nirmal,Wildlife/National Park,2025,May,Summer,May Day,5853,5853
Kawal WLS/Tiger Reserve,Nirmal,Wildlife/National Park,2025,June,Monsoon,"Bakrid/Eid-ul-Adha, Telangana Formation Day",2588,2588
Kawal WLS/Tiger Reserve,Nirmal,Wildlife/National Park,2025,July,Monsoon,Bonalu,2612,2612
Kawal WLS/Tiger Reserve,Nirmal,Wildlife/National Park,2025,August,Monsoon,"Krishna Ashtami, Vinayaka Chavithi, Independence Day",2563,2563
Kawal WLS/Tiger Reserve,Nirmal,Wildlife/National Park,2025,September,Monsoon,Bathukamma (Engili Pula to Saddula),2761,2761
Kawal WLS/Tiger Reserve,Nirmal,Wildlife/National Park,2025,October,Post-Monsoon,"Vijaya Dasami/Dussehra, Diwali/Deepavali",3840,3840
Kawal WLS/Tiger Reserve,Nirmal,Wildlife/National Park,2025,November,Post-Monsoon,No Major Festival / Public Holiday,4234,4234
Kawal WLS/Tiger Reserve,Nirmal,Wildlife/National Park,2025,December,Winter,Christmas,6260,6260
Keesara Gutta,Medchal-Malkajgiri,Cave/Hill/Viewpoint,2024,January,Winter,"Bhogi, Sankranti/Pongal, New Year's Day, Republic Day",1013,1013
Keesara Gutta,Medchal-Malkajgiri,Cave/Hill/Viewpoint,2024,February,Winter,No Major Festival / Public Holiday,1052,1052
Keesara Gutta,Medchal-Malkajgiri,Cave/Hill/Viewpoint,2024,March,Summer,"Maha Shivaratri, Holi",774,774
Keesara Gutta,Medchal-Malkajgiri,Cave/Hill/Viewpoint,2024,April,Summer,"Ugadi, Sri Rama Navami, Eid-ul-Fitr, Ambedkar Jayanti",721,721
Keesara Gutta,Medchal-Malkajgiri,Cave/Hill/Viewpoint,2024,May,Summer,May Day,903,903
Keesara Gutta,Medchal-Malkajgiri,Cave/Hill/Viewpoint,2024,June,Monsoon,"Bakrid/Eid-ul-Adha, Telangana Formation Day",603,603
Keesara Gutta,Medchal-Malkajgiri,Cave/Hill/Viewpoint,2024,July,Monsoon,Bonalu,593,593
Keesara Gutta,Medchal-Malkajgiri,Cave/Hill/Viewpoint,2024,August,Monsoon,"Raksha Bandhan, Krishna Janmashtami, Independence Day",624,624
Keesara Gutta,Medchal-Malkajgiri,Cave/Hill/Viewpoint,2024,September,Monsoon,"Ganesh Chaturthi, Engili Pula Bathukamma (start)",622,622
Keesara Gutta,Medchal-Malkajgiri,Cave/Hill/Viewpoint,2024,October,Post-Monsoon,"Bathukamma (Saddula Bathukamma), Dussehra/Vijayadashami",932,932
Keesara Gutta,Medchal-Malkajgiri,Cave/Hill/Viewpoint,2024,November,Post-Monsoon,Diwali/Deepavali,906,906
Keesara Gutta,Medchal-Malkajgiri,Cave/Hill/Viewpoint,2024,December,Winter,Christmas,970,970
Keesara Gutta,Medchal-Malkajgiri,Cave/Hill/Viewpoint,2025,January,Winter,"Bhogi, Sankranti/Pongal, New Year's Day, Republic Day",952,952
Keesara Gutta,Medchal-Malkajgiri,Cave/Hill/Viewpoint,2025,February,Winter,Maha Shivaratri,982,982
Keesara Gutta,Medchal-Malkajgiri,Cave/Hill/Viewpoint,2025,March,Summer,"Holi, Ugadi, Eid-ul-Fitr",752,752
Keesara Gutta,Medchal-Malkajgiri,Cave/Hill/Viewpoint,2025,April,Summer,"Sri Rama Navami, Ambedkar Jayanti",776,776
Keesara Gutta,Medchal-Malkajgiri,Cave/Hill/Viewpoint,2025,May,Summer,May Day,937,937
Keesara Gutta,Medchal-Malkajgiri,Cave/Hill/Viewpoint,2025,June,Monsoon,"Bakrid/Eid-ul-Adha, Telangana Formation Day",569,569
Keesara Gutta,Medchal-Malkajgiri,Cave/Hill/Viewpoint,2025,July,Monsoon,Bonalu,592,592
Keesara Gutta,Medchal-Malkajgiri,Cave/Hill/Viewpoint,2025,August,Monsoon,"Krishna Ashtami, Vinayaka Chavithi, Independence Day",577,577
Keesara Gutta,Medchal-Malkajgiri,Cave/Hill/Viewpoint,2025,September,Monsoon,Bathukamma (Engili Pula to Saddula),575,575
Keesara Gutta,Medchal-Malkajgiri,Cave/Hill/Viewpoint,2025,October,Post-Monsoon,"Vijaya Dasami/Dussehra, Diwali/Deepavali",956,956
Keesara Gutta,Medchal-Malkajgiri,Cave/Hill/Viewpoint,2025,November,Post-Monsoon,No Major Festival / Public Holiday,869,869
Keesara Gutta,Medchal-Malkajgiri,Cave/Hill/Viewpoint,2025,December,Winter,Christmas,990,990
Kerameri Ghats,Komaram Bheem Asifabad,Other/Cultural Site,2024,January,Winter,"Bhogi, Sankranti/Pongal, New Year's Day, Republic Day",444,444
Kerameri Ghats,Komaram Bheem Asifabad,Other/Cultural Site,2024,February,Winter,No Major Festival / Public Holiday,432,432
Kerameri Ghats,Komaram Bheem Asifabad,Other/Cultural Site,2024,March,Summer,"Maha Shivaratri, Holi",342,342
Kerameri Ghats,Komaram Bheem Asifabad,Other/Cultural Site,2024,April,Summer,"Ugadi, Sri Rama Navami, Eid-ul-Fitr, Ambedkar Jayanti",333,333
Kerameri Ghats,Komaram Bheem Asifabad,Other/Cultural Site,2024,May,Summer,May Day,411,411
Kerameri Ghats,Komaram Bheem Asifabad,Other/Cultural Site,2024,June,Monsoon,"Bakrid/Eid-ul-Adha, Telangana Formation Day",260,260
Kerameri Ghats,Komaram Bheem Asifabad,Other/Cultural Site,2024,July,Monsoon,Bonalu,269,269
Kerameri Ghats,Komaram Bheem Asifabad,Other/Cultural Site,2024,August,Monsoon,"Raksha Bandhan, Krishna Janmashtami, Independence Day",272,272
Kerameri Ghats,Komaram Bheem Asifabad,Other/Cultural Site,2024,September,Monsoon,"Ganesh Chaturthi, Engili Pula Bathukamma (start)",251,251
Kerameri Ghats,Komaram Bheem Asifabad,Other/Cultural Site,2024,October,Post-Monsoon,"Bathukamma (Saddula Bathukamma), Dussehra/Vijayadashami",418,418
Kerameri Ghats,Komaram Bheem Asifabad,Other/Cultural Site,2024,November,Post-Monsoon,Diwali/Deepavali,404,404
Kerameri Ghats,Komaram Bheem Asifabad,Other/Cultural Site,2024,December,Winter,Christmas,455,455
Kerameri Ghats,Komaram Bheem Asifabad,Other/Cultural Site,2025,January,Winter,"Bhogi, Sankranti/Pongal, New Year's Day, Republic Day",433,433
Kerameri Ghats,Komaram Bheem Asifabad,Other/Cultural Site,2025,February,Winter,Maha Shivaratri,431,431
Kerameri Ghats,Komaram Bheem Asifabad,Other/Cultural Site,2025,March,Summer,"Holi, Ugadi, Eid-ul-Fitr",349,349
Kerameri Ghats,Komaram Bheem Asifabad,Other/Cultural Site,2025,April,Summer,"Sri Rama Navami, Ambedkar Jayanti",322,322
Kerameri Ghats,Komaram Bheem Asifabad,Other/Cultural Site,2025,May,Summer,May Day,419,419
Kerameri Ghats,Komaram Bheem Asifabad,Other/Cultural Site,2025,June,Monsoon,"Bakrid/Eid-ul-Adha, Telangana Formation Day",261,261
Kerameri Ghats,Komaram Bheem Asifabad,Other/Cultural Site,2025,July,Monsoon,Bonalu,262,262
Kerameri Ghats,Komaram Bheem Asifabad,Other/Cultural Site,2025,August,Monsoon,"Krishna Ashtami, Vinayaka Chavithi, Independence Day",256,256
Kerameri Ghats,Komaram Bheem Asifabad,Other/Cultural Site,2025,September,Monsoon,Bathukamma (Engili Pula to Saddula),264,264
Kerameri Ghats,Komaram Bheem Asifabad,Other/Cultural Site,2025,October,Post-Monsoon,"Vijaya Dasami/Dussehra, Diwali/Deepavali",394,394
Kerameri Ghats,Komaram Bheem Asifabad,Other/Cultural Site,2025,November,Post-Monsoon,No Major Festival / Public Holiday,380,380
Kerameri Ghats,Komaram Bheem Asifabad,Other/Cultural Site,2025,December,Winter,Christmas,425,425
Khairunnisa Tomb,Hyderabad,Monument/Tomb,2024,January,Winter,"Bhogi, Sankranti/Pongal, New Year's Day, Republic Day",370,370
Khairunnisa Tomb,Hyderabad,Monument/Tomb,2024,February,Winter,No Major Festival / Public Holiday,235,235
Khairunnisa Tomb,Hyderabad,Monument/Tomb,2024,March,Summer,"Maha Shivaratri, Holi",192,192
Khairunnisa Tomb,Hyderabad,Monument/Tomb,2024,April,Summer,"Ugadi, Sri Rama Navami, Eid-ul-Fitr, Ambedkar Jayanti",193,193
Khairunnisa Tomb,Hyderabad,Monument/Tomb,2024,May,Summer,May Day,235,235
Khairunnisa Tomb,Hyderabad,Monument/Tomb,2024,June,Monsoon,"Bakrid/Eid-ul-Adha, Telangana Formation Day",143,143
Khairunnisa Tomb,Hyderabad,Monument/Tomb,2024,July,Monsoon,Bonalu,157,157
Khairunnisa Tomb,Hyderabad,Monument/Tomb,2024,August,Monsoon,"Raksha Bandhan, Krishna Janmashtami, Independence Day",144,144
Khairunnisa Tomb,Hyderabad,Monument/Tomb,2024,September,Monsoon,"Ganesh Chaturthi, Engili Pula Bathukamma (start)",152,152
Khairunnisa Tomb,Hyderabad,Monument/Tomb,2024,October,Post-Monsoon,"Bathukamma (Saddula Bathukamma), Dussehra/Vijayadashami",311,311
Khairunnisa Tomb,Hyderabad,Monument/Tomb,2024,November,Post-Monsoon,Diwali/Deepavali,224,224
Khairunnisa Tomb,Hyderabad,Monument/Tomb,2024,December,Winter,Christmas,351,351
Khairunnisa Tomb,Hyderabad,Monument/Tomb,2025,January,Winter,"Bhogi, Sankranti/Pongal, New Year's Day, Republic Day",346,346
Khairunnisa Tomb,Hyderabad,Monument/Tomb,2025,February,Winter,Maha Shivaratri,239,239
Khairunnisa Tomb,Hyderabad,Monument/Tomb,2025,March,Summer,"Holi, Ugadi, Eid-ul-Fitr",182,182
Khairunnisa Tomb,Hyderabad,Monument/Tomb,2025,April,Summer,"Sri Rama Navami, Ambedkar Jayanti",188,188
Khairunnisa Tomb,Hyderabad,Monument/Tomb,2025,May,Summer,May Day,237,237
Khairunnisa Tomb,Hyderabad,Monument/Tomb,2025,June,Monsoon,"Bakrid/Eid-ul-Adha, Telangana Formation Day",157,157
Khairunnisa Tomb,Hyderabad,Monument/Tomb,2025,July,Monsoon,Bonalu,142,142
Khairunnisa Tomb,Hyderabad,Monument/Tomb,2025,August,Monsoon,"Krishna Ashtami, Vinayaka Chavithi, Independence Day",148,148
Khairunnisa Tomb,Hyderabad,Monument/Tomb,2025,September,Monsoon,Bathukamma (Engili Pula to Saddula),142,142
Khairunnisa Tomb,Hyderabad,Monument/Tomb,2025,October,Post-Monsoon,"Vijaya Dasami/Dussehra, Diwali/Deepavali",303,303
Khairunnisa Tomb,Hyderabad,Monument/Tomb,2025,November,Post-Monsoon,No Major Festival / Public Holiday,234,234
Khairunnisa Tomb,Hyderabad,Monument/Tomb,2025,December,Winter,Christmas,354,354
Khajaguda Lake,Hyderabad,Lake/Reservoir,2024,January,Winter,"Bhogi, Sankranti/Pongal, New Year's Day, Republic Day",756,756
Khajaguda Lake,Hyderabad,Lake/Reservoir,2024,February,Winter,No Major Festival / Public Holiday,740,740
Khajaguda Lake,Hyderabad,Lake/Reservoir,2024,March,Summer,"Maha Shivaratri, Holi",537,537
Khajaguda Lake,Hyderabad,Lake/Reservoir,2024,April,Summer,"Ugadi, Sri Rama Navami, Eid-ul-Fitr, Ambedkar Jayanti",575,575
Khajaguda Lake,Hyderabad,Lake/Reservoir,2024,May,Summer,May Day,649,649
Khajaguda Lake,Hyderabad,Lake/Reservoir,2024,June,Monsoon,"Bakrid/Eid-ul-Adha, Telangana Formation Day",465,465
Khajaguda Lake,Hyderabad,Lake/Reservoir,2024,July,Monsoon,Bonalu,439,439
Khajaguda Lake,Hyderabad,Lake/Reservoir,2024,August,Monsoon,"Raksha Bandhan, Krishna Janmashtami, Independence Day",425,425
Khajaguda Lake,Hyderabad,Lake/Reservoir,2024,September,Monsoon,"Ganesh Chaturthi, Engili Pula Bathukamma (start)",454,454
Khajaguda Lake,Hyderabad,Lake/Reservoir,2024,October,Post-Monsoon,"Bathukamma (Saddula Bathukamma), Dussehra/Vijayadashami",681,681
Khajaguda Lake,Hyderabad,Lake/Reservoir,2024,November,Post-Monsoon,Diwali/Deepavali,729,729
Khajaguda Lake,Hyderabad,Lake/Reservoir,2024,December,Winter,Christmas,753,753
Khajaguda Lake,Hyderabad,Lake/Reservoir,2025,January,Winter,"Bhogi, Sankranti/Pongal, New Year's Day, Republic Day",729,729
Khajaguda Lake,Hyderabad,Lake/Reservoir,2025,February,Winter,Maha Shivaratri,768,768
Khajaguda Lake,Hyderabad,Lake/Reservoir,2025,March,Summer,"Holi, Ugadi, Eid-ul-Fitr",554,554
Khajaguda Lake,Hyderabad,Lake/Reservoir,2025,April,Summer,"Sri Rama Navami, Ambedkar Jayanti",597,597
Khajaguda Lake,Hyderabad,Lake/Reservoir,2025,May,Summer,May Day,679,679
Khajaguda Lake,Hyderabad,Lake/Reservoir,2025,June,Monsoon,"Bakrid/Eid-ul-Adha, Telangana Formation Day",452,452
Khajaguda Lake,Hyderabad,Lake/Reservoir,2025,July,Monsoon,Bonalu,425,425
Khajaguda Lake,Hyderabad,Lake/Reservoir,2025,August,Monsoon,"Krishna Ashtami, Vinayaka Chavithi, Independence Day",446,446
Khajaguda Lake,Hyderabad,Lake/Reservoir,2025,September,Monsoon,Bathukamma (Engili Pula to Saddula),467,467
Khajaguda Lake,Hyderabad,Lake/Reservoir,2025,October,Post-Monsoon,"Vijaya Dasami/Dussehra, Diwali/Deepavali",715,715
Khajaguda Lake,Hyderabad,Lake/Reservoir,2025,November,Post-Monsoon,No Major Festival / Public Holiday,667,667
Khajaguda Lake,Hyderabad,Lake/Reservoir,2025,December,Winter,Christmas,725,725
Khammam Fort,Khammam,Fort,2024,January,Winter,"Bhogi, Sankranti/Pongal, New Year's Day, Republic Day",8576,8576
Khammam Fort,Khammam,Fort,2024,February,Winter,No Major Festival / Public Holiday,6170,6170
Khammam Fort,Khammam,Fort,2024,March,Summer,"Maha Shivaratri, Holi",4767,4767
Khammam Fort,Khammam,Fort,2024,April,Summer,"Ugadi, Sri Rama Navami, Eid-ul-Fitr, Ambedkar Jayanti",4556,4556
Khammam Fort,Khammam,Fort,2024,May,Summer,May Day,5799,5799
Khammam Fort,Khammam,Fort,2024,June,Monsoon,"Bakrid/Eid-ul-Adha, Telangana Formation Day",3887,3887
Khammam Fort,Khammam,Fort,2024,July,Monsoon,Bonalu,3867,3867
Khammam Fort,Khammam,Fort,2024,August,Monsoon,"Raksha Bandhan, Krishna Janmashtami, Independence Day",3594,3594
Khammam Fort,Khammam,Fort,2024,September,Monsoon,"Ganesh Chaturthi, Engili Pula Bathukamma (start)",3592,3592
Khammam Fort,Khammam,Fort,2024,October,Post-Monsoon,"Bathukamma (Saddula Bathukamma), Dussehra/Vijayadashami",7826,7826
Khammam Fort,Khammam,Fort,2024,November,Post-Monsoon,Diwali/Deepavali,5654,5654
Khammam Fort,Khammam,Fort,2024,December,Winter,Christmas,8653,8653
Khammam Fort,Khammam,Fort,2025,January,Winter,"Bhogi, Sankranti/Pongal, New Year's Day, Republic Day",8938,8938
Khammam Fort,Khammam,Fort,2025,February,Winter,Maha Shivaratri,5917,5917
Khammam Fort,Khammam,Fort,2025,March,Summer,"Holi, Ugadi, Eid-ul-Fitr",4484,4484
Khammam Fort,Khammam,Fort,2025,April,Summer,"Sri Rama Navami, Ambedkar Jayanti",4688,4688
Khammam Fort,Khammam,Fort,2025,May,Summer,May Day,5886,5886
Khammam Fort,Khammam,Fort,2025,June,Monsoon,"Bakrid/Eid-ul-Adha, Telangana Formation Day",3612,3612
Khammam Fort,Khammam,Fort,2025,July,Monsoon,Bonalu,3813,3813
Khammam Fort,Khammam,Fort,2025,August,Monsoon,"Krishna Ashtami, Vinayaka Chavithi, Independence Day",3641,3641
Khammam Fort,Khammam,Fort,2025,September,Monsoon,Bathukamma (Engili Pula to Saddula),3923,3923
Khammam Fort,Khammam,Fort,2025,October,Post-Monsoon,"Vijaya Dasami/Dussehra, Diwali/Deepavali",8432,8432
Khammam Fort,Khammam,Fort,2025,November,Post-Monsoon,No Major Festival / Public Holiday,5610,5610
Khammam Fort,Khammam,Fort,2025,December,Winter,Christmas,8466,8466
Khilla Ghanpur,Jangaon,Cave/Hill/Viewpoint,2024,January,Winter,"Bhogi, Sankranti/Pongal, New Year's Day, Republic Day",949,949
Khilla Ghanpur,Jangaon,Cave/Hill/Viewpoint,2024,February,Winter,No Major Festival / Public Holiday,1059,1059
Khilla Ghanpur,Jangaon,Cave/Hill/Viewpoint,2024,March,Summer,"Maha Shivaratri, Holi",728,728
Khilla Ghanpur,Jangaon,Cave/Hill/Viewpoint,2024,April,Summer,"Ugadi, Sri Rama Navami, Eid-ul-Fitr, Ambedkar Jayanti",804,804
Khilla Ghanpur,Jangaon,Cave/Hill/Viewpoint,2024,May,Summer,May Day,972,972
Khilla Ghanpur,Jangaon,Cave/Hill/Viewpoint,2024,June,Monsoon,"Bakrid/Eid-ul-Adha, Telangana Formation Day",621,621
Khilla Ghanpur,Jangaon,Cave/Hill/Viewpoint,2024,July,Monsoon,Bonalu,611,611
Khilla Ghanpur,Jangaon,Cave/Hill/Viewpoint,2024,August,Monsoon,"Raksha Bandhan, Krishna Janmashtami, Independence Day",605,605
Khilla Ghanpur,Jangaon,Cave/Hill/Viewpoint,2024,September,Monsoon,"Ganesh Chaturthi, Engili Pula Bathukamma (start)",626,626
Khilla Ghanpur,Jangaon,Cave/Hill/Viewpoint,2024,October,Post-Monsoon,"Bathukamma (Saddula Bathukamma), Dussehra/Vijayadashami",896,896
Khilla Ghanpur,Jangaon,Cave/Hill/Viewpoint,2024,November,Post-Monsoon,Diwali/Deepavali,916,916
Khilla Ghanpur,Jangaon,Cave/Hill/Viewpoint,2024,December,Winter,Christmas,1014,1014
Khilla Ghanpur,Jangaon,Cave/Hill/Viewpoint,2025,January,Winter,"Bhogi, Sankranti/Pongal, New Year's Day, Republic Day",989,989
Khilla Ghanpur,Jangaon,Cave/Hill/Viewpoint,2025,February,Winter,Maha Shivaratri,991,991
Khilla Ghanpur,Jangaon,Cave/Hill/Viewpoint,2025,March,Summer,"Holi, Ugadi, Eid-ul-Fitr",744,744
Khilla Ghanpur,Jangaon,Cave/Hill/Viewpoint,2025,April,Summer,"Sri Rama Navami, Ambedkar Jayanti",765,765
Khilla Ghanpur,Jangaon,Cave/Hill/Viewpoint,2025,May,Summer,May Day,958,958
Khilla Ghanpur,Jangaon,Cave/Hill/Viewpoint,2025,June,Monsoon,"Bakrid/Eid-ul-Adha, Telangana Formation Day",578,578
Khilla Ghanpur,Jangaon,Cave/Hill/Viewpoint,2025,July,Monsoon,Bonalu,631,631
Khilla Ghanpur,Jangaon,Cave/Hill/Viewpoint,2025,August,Monsoon,"Krishna Ashtami, Vinayaka Chavithi, Independence Day",613,613
Khilla Ghanpur,Jangaon,Cave/Hill/Viewpoint,2025,September,Monsoon,Bathukamma (Engili Pula to Saddula),623,623
Khilla Ghanpur,Jangaon,Cave/Hill/Viewpoint,2025,October,Post-Monsoon,"Vijaya Dasami/Dussehra, Diwali/Deepavali",926,926
Khilla Ghanpur,Jangaon,Cave/Hill/Viewpoint,2025,November,Post-Monsoon,No Major Festival / Public Holiday,950,950
Khilla Ghanpur,Jangaon,Cave/Hill/Viewpoint,2025,December,Winter,Christmas,941,941
Kinnerasani Dam,Bhadradri Kothagudem,Dam/Barrage,2024,January,Winter,"Bhogi, Sankranti/Pongal, New Year's Day, Republic Day",510,510
Kinnerasani Dam,Bhadradri Kothagudem,Dam/Barrage,2024,February,Winter,No Major Festival / Public Holiday,520,520
Kinnerasani Dam,Bhadradri Kothagudem,Dam/Barrage,2024,March,Summer,"Maha Shivaratri, Holi",371,371
Kinnerasani Dam,Bhadradri Kothagudem,Dam/Barrage,2024,April,Summer,"Ugadi, Sri Rama Navami, Eid-ul-Fitr, Ambedkar Jayanti",388,388
Kinnerasani Dam,Bhadradri Kothagudem,Dam/Barrage,2024,May,Summer,May Day,465,465
Kinnerasani Dam,Bhadradri Kothagudem,Dam/Barrage,2024,June,Monsoon,"Bakrid/Eid-ul-Adha, Telangana Formation Day",303,303
Kinnerasani Dam,Bhadradri Kothagudem,Dam/Barrage,2024,July,Monsoon,Bonalu,306,306
Kinnerasani Dam,Bhadradri Kothagudem,Dam/Barrage,2024,August,Monsoon,"Raksha Bandhan, Krishna Janmashtami, Independence Day",302,302
Kinnerasani Dam,Bhadradri Kothagudem,Dam/Barrage,2024,September,Monsoon,"Ganesh Chaturthi, Engili Pula Bathukamma (start)",297,297
Kinnerasani Dam,Bhadradri Kothagudem,Dam/Barrage,2024,October,Post-Monsoon,"Bathukamma (Saddula Bathukamma), Dussehra/Vijayadashami",447,447
Kinnerasani Dam,Bhadradri Kothagudem,Dam/Barrage,2024,November,Post-Monsoon,Diwali/Deepavali,474,474
Kinnerasani Dam,Bhadradri Kothagudem,Dam/Barrage,2024,December,Winter,Christmas,483,483
Kinnerasani Dam,Bhadradri Kothagudem,Dam/Barrage,2025,January,Winter,"Bhogi, Sankranti/Pongal, New Year's Day, Republic Day",511,511
Kinnerasani Dam,Bhadradri Kothagudem,Dam/Barrage,2025,February,Winter,Maha Shivaratri,483,483
Kinnerasani Dam,Bhadradri Kothagudem,Dam/Barrage,2025,March,Summer,"Holi, Ugadi, Eid-ul-Fitr",385,385
Kinnerasani Dam,Bhadradri Kothagudem,Dam/Barrage,2025,April,Summer,"Sri Rama Navami, Ambedkar Jayanti",391,391
Kinnerasani Dam,Bhadradri Kothagudem,Dam/Barrage,2025,May,Summer,May Day,444,444
Kinnerasani Dam,Bhadradri Kothagudem,Dam/Barrage,2025,June,Monsoon,"Bakrid/Eid-ul-Adha, Telangana Formation Day",284,284
Kinnerasani Dam,Bhadradri Kothagudem,Dam/Barrage,2025,July,Monsoon,Bonalu,286,286
Kinnerasani Dam,Bhadradri Kothagudem,Dam/Barrage,2025,August,Monsoon,"Krishna Ashtami, Vinayaka Chavithi, Independence Day",303,303
Kinnerasani Dam,Bhadradri Kothagudem,Dam/Barrage,2025,September,Monsoon,Bathukamma (Engili Pula to Saddula),312,312
Kinnerasani Dam,Bhadradri Kothagudem,Dam/Barrage,2025,October,Post-Monsoon,"Vijaya Dasami/Dussehra, Diwali/Deepavali",434,434
Kinnerasani Dam,Bhadradri Kothagudem,Dam/Barrage,2025,November,Post-Monsoon,No Major Festival / Public Holiday,472,472
Kinnerasani Dam,Bhadradri Kothagudem,Dam/Barrage,2025,December,Winter,Christmas,490,490
Kinnerasani Wildlife Sanctuary,Bhadradri Kothagudem,Wildlife/National Park,2024,January,Winter,"Bhogi, Sankranti/Pongal, New Year's Day, Republic Day",5975,5975
Kinnerasani Wildlife Sanctuary,Bhadradri Kothagudem,Wildlife/National Park,2024,February,Winter,No Major Festival / Public Holiday,4461,4461
Kinnerasani Wildlife Sanctuary,Bhadradri Kothagudem,Wildlife/National Park,2024,March,Summer,"Maha Shivaratri, Holi",3510,3510
Kinnerasani Wildlife Sanctuary,Bhadradri Kothagudem,Wildlife/National Park,2024,April,Summer,"Ugadi, Sri Rama Navami, Eid-ul-Fitr, Ambedkar Jayanti",3145,3145
Kinnerasani Wildlife Sanctuary,Bhadradri Kothagudem,Wildlife/National Park,2024,May,Summer,May Day,5898,5898
Kinnerasani Wildlife Sanctuary,Bhadradri Kothagudem,Wildlife/National Park,2024,June,Monsoon,"Bakrid/Eid-ul-Adha, Telangana Formation Day",2649,2649
Kinnerasani Wildlife Sanctuary,Bhadradri Kothagudem,Wildlife/National Park,2024,July,Monsoon,Bonalu,2645,2645
Kinnerasani Wildlife Sanctuary,Bhadradri Kothagudem,Wildlife/National Park,2024,August,Monsoon,"Raksha Bandhan, Krishna Janmashtami, Independence Day",2625,2625
Kinnerasani Wildlife Sanctuary,Bhadradri Kothagudem,Wildlife/National Park,2024,September,Monsoon,"Ganesh Chaturthi, Engili Pula Bathukamma (start)",2489,2489
Kinnerasani Wildlife Sanctuary,Bhadradri Kothagudem,Wildlife/National Park,2024,October,Post-Monsoon,"Bathukamma (Saddula Bathukamma), Dussehra/Vijayadashami",3826,3826
Kinnerasani Wildlife Sanctuary,Bhadradri Kothagudem,Wildlife/National Park,2024,November,Post-Monsoon,Diwali/Deepavali,4073,4073
Kinnerasani Wildlife Sanctuary,Bhadradri Kothagudem,Wildlife/National Park,2024,December,Winter,Christmas,6008,6008
Kinnerasani Wildlife Sanctuary,Bhadradri Kothagudem,Wildlife/National Park,2025,January,Winter,"Bhogi, Sankranti/Pongal, New Year's Day, Republic Day",6431,6431
Kinnerasani Wildlife Sanctuary,Bhadradri Kothagudem,Wildlife/National Park,2025,February,Winter,Maha Shivaratri,4325,4325
Kinnerasani Wildlife Sanctuary,Bhadradri Kothagudem,Wildlife/National Park,2025,March,Summer,"Holi, Ugadi, Eid-ul-Fitr",3182,3182
Kinnerasani Wildlife Sanctuary,Bhadradri Kothagudem,Wildlife/National Park,2025,April,Summer,"Sri Rama Navami, Ambedkar Jayanti",3410,3410
Kinnerasani Wildlife Sanctuary,Bhadradri Kothagudem,Wildlife/National Park,2025,May,Summer,May Day,5495,5495
Kinnerasani Wildlife Sanctuary,Bhadradri Kothagudem,Wildlife/National Park,2025,June,Monsoon,"Bakrid/Eid-ul-Adha, Telangana Formation Day",2633,2633
Kinnerasani Wildlife Sanctuary,Bhadradri Kothagudem,Wildlife/National Park,2025,July,Monsoon,Bonalu,2687,2687
Kinnerasani Wildlife Sanctuary,Bhadradri Kothagudem,Wildlife/National Park,2025,August,Monsoon,"Krishna Ashtami, Vinayaka Chavithi, Independence Day",2751,2751
Kinnerasani Wildlife Sanctuary,Bhadradri Kothagudem,Wildlife/National Park,2025,September,Monsoon,Bathukamma (Engili Pula to Saddula),2717,2717
Kinnerasani Wildlife Sanctuary,Bhadradri Kothagudem,Wildlife/National Park,2025,October,Post-Monsoon,"Vijaya Dasami/Dussehra, Diwali/Deepavali",4110,4110
Kinnerasani Wildlife Sanctuary,Bhadradri Kothagudem,Wildlife/National Park,2025,November,Post-Monsoon,No Major Festival / Public Holiday,4111,4111
Kinnerasani Wildlife Sanctuary,Bhadradri Kothagudem,Wildlife/National Park,2025,December,Winter,Christmas,6452,6452
Koilkonda Fort,Mahabubnagar,Fort,2024,January,Winter,"Bhogi, Sankranti/Pongal, New Year's Day, Republic Day",8584,8584
Koilkonda Fort,Mahabubnagar,Fort,2024,February,Winter,No Major Festival / Public Holiday,5975,5975
Koilkonda Fort,Mahabubnagar,Fort,2024,March,Summer,"Maha Shivaratri, Holi",4518,4518
Koilkonda Fort,Mahabubnagar,Fort,2024,April,Summer,"Ugadi, Sri Rama Navami, Eid-ul-Fitr, Ambedkar Jayanti",4938,4938
Koilkonda Fort,Mahabubnagar,Fort,2024,May,Summer,May Day,6038,6038
Koilkonda Fort,Mahabubnagar,Fort,2024,June,Monsoon,"Bakrid/Eid-ul-Adha, Telangana Formation Day",3817,3817
Koilkonda Fort,Mahabubnagar,Fort,2024,July,Monsoon,Bonalu,3571,3571
Koilkonda Fort,Mahabubnagar,Fort,2024,August,Monsoon,"Raksha Bandhan, Krishna Janmashtami, Independence Day",3705,3705
Koilkonda Fort,Mahabubnagar,Fort,2024,September,Monsoon,"Ganesh Chaturthi, Engili Pula Bathukamma (start)",3853,3853
Koilkonda Fort,Mahabubnagar,Fort,2024,October,Post-Monsoon,"Bathukamma (Saddula Bathukamma), Dussehra/Vijayadashami",8320,8320
Koilkonda Fort,Mahabubnagar,Fort,2024,November,Post-Monsoon,Diwali/Deepavali,5486,5486
Koilkonda Fort,Mahabubnagar,Fort,2024,December,Winter,Christmas,8225,8225
Koilkonda Fort,Mahabubnagar,Fort,2025,January,Winter,"Bhogi, Sankranti/Pongal, New Year's Day, Republic Day",8972,8972
Koilkonda Fort,Mahabubnagar,Fort,2025,February,Winter,Maha Shivaratri,6142,6142
Koilkonda Fort,Mahabubnagar,Fort,2025,March,Summer,"Holi, Ugadi, Eid-ul-Fitr",4610,4610
Koilkonda Fort,Mahabubnagar,Fort,2025,April,Summer,"Sri Rama Navami, Ambedkar Jayanti",4472,4472
Koilkonda Fort,Mahabubnagar,Fort,2025,May,Summer,May Day,5777,5777
Koilkonda Fort,Mahabubnagar,Fort,2025,June,Monsoon,"Bakrid/Eid-ul-Adha, Telangana Formation Day",3908,3908
Koilkonda Fort,Mahabubnagar,Fort,2025,July,Monsoon,Bonalu,3955,3955
Koilkonda Fort,Mahabubnagar,Fort,2025,August,Monsoon,"Krishna Ashtami, Vinayaka Chavithi, Independence Day",3779,3779
Koilkonda Fort,Mahabubnagar,Fort,2025,September,Monsoon,Bathukamma (Engili Pula to Saddula),3756,3756
Koilkonda Fort,Mahabubnagar,Fort,2025,October,Post-Monsoon,"Vijaya Dasami/Dussehra, Diwali/Deepavali",7649,7649
Koilkonda Fort,Mahabubnagar,Fort,2025,November,Post-Monsoon,No Major Festival / Public Holiday,5783,5783
Koilkonda Fort,Mahabubnagar,Fort,2025,December,Winter,Christmas,8623,8623
Koilsagar Dam,Mahabubnagar,Lake/Reservoir,2024,January,Winter,"Bhogi, Sankranti/Pongal, New Year's Day, Republic Day",757,757
Koilsagar Dam,Mahabubnagar,Lake/Reservoir,2024,February,Winter,No Major Festival / Public Holiday,778,778
Koilsagar Dam,Mahabubnagar,Lake/Reservoir,2024,March,Summer,"Maha Shivaratri, Holi",558,558
Koilsagar Dam,Mahabubnagar,Lake/Reservoir,2024,April,Summer,"Ugadi, Sri Rama Navami, Eid-ul-Fitr, Ambedkar Jayanti",556,556
Koilsagar Dam,Mahabubnagar,Lake/Reservoir,2024,May,Summer,May Day,681,681
Koilsagar Dam,Mahabubnagar,Lake/Reservoir,2024,June,Monsoon,"Bakrid/Eid-ul-Adha, Telangana Formation Day",459,459
Koilsagar Dam,Mahabubnagar,Lake/Reservoir,2024,July,Monsoon,Bonalu,459,459
Koilsagar Dam,Mahabubnagar,Lake/Reservoir,2024,August,Monsoon,"Raksha Bandhan, Krishna Janmashtami, Independence Day",440,440
Koilsagar Dam,Mahabubnagar,Lake/Reservoir,2024,September,Monsoon,"Ganesh Chaturthi, Engili Pula Bathukamma (start)",430,430
Koilsagar Dam,Mahabubnagar,Lake/Reservoir,2024,October,Post-Monsoon,"Bathukamma (Saddula Bathukamma), Dussehra/Vijayadashami",700,700
Koilsagar Dam,Mahabubnagar,Lake/Reservoir,2024,November,Post-Monsoon,Diwali/Deepavali,659,659
Koilsagar Dam,Mahabubnagar,Lake/Reservoir,2024,December,Winter,Christmas,757,757
Koilsagar Dam,Mahabubnagar,Lake/Reservoir,2025,January,Winter,"Bhogi, Sankranti/Pongal, New Year's Day, Republic Day",767,767
Koilsagar Dam,Mahabubnagar,Lake/Reservoir,2025,February,Winter,Maha Shivaratri,768,768
Koilsagar Dam,Mahabubnagar,Lake/Reservoir,2025,March,Summer,"Holi, Ugadi, Eid-ul-Fitr",587,587
Koilsagar Dam,Mahabubnagar,Lake/Reservoir,2025,April,Summer,"Sri Rama Navami, Ambedkar Jayanti",595,595
Koilsagar Dam,Mahabubnagar,Lake/Reservoir,2025,May,Summer,May Day,689,689
Koilsagar Dam,Mahabubnagar,Lake/Reservoir,2025,June,Monsoon,"Bakrid/Eid-ul-Adha, Telangana Formation Day",462,462
Koilsagar Dam,Mahabubnagar,Lake/Reservoir,2025,July,Monsoon,Bonalu,456,456
Koilsagar Dam,Mahabubnagar,Lake/Reservoir,2025,August,Monsoon,"Krishna Ashtami, Vinayaka Chavithi, Independence Day",433,433
Koilsagar Dam,Mahabubnagar,Lake/Reservoir,2025,September,Monsoon,Bathukamma (Engili Pula to Saddula),424,424
Koilsagar Dam,Mahabubnagar,Lake/Reservoir,2025,October,Post-Monsoon,"Vijaya Dasami/Dussehra, Diwali/Deepavali",672,672
Koilsagar Dam,Mahabubnagar,Lake/Reservoir,2025,November,Post-Monsoon,No Major Festival / Public Holiday,685,685
Koilsagar Dam,Mahabubnagar,Lake/Reservoir,2025,December,Winter,Christmas,760,760
Komuravelli Mallikarjuna Swamy Temple,Siddipet,Temple,2024,January,Winter,"Bhogi, Sankranti/Pongal, New Year's Day, Republic Day",276463,276463
Komuravelli Mallikarjuna Swamy Temple,Siddipet,Temple,2024,February,Winter,No Major Festival / Public Holiday,157307,157307
Komuravelli Mallikarjuna Swamy Temple,Siddipet,Temple,2024,March,Summer,"Maha Shivaratri, Holi",386282,386282
Komuravelli Mallikarjuna Swamy Temple,Siddipet,Temple,2024,April,Summer,"Ugadi, Sri Rama Navami, Eid-ul-Fitr, Ambedkar Jayanti",128243,128243
Komuravelli Mallikarjuna Swamy Temple,Siddipet,Temple,2024,May,Summer,May Day,108673,108673
Komuravelli Mallikarjuna Swamy Temple,Siddipet,Temple,2024,June,Monsoon,"Bakrid/Eid-ul-Adha, Telangana Formation Day",74983,74983
Komuravelli Mallikarjuna Swamy Temple,Siddipet,Temple,2024,July,Monsoon,Bonalu,76703,76703
Komuravelli Mallikarjuna Swamy Temple,Siddipet,Temple,2024,August,Monsoon,"Raksha Bandhan, Krishna Janmashtami, Independence Day",72770,72770
Komuravelli Mallikarjuna Swamy Temple,Siddipet,Temple,2024,September,Monsoon,"Ganesh Chaturthi, Engili Pula Bathukamma (start)",73269,73269
Komuravelli Mallikarjuna Swamy Temple,Siddipet,Temple,2024,October,Post-Monsoon,"Bathukamma (Saddula Bathukamma), Dussehra/Vijayadashami",291420,291420
Komuravelli Mallikarjuna Swamy Temple,Siddipet,Temple,2024,November,Post-Monsoon,Diwali/Deepavali,120491,120491
Komuravelli Mallikarjuna Swamy Temple,Siddipet,Temple,2024,December,Winter,Christmas,129648,129648
Komuravelli Mallikarjuna Swamy Temple,Siddipet,Temple,2025,January,Winter,"Bhogi, Sankranti/Pongal, New Year's Day, Republic Day",277743,277743
Komuravelli Mallikarjuna Swamy Temple,Siddipet,Temple,2025,February,Winter,Maha Shivaratri,513813,513813
Komuravelli Mallikarjuna Swamy Temple,Siddipet,Temple,2025,March,Summer,"Holi, Ugadi, Eid-ul-Fitr",121496,121496
Komuravelli Mallikarjuna Swamy Temple,Siddipet,Temple,2025,April,Summer,"Sri Rama Navami, Ambedkar Jayanti",96607,96607
Komuravelli Mallikarjuna Swamy Temple,Siddipet,Temple,2025,May,Summer,May Day,114533,114533
Komuravelli Mallikarjuna Swamy Temple,Siddipet,Temple,2025,June,Monsoon,"Bakrid/Eid-ul-Adha, Telangana Formation Day",72209,72209
Komuravelli Mallikarjuna Swamy Temple,Siddipet,Temple,2025,July,Monsoon,Bonalu,76815,76815
Komuravelli Mallikarjuna Swamy Temple,Siddipet,Temple,2025,August,Monsoon,"Krishna Ashtami, Vinayaka Chavithi, Independence Day",75508,75508
Komuravelli Mallikarjuna Swamy Temple,Siddipet,Temple,2025,September,Monsoon,Bathukamma (Engili Pula to Saddula),73727,73727
Komuravelli Mallikarjuna Swamy Temple,Siddipet,Temple,2025,October,Post-Monsoon,"Vijaya Dasami/Dussehra, Diwali/Deepavali",301691,301691
Komuravelli Mallikarjuna Swamy Temple,Siddipet,Temple,2025,November,Post-Monsoon,No Major Festival / Public Holiday,140905,140905
Komuravelli Mallikarjuna Swamy Temple,Siddipet,Temple,2025,December,Winter,Christmas,122236,122236
Konda Pochamma Sagar Reservoir,Siddipet,Lake/Reservoir,2024,January,Winter,"Bhogi, Sankranti/Pongal, New Year's Day, Republic Day",757,757
Konda Pochamma Sagar Reservoir,Siddipet,Lake/Reservoir,2024,February,Winter,No Major Festival / Public Holiday,792,792
Konda Pochamma Sagar Reservoir,Siddipet,Lake/Reservoir,2024,March,Summer,"Maha Shivaratri, Holi",561,561
Konda Pochamma Sagar Reservoir,Siddipet,Lake/Reservoir,2024,April,Summer,"Ugadi, Sri Rama Navami, Eid-ul-Fitr, Ambedkar Jayanti",540,540
Konda Pochamma Sagar Reservoir,Siddipet,Lake/Reservoir,2024,May,Summer,May Day,676,676
Konda Pochamma Sagar Reservoir,Siddipet,Lake/Reservoir,2024,June,Monsoon,"Bakrid/Eid-ul-Adha, Telangana Formation Day",450,450
Konda Pochamma Sagar Reservoir,Siddipet,Lake/Reservoir,2024,July,Monsoon,Bonalu,431,431
Konda Pochamma Sagar Reservoir,Siddipet,Lake/Reservoir,2024,August,Monsoon,"Raksha Bandhan, Krishna Janmashtami, Independence Day",458,458
Konda Pochamma Sagar Reservoir,Siddipet,Lake/Reservoir,2024,September,Monsoon,"Ganesh Chaturthi, Engili Pula Bathukamma (start)",476,476
Konda Pochamma Sagar Reservoir,Siddipet,Lake/Reservoir,2024,October,Post-Monsoon,"Bathukamma (Saddula Bathukamma), Dussehra/Vijayadashami",686,686
Konda Pochamma Sagar Reservoir,Siddipet,Lake/Reservoir,2024,November,Post-Monsoon,Diwali/Deepavali,677,677
Konda Pochamma Sagar Reservoir,Siddipet,Lake/Reservoir,2024,December,Winter,Christmas,741,741
Konda Pochamma Sagar Reservoir,Siddipet,Lake/Reservoir,2025,January,Winter,"Bhogi, Sankranti/Pongal, New Year's Day, Republic Day",715,715
Konda Pochamma Sagar Reservoir,Siddipet,Lake/Reservoir,2025,February,Winter,Maha Shivaratri,784,784
Konda Pochamma Sagar Reservoir,Siddipet,Lake/Reservoir,2025,March,Summer,"Holi, Ugadi, Eid-ul-Fitr",564,564
Konda Pochamma Sagar Reservoir,Siddipet,Lake/Reservoir,2025,April,Summer,"Sri Rama Navami, Ambedkar Jayanti",562,562
Konda Pochamma Sagar Reservoir,Siddipet,Lake/Reservoir,2025,May,Summer,May Day,703,703
Konda Pochamma Sagar Reservoir,Siddipet,Lake/Reservoir,2025,June,Monsoon,"Bakrid/Eid-ul-Adha, Telangana Formation Day",446,446
Konda Pochamma Sagar Reservoir,Siddipet,Lake/Reservoir,2025,July,Monsoon,Bonalu,458,458
Konda Pochamma Sagar Reservoir,Siddipet,Lake/Reservoir,2025,August,Monsoon,"Krishna Ashtami, Vinayaka Chavithi, Independence Day",426,426
Konda Pochamma Sagar Reservoir,Siddipet,Lake/Reservoir,2025,September,Monsoon,Bathukamma (Engili Pula to Saddula),466,466
Konda Pochamma Sagar Reservoir,Siddipet,Lake/Reservoir,2025,October,Post-Monsoon,"Vijaya Dasami/Dussehra, Diwali/Deepavali",726,726
Konda Pochamma Sagar Reservoir,Siddipet,Lake/Reservoir,2025,November,Post-Monsoon,No Major Festival / Public Holiday,702,702
Konda Pochamma Sagar Reservoir,Siddipet,Lake/Reservoir,2025,December,Winter,Christmas,790,790
Kondagattu Anjaneya Swamy Temple,Jagtial,Temple,2024,January,Winter,"Bhogi, Sankranti/Pongal, New Year's Day, Republic Day",332073,332073
Kondagattu Anjaneya Swamy Temple,Jagtial,Temple,2024,February,Winter,No Major Festival / Public Holiday,197228,197228
Kondagattu Anjaneya Swamy Temple,Jagtial,Temple,2024,March,Summer,"Maha Shivaratri, Holi",476351,476351
Kondagattu Anjaneya Swamy Temple,Jagtial,Temple,2024,April,Summer,"Ugadi, Sri Rama Navami, Eid-ul-Fitr, Ambedkar Jayanti",149569,149569
Kondagattu Anjaneya Swamy Temple,Jagtial,Temple,2024,May,Summer,May Day,135441,135441
Kondagattu Anjaneya Swamy Temple,Jagtial,Temple,2024,June,Monsoon,"Bakrid/Eid-ul-Adha, Telangana Formation Day",93272,93272
Kondagattu Anjaneya Swamy Temple,Jagtial,Temple,2024,July,Monsoon,Bonalu,90435,90435
Kondagattu Anjaneya Swamy Temple,Jagtial,Temple,2024,August,Monsoon,"Raksha Bandhan, Krishna Janmashtami, Independence Day",85456,85456
Kondagattu Anjaneya Swamy Temple,Jagtial,Temple,2024,September,Monsoon,"Ganesh Chaturthi, Engili Pula Bathukamma (start)",90711,90711
Kondagattu Anjaneya Swamy Temple,Jagtial,Temple,2024,October,Post-Monsoon,"Bathukamma (Saddula Bathukamma), Dussehra/Vijayadashami",361891,361891
Kondagattu Anjaneya Swamy Temple,Jagtial,Temple,2024,November,Post-Monsoon,Diwali/Deepavali,136282,136282
Kondagattu Anjaneya Swamy Temple,Jagtial,Temple,2024,December,Winter,Christmas,146333,146333
Kondagattu Anjaneya Swamy Temple,Jagtial,Temple,2025,January,Winter,"Bhogi, Sankranti/Pongal, New Year's Day, Republic Day",315881,315881
Kondagattu Anjaneya Swamy Temple,Jagtial,Temple,2025,February,Winter,Maha Shivaratri,574904,574904
Kondagattu Anjaneya Swamy Temple,Jagtial,Temple,2025,March,Summer,"Holi, Ugadi, Eid-ul-Fitr",147004,147004
Kondagattu Anjaneya Swamy Temple,Jagtial,Temple,2025,April,Summer,"Sri Rama Navami, Ambedkar Jayanti",115308,115308
Kondagattu Anjaneya Swamy Temple,Jagtial,Temple,2025,May,Summer,May Day,131054,131054
Kondagattu Anjaneya Swamy Temple,Jagtial,Temple,2025,June,Monsoon,"Bakrid/Eid-ul-Adha, Telangana Formation Day",94747,94747
Kondagattu Anjaneya Swamy Temple,Jagtial,Temple,2025,July,Monsoon,Bonalu,92755,92755
Kondagattu Anjaneya Swamy Temple,Jagtial,Temple,2025,August,Monsoon,"Krishna Ashtami, Vinayaka Chavithi, Independence Day",90935,90935
Kondagattu Anjaneya Swamy Temple,Jagtial,Temple,2025,September,Monsoon,Bathukamma (Engili Pula to Saddula),93547,93547
Kondagattu Anjaneya Swamy Temple,Jagtial,Temple,2025,October,Post-Monsoon,"Vijaya Dasami/Dussehra, Diwali/Deepavali",327619,327619
Kondagattu Anjaneya Swamy Temple,Jagtial,Temple,2025,November,Post-Monsoon,No Major Festival / Public Holiday,178901,178901
Kondagattu Anjaneya Swamy Temple,Jagtial,Temple,2025,December,Winter,Christmas,152341,152341
Kondakodima Hill,Khammam,Cave/Hill/Viewpoint,2024,January,Winter,"Bhogi, Sankranti/Pongal, New Year's Day, Republic Day",1009,1009
Kondakodima Hill,Khammam,Cave/Hill/Viewpoint,2024,February,Winter,No Major Festival / Public Holiday,1052,1052
Kondakodima Hill,Khammam,Cave/Hill/Viewpoint,2024,March,Summer,"Maha Shivaratri, Holi",775,775
Kondakodima Hill,Khammam,Cave/Hill/Viewpoint,2024,April,Summer,"Ugadi, Sri Rama Navami, Eid-ul-Fitr, Ambedkar Jayanti",758,758
Kondakodima Hill,Khammam,Cave/Hill/Viewpoint,2024,May,Summer,May Day,954,954
Kondakodima Hill,Khammam,Cave/Hill/Viewpoint,2024,June,Monsoon,"Bakrid/Eid-ul-Adha, Telangana Formation Day",632,632
Kondakodima Hill,Khammam,Cave/Hill/Viewpoint,2024,July,Monsoon,Bonalu,565,565
Kondakodima Hill,Khammam,Cave/Hill/Viewpoint,2024,August,Monsoon,"Raksha Bandhan, Krishna Janmashtami, Independence Day",634,634
Kondakodima Hill,Khammam,Cave/Hill/Viewpoint,2024,September,Monsoon,"Ganesh Chaturthi, Engili Pula Bathukamma (start)",570,570
Kondakodima Hill,Khammam,Cave/Hill/Viewpoint,2024,October,Post-Monsoon,"Bathukamma (Saddula Bathukamma), Dussehra/Vijayadashami",954,954
Kondakodima Hill,Khammam,Cave/Hill/Viewpoint,2024,November,Post-Monsoon,Diwali/Deepavali,895,895
Kondakodima Hill,Khammam,Cave/Hill/Viewpoint,2024,December,Winter,Christmas,955,955
Kondakodima Hill,Khammam,Cave/Hill/Viewpoint,2025,January,Winter,"Bhogi, Sankranti/Pongal, New Year's Day, Republic Day",992,992
Kondakodima Hill,Khammam,Cave/Hill/Viewpoint,2025,February,Winter,Maha Shivaratri,1017,1017
Kondakodima Hill,Khammam,Cave/Hill/Viewpoint,2025,March,Summer,"Holi, Ugadi, Eid-ul-Fitr",749,749
Kondakodima Hill,Khammam,Cave/Hill/Viewpoint,2025,April,Summer,"Sri Rama Navami, Ambedkar Jayanti",719,719
Kondakodima Hill,Khammam,Cave/Hill/Viewpoint,2025,May,Summer,May Day,930,930
Kondakodima Hill,Khammam,Cave/Hill/Viewpoint,2025,June,Monsoon,"Bakrid/Eid-ul-Adha, Telangana Formation Day",628,628
Kondakodima Hill,Khammam,Cave/Hill/Viewpoint,2025,July,Monsoon,Bonalu,591,591
Kondakodima Hill,Khammam,Cave/Hill/Viewpoint,2025,August,Monsoon,"Krishna Ashtami, Vinayaka Chavithi, Independence Day",579,579
Kondakodima Hill,Khammam,Cave/Hill/Viewpoint,2025,September,Monsoon,Bathukamma (Engili Pula to Saddula),595,595
Kondakodima Hill,Khammam,Cave/Hill/Viewpoint,2025,October,Post-Monsoon,"Vijaya Dasami/Dussehra, Diwali/Deepavali",870,870
Kondakodima Hill,Khammam,Cave/Hill/Viewpoint,2025,November,Post-Monsoon,No Major Festival / Public Holiday,955,955
Kondakodima Hill,Khammam,Cave/Hill/Viewpoint,2025,December,Winter,Christmas,1039,1039
Kotepally Reservoir,Vikarabad,Lake/Reservoir,2024,January,Winter,"Bhogi, Sankranti/Pongal, New Year's Day, Republic Day",724,724
Kotepally Reservoir,Vikarabad,Lake/Reservoir,2024,February,Winter,No Major Festival / Public Holiday,761,761
Kotepally Reservoir,Vikarabad,Lake/Reservoir,2024,March,Summer,"Maha Shivaratri, Holi",574,574
Kotepally Reservoir,Vikarabad,Lake/Reservoir,2024,April,Summer,"Ugadi, Sri Rama Navami, Eid-ul-Fitr, Ambedkar Jayanti",548,548
Kotepally Reservoir,Vikarabad,Lake/Reservoir,2024,May,Summer,May Day,653,653
Kotepally Reservoir,Vikarabad,Lake/Reservoir,2024,June,Monsoon,"Bakrid/Eid-ul-Adha, Telangana Formation Day",455,455
Kotepally Reservoir,Vikarabad,Lake/Reservoir,2024,July,Monsoon,Bonalu,464,464
Kotepally Reservoir,Vikarabad,Lake/Reservoir,2024,August,Monsoon,"Raksha Bandhan, Krishna Janmashtami, Independence Day",451,451
Kotepally Reservoir,Vikarabad,Lake/Reservoir,2024,September,Monsoon,"Ganesh Chaturthi, Engili Pula Bathukamma (start)",435,435
Kotepally Reservoir,Vikarabad,Lake/Reservoir,2024,October,Post-Monsoon,"Bathukamma (Saddula Bathukamma), Dussehra/Vijayadashami",703,703
Kotepally Reservoir,Vikarabad,Lake/Reservoir,2024,November,Post-Monsoon,Diwali/Deepavali,655,655
Kotepally Reservoir,Vikarabad,Lake/Reservoir,2024,December,Winter,Christmas,744,744
Kotepally Reservoir,Vikarabad,Lake/Reservoir,2025,January,Winter,"Bhogi, Sankranti/Pongal, New Year's Day, Republic Day",719,719
Kotepally Reservoir,Vikarabad,Lake/Reservoir,2025,February,Winter,Maha Shivaratri,721,721
Kotepally Reservoir,Vikarabad,Lake/Reservoir,2025,March,Summer,"Holi, Ugadi, Eid-ul-Fitr",549,549
Kotepally Reservoir,Vikarabad,Lake/Reservoir,2025,April,Summer,"Sri Rama Navami, Ambedkar Jayanti",562,562
Kotepally Reservoir,Vikarabad,Lake/Reservoir,2025,May,Summer,May Day,652,652
Kotepally Reservoir,Vikarabad,Lake/Reservoir,2025,June,Monsoon,"Bakrid/Eid-ul-Adha, Telangana Formation Day",444,444
Kotepally Reservoir,Vikarabad,Lake/Reservoir,2025,July,Monsoon,Bonalu,450,450
Kotepally Reservoir,Vikarabad,Lake/Reservoir,2025,August,Monsoon,"Krishna Ashtami, Vinayaka Chavithi, Independence Day",449,449
Kotepally Reservoir,Vikarabad,Lake/Reservoir,2025,September,Monsoon,Bathukamma (Engili Pula to Saddula),443,443
Kotepally Reservoir,Vikarabad,Lake/Reservoir,2025,October,Post-Monsoon,"Vijaya Dasami/Dussehra, Diwali/Deepavali",718,718
Kotepally Reservoir,Vikarabad,Lake/Reservoir,2025,November,Post-Monsoon,No Major Festival / Public Holiday,660,660
Kotepally Reservoir,Vikarabad,Lake/Reservoir,2025,December,Winter,Christmas,750,750
Kothakonda Peak,Hanumakonda,Cave/Hill/Viewpoint,2024,January,Winter,"Bhogi, Sankranti/Pongal, New Year's Day, Republic Day",1017,1017
Kothakonda Peak,Hanumakonda,Cave/Hill/Viewpoint,2024,February,Winter,No Major Festival / Public Holiday,945,945
Kothakonda Peak,Hanumakonda,Cave/Hill/Viewpoint,2024,March,Summer,"Maha Shivaratri, Holi",800,800
Kothakonda Peak,Hanumakonda,Cave/Hill/Viewpoint,2024,April,Summer,"Ugadi, Sri Rama Navami, Eid-ul-Fitr, Ambedkar Jayanti",791,791
Kothakonda Peak,Hanumakonda,Cave/Hill/Viewpoint,2024,May,Summer,May Day,897,897
Kothakonda Peak,Hanumakonda,Cave/Hill/Viewpoint,2024,June,Monsoon,"Bakrid/Eid-ul-Adha, Telangana Formation Day",569,569
Kothakonda Peak,Hanumakonda,Cave/Hill/Viewpoint,2024,July,Monsoon,Bonalu,576,576
Kothakonda Peak,Hanumakonda,Cave/Hill/Viewpoint,2024,August,Monsoon,"Raksha Bandhan, Krishna Janmashtami, Independence Day",573,573
Kothakonda Peak,Hanumakonda,Cave/Hill/Viewpoint,2024,September,Monsoon,"Ganesh Chaturthi, Engili Pula Bathukamma (start)",572,572
Kothakonda Peak,Hanumakonda,Cave/Hill/Viewpoint,2024,October,Post-Monsoon,"Bathukamma (Saddula Bathukamma), Dussehra/Vijayadashami",922,922
Kothakonda Peak,Hanumakonda,Cave/Hill/Viewpoint,2024,November,Post-Monsoon,Diwali/Deepavali,891,891
Kothakonda Peak,Hanumakonda,Cave/Hill/Viewpoint,2024,December,Winter,Christmas,982,982
Kothakonda Peak,Hanumakonda,Cave/Hill/Viewpoint,2025,January,Winter,"Bhogi, Sankranti/Pongal, New Year's Day, Republic Day",1058,1058
Kothakonda Peak,Hanumakonda,Cave/Hill/Viewpoint,2025,February,Winter,Maha Shivaratri,1022,1022
Kothakonda Peak,Hanumakonda,Cave/Hill/Viewpoint,2025,March,Summer,"Holi, Ugadi, Eid-ul-Fitr",800,800
Kothakonda Peak,Hanumakonda,Cave/Hill/Viewpoint,2025,April,Summer,"Sri Rama Navami, Ambedkar Jayanti",727,727
Kothakonda Peak,Hanumakonda,Cave/Hill/Viewpoint,2025,May,Summer,May Day,906,906
Kothakonda Peak,Hanumakonda,Cave/Hill/Viewpoint,2025,June,Monsoon,"Bakrid/Eid-ul-Adha, Telangana Formation Day",603,603
Kothakonda Peak,Hanumakonda,Cave/Hill/Viewpoint,2025,July,Monsoon,Bonalu,569,569
Kothakonda Peak,Hanumakonda,Cave/Hill/Viewpoint,2025,August,Monsoon,"Krishna Ashtami, Vinayaka Chavithi, Independence Day",564,564
Kothakonda Peak,Hanumakonda,Cave/Hill/Viewpoint,2025,September,Monsoon,Bathukamma (Engili Pula to Saddula),612,612
Kothakonda Peak,Hanumakonda,Cave/Hill/Viewpoint,2025,October,Post-Monsoon,"Vijaya Dasami/Dussehra, Diwali/Deepavali",935,935
Kothakonda Peak,Hanumakonda,Cave/Hill/Viewpoint,2025,November,Post-Monsoon,No Major Festival / Public Holiday,910,910
Kothakonda Peak,Hanumakonda,Cave/Hill/Viewpoint,2025,December,Winter,Christmas,998,998
Kotilingala,Jagtial,Other/Cultural Site,2024,January,Winter,"Bhogi, Sankranti/Pongal, New Year's Day, Republic Day",420,420
Kotilingala,Jagtial,Other/Cultural Site,2024,February,Winter,No Major Festival / Public Holiday,453,453
Kotilingala,Jagtial,Other/Cultural Site,2024,March,Summer,"Maha Shivaratri, Holi",339,339
Kotilingala,Jagtial,Other/Cultural Site,2024,April,Summer,"Ugadi, Sri Rama Navami, Eid-ul-Fitr, Ambedkar Jayanti",334,334
Kotilingala,Jagtial,Other/Cultural Site,2024,May,Summer,May Day,401,401
Kotilingala,Jagtial,Other/Cultural Site,2024,June,Monsoon,"Bakrid/Eid-ul-Adha, Telangana Formation Day",275,275
Kotilingala,Jagtial,Other/Cultural Site,2024,July,Monsoon,Bonalu,249,249
Kotilingala,Jagtial,Other/Cultural Site,2024,August,Monsoon,"Raksha Bandhan, Krishna Janmashtami, Independence Day",255,255
Kotilingala,Jagtial,Other/Cultural Site,2024,September,Monsoon,"Ganesh Chaturthi, Engili Pula Bathukamma (start)",257,257
Kotilingala,Jagtial,Other/Cultural Site,2024,October,Post-Monsoon,"Bathukamma (Saddula Bathukamma), Dussehra/Vijayadashami",416,416
Kotilingala,Jagtial,Other/Cultural Site,2024,November,Post-Monsoon,Diwali/Deepavali,426,426
Kotilingala,Jagtial,Other/Cultural Site,2024,December,Winter,Christmas,423,423
Kotilingala,Jagtial,Other/Cultural Site,2025,January,Winter,"Bhogi, Sankranti/Pongal, New Year's Day, Republic Day",457,457
Kotilingala,Jagtial,Other/Cultural Site,2025,February,Winter,Maha Shivaratri,454,454
Kotilingala,Jagtial,Other/Cultural Site,2025,March,Summer,"Holi, Ugadi, Eid-ul-Fitr",321,321
Kotilingala,Jagtial,Other/Cultural Site,2025,April,Summer,"Sri Rama Navami, Ambedkar Jayanti",328,328
Kotilingala,Jagtial,Other/Cultural Site,2025,May,Summer,May Day,398,398
Kotilingala,Jagtial,Other/Cultural Site,2025,June,Monsoon,"Bakrid/Eid-ul-Adha, Telangana Formation Day",277,277
Kotilingala,Jagtial,Other/Cultural Site,2025,July,Monsoon,Bonalu,252,252
Kotilingala,Jagtial,Other/Cultural Site,2025,August,Monsoon,"Krishna Ashtami, Vinayaka Chavithi, Independence Day",271,271
Kotilingala,Jagtial,Other/Cultural Site,2025,September,Monsoon,Bathukamma (Engili Pula to Saddula),257,257
Kotilingala,Jagtial,Other/Cultural Site,2025,October,Post-Monsoon,"Vijaya Dasami/Dussehra, Diwali/Deepavali",413,413
Kotilingala,Jagtial,Other/Cultural Site,2025,November,Post-Monsoon,No Major Festival / Public Holiday,398,398
Kotilingala,Jagtial,Other/Cultural Site,2025,December,Winter,Christmas,441,441
Kripalu Cave,Ranga Reddy,Cave/Hill/Viewpoint,2024,January,Winter,"Bhogi, Sankranti/Pongal, New Year's Day, Republic Day",1021,1021
Kripalu Cave,Ranga Reddy,Cave/Hill/Viewpoint,2024,February,Winter,No Major Festival / Public Holiday,987,987
Kripalu Cave,Ranga Reddy,Cave/Hill/Viewpoint,2024,March,Summer,"Maha Shivaratri, Holi",726,726
Kripalu Cave,Ranga Reddy,Cave/Hill/Viewpoint,2024,April,Summer,"Ugadi, Sri Rama Navami, Eid-ul-Fitr, Ambedkar Jayanti",728,728
Kripalu Cave,Ranga Reddy,Cave/Hill/Viewpoint,2024,May,Summer,May Day,969,969
Kripalu Cave,Ranga Reddy,Cave/Hill/Viewpoint,2024,June,Monsoon,"Bakrid/Eid-ul-Adha, Telangana Formation Day",627,627
Kripalu Cave,Ranga Reddy,Cave/Hill/Viewpoint,2024,July,Monsoon,Bonalu,629,629
Kripalu Cave,Ranga Reddy,Cave/Hill/Viewpoint,2024,August,Monsoon,"Raksha Bandhan, Krishna Janmashtami, Independence Day",635,635
Kripalu Cave,Ranga Reddy,Cave/Hill/Viewpoint,2024,September,Monsoon,"Ganesh Chaturthi, Engili Pula Bathukamma (start)",578,578
Kripalu Cave,Ranga Reddy,Cave/Hill/Viewpoint,2024,October,Post-Monsoon,"Bathukamma (Saddula Bathukamma), Dussehra/Vijayadashami",904,904
Kripalu Cave,Ranga Reddy,Cave/Hill/Viewpoint,2024,November,Post-Monsoon,Diwali/Deepavali,938,938
Kripalu Cave,Ranga Reddy,Cave/Hill/Viewpoint,2024,December,Winter,Christmas,998,998
Kripalu Cave,Ranga Reddy,Cave/Hill/Viewpoint,2025,January,Winter,"Bhogi, Sankranti/Pongal, New Year's Day, Republic Day",990,990
Kripalu Cave,Ranga Reddy,Cave/Hill/Viewpoint,2025,February,Winter,Maha Shivaratri,982,982
Kripalu Cave,Ranga Reddy,Cave/Hill/Viewpoint,2025,March,Summer,"Holi, Ugadi, Eid-ul-Fitr",768,768
Kripalu Cave,Ranga Reddy,Cave/Hill/Viewpoint,2025,April,Summer,"Sri Rama Navami, Ambedkar Jayanti",766,766
Kripalu Cave,Ranga Reddy,Cave/Hill/Viewpoint,2025,May,Summer,May Day,882,882
Kripalu Cave,Ranga Reddy,Cave/Hill/Viewpoint,2025,June,Monsoon,"Bakrid/Eid-ul-Adha, Telangana Formation Day",597,597
Kripalu Cave,Ranga Reddy,Cave/Hill/Viewpoint,2025,July,Monsoon,Bonalu,603,603
Kripalu Cave,Ranga Reddy,Cave/Hill/Viewpoint,2025,August,Monsoon,"Krishna Ashtami, Vinayaka Chavithi, Independence Day",605,605
Kripalu Cave,Ranga Reddy,Cave/Hill/Viewpoint,2025,September,Monsoon,Bathukamma (Engili Pula to Saddula),579,579
Kripalu Cave,Ranga Reddy,Cave/Hill/Viewpoint,2025,October,Post-Monsoon,"Vijaya Dasami/Dussehra, Diwali/Deepavali",946,946
Kripalu Cave,Ranga Reddy,Cave/Hill/Viewpoint,2025,November,Post-Monsoon,No Major Festival / Public Holiday,867,867
Kripalu Cave,Ranga Reddy,Cave/Hill/Viewpoint,2025,December,Winter,Christmas,982,982
Krishna Kanth Park,Hyderabad,Park/Garden,2024,January,Winter,"Bhogi, Sankranti/Pongal, New Year's Day, Republic Day",7083,7083
Krishna Kanth Park,Hyderabad,Park/Garden,2024,February,Winter,No Major Festival / Public Holiday,5008,5008
Krishna Kanth Park,Hyderabad,Park/Garden,2024,March,Summer,"Maha Shivaratri, Holi",3703,3703
Krishna Kanth Park,Hyderabad,Park/Garden,2024,April,Summer,"Ugadi, Sri Rama Navami, Eid-ul-Fitr, Ambedkar Jayanti",3574,3574
Krishna Kanth Park,Hyderabad,Park/Garden,2024,May,Summer,May Day,6437,6437
Krishna Kanth Park,Hyderabad,Park/Garden,2024,June,Monsoon,"Bakrid/Eid-ul-Adha, Telangana Formation Day",2922,2922
Krishna Kanth Park,Hyderabad,Park/Garden,2024,July,Monsoon,Bonalu,3084,3084
Krishna Kanth Park,Hyderabad,Park/Garden,2024,August,Monsoon,"Raksha Bandhan, Krishna Janmashtami, Independence Day",2828,2828
Krishna Kanth Park,Hyderabad,Park/Garden,2024,September,Monsoon,"Ganesh Chaturthi, Engili Pula Bathukamma (start)",3030,3030
Krishna Kanth Park,Hyderabad,Park/Garden,2024,October,Post-Monsoon,"Bathukamma (Saddula Bathukamma), Dussehra/Vijayadashami",4843,4843
Krishna Kanth Park,Hyderabad,Park/Garden,2024,November,Post-Monsoon,Diwali/Deepavali,4420,4420
Krishna Kanth Park,Hyderabad,Park/Garden,2024,December,Winter,Christmas,6976,6976
Krishna Kanth Park,Hyderabad,Park/Garden,2025,January,Winter,"Bhogi, Sankranti/Pongal, New Year's Day, Republic Day",6656,6656
Krishna Kanth Park,Hyderabad,Park/Garden,2025,February,Winter,Maha Shivaratri,5075,5075
Krishna Kanth Park,Hyderabad,Park/Garden,2025,March,Summer,"Holi, Ugadi, Eid-ul-Fitr",3823,3823
Krishna Kanth Park,Hyderabad,Park/Garden,2025,April,Summer,"Sri Rama Navami, Ambedkar Jayanti",3757,3757
Krishna Kanth Park,Hyderabad,Park/Garden,2025,May,Summer,May Day,6456,6456
Krishna Kanth Park,Hyderabad,Park/Garden,2025,June,Monsoon,"Bakrid/Eid-ul-Adha, Telangana Formation Day",3142,3142
Krishna Kanth Park,Hyderabad,Park/Garden,2025,July,Monsoon,Bonalu,2890,2890
Krishna Kanth Park,Hyderabad,Park/Garden,2025,August,Monsoon,"Krishna Ashtami, Vinayaka Chavithi, Independence Day",2828,2828
Krishna Kanth Park,Hyderabad,Park/Garden,2025,September,Monsoon,Bathukamma (Engili Pula to Saddula),3130,3130
Krishna Kanth Park,Hyderabad,Park/Garden,2025,October,Post-Monsoon,"Vijaya Dasami/Dussehra, Diwali/Deepavali",4642,4642
Krishna Kanth Park,Hyderabad,Park/Garden,2025,November,Post-Monsoon,No Major Festival / Public Holiday,4815,4815
Krishna Kanth Park,Hyderabad,Park/Garden,2025,December,Winter,Christmas,7081,7081
Kuntala Waterfalls,Adilabad,Waterfall,2024,January,Winter,"Bhogi, Sankranti/Pongal, New Year's Day, Republic Day",27257,27257
Kuntala Waterfalls,Adilabad,Waterfall,2024,February,Winter,No Major Festival / Public Holiday,27880,27880
Kuntala Waterfalls,Adilabad,Waterfall,2024,March,Summer,"Maha Shivaratri, Holi",4962,4962
Kuntala Waterfalls,Adilabad,Waterfall,2024,April,Summer,"Ugadi, Sri Rama Navami, Eid-ul-Fitr, Ambedkar Jayanti",4966,4966
Kuntala Waterfalls,Adilabad,Waterfall,2024,May,Summer,May Day,6075,6075
Kuntala Waterfalls,Adilabad,Waterfall,2024,June,Monsoon,"Bakrid/Eid-ul-Adha, Telangana Formation Day",57875,57875
Kuntala Waterfalls,Adilabad,Waterfall,2024,July,Monsoon,Bonalu,55767,55767
Kuntala Waterfalls,Adilabad,Waterfall,2024,August,Monsoon,"Raksha Bandhan, Krishna Janmashtami, Independence Day",56248,56248
Kuntala Waterfalls,Adilabad,Waterfall,2024,September,Monsoon,"Ganesh Chaturthi, Engili Pula Bathukamma (start)",57059,57059
Kuntala Waterfalls,Adilabad,Waterfall,2024,October,Post-Monsoon,"Bathukamma (Saddula Bathukamma), Dussehra/Vijayadashami",91863,91863
Kuntala Waterfalls,Adilabad,Waterfall,2024,November,Post-Monsoon,Diwali/Deepavali,83384,83384
Kuntala Waterfalls,Adilabad,Waterfall,2024,December,Winter,Christmas,27992,27992
Kuntala Waterfalls,Adilabad,Waterfall,2025,January,Winter,"Bhogi, Sankranti/Pongal, New Year's Day, Republic Day",28057,28057
Kuntala Waterfalls,Adilabad,Waterfall,2025,February,Winter,Maha Shivaratri,28485,28485
Kuntala Waterfalls,Adilabad,Waterfall,2025,March,Summer,"Holi, Ugadi, Eid-ul-Fitr",5496,5496
Kuntala Waterfalls,Adilabad,Waterfall,2025,April,Summer,"Sri Rama Navami, Ambedkar Jayanti",4924,4924
Kuntala Waterfalls,Adilabad,Waterfall,2025,May,Summer,May Day,6062,6062
Kuntala Waterfalls,Adilabad,Waterfall,2025,June,Monsoon,"Bakrid/Eid-ul-Adha, Telangana Formation Day",60426,60426
Kuntala Waterfalls,Adilabad,Waterfall,2025,July,Monsoon,Bonalu,57462,57462
Kuntala Waterfalls,Adilabad,Waterfall,2025,August,Monsoon,"Krishna Ashtami, Vinayaka Chavithi, Independence Day",58197,58197
Kuntala Waterfalls,Adilabad,Waterfall,2025,September,Monsoon,Bathukamma (Engili Pula to Saddula),58879,58879
Kuntala Waterfalls,Adilabad,Waterfall,2025,October,Post-Monsoon,"Vijaya Dasami/Dussehra, Diwali/Deepavali",90452,90452
Kuntala Waterfalls,Adilabad,Waterfall,2025,November,Post-Monsoon,No Major Festival / Public Holiday,93137,93137
Kuntala Waterfalls,Adilabad,Waterfall,2025,December,Winter,Christmas,29139,29139
Kuravi Veerabhadra Swamy Temple,Mahabubabad,Temple,2024,January,Winter,"Bhogi, Sankranti/Pongal, New Year's Day, Republic Day",15983,15983
Kuravi Veerabhadra Swamy Temple,Mahabubabad,Temple,2024,February,Winter,No Major Festival / Public Holiday,10051,10051
Kuravi Veerabhadra Swamy Temple,Mahabubabad,Temple,2024,March,Summer,"Maha Shivaratri, Holi",7641,7641
Kuravi Veerabhadra Swamy Temple,Mahabubabad,Temple,2024,April,Summer,"Ugadi, Sri Rama Navami, Eid-ul-Fitr, Ambedkar Jayanti",7243,7243
Kuravi Veerabhadra Swamy Temple,Mahabubabad,Temple,2024,May,Summer,May Day,6826,6826
Kuravi Veerabhadra Swamy Temple,Mahabubabad,Temple,2024,June,Monsoon,"Bakrid/Eid-ul-Adha, Telangana Formation Day",4343,4343
Kuravi Veerabhadra Swamy Temple,Mahabubabad,Temple,2024,July,Monsoon,Bonalu,4757,4757
Kuravi Veerabhadra Swamy Temple,Mahabubabad,Temple,2024,August,Monsoon,"Raksha Bandhan, Krishna Janmashtami, Independence Day",4578,4578
Kuravi Veerabhadra Swamy Temple,Mahabubabad,Temple,2024,September,Monsoon,"Ganesh Chaturthi, Engili Pula Bathukamma (start)",4734,4734
Kuravi Veerabhadra Swamy Temple,Mahabubabad,Temple,2024,October,Post-Monsoon,"Bathukamma (Saddula Bathukamma), Dussehra/Vijayadashami",16843,16843
Kuravi Veerabhadra Swamy Temple,Mahabubabad,Temple,2024,November,Post-Monsoon,Diwali/Deepavali,7133,7133
Kuravi Veerabhadra Swamy Temple,Mahabubabad,Temple,2024,December,Winter,Christmas,7739,7739
Kuravi Veerabhadra Swamy Temple,Mahabubabad,Temple,2025,January,Winter,"Bhogi, Sankranti/Pongal, New Year's Day, Republic Day",16879,16879
Kuravi Veerabhadra Swamy Temple,Mahabubabad,Temple,2025,February,Winter,Maha Shivaratri,7919,7919
Kuravi Veerabhadra Swamy Temple,Mahabubabad,Temple,2025,March,Summer,"Holi, Ugadi, Eid-ul-Fitr",7315,7315
Kuravi Veerabhadra Swamy Temple,Mahabubabad,Temple,2025,April,Summer,"Sri Rama Navami, Ambedkar Jayanti",5447,5447
Kuravi Veerabhadra Swamy Temple,Mahabubabad,Temple,2025,May,Summer,May Day,7042,7042
Kuravi Veerabhadra Swamy Temple,Mahabubabad,Temple,2025,June,Monsoon,"Bakrid/Eid-ul-Adha, Telangana Formation Day",4623,4623
Kuravi Veerabhadra Swamy Temple,Mahabubabad,Temple,2025,July,Monsoon,Bonalu,4540,4540
Kuravi Veerabhadra Swamy Temple,Mahabubabad,Temple,2025,August,Monsoon,"Krishna Ashtami, Vinayaka Chavithi, Independence Day",4341,4341
Kuravi Veerabhadra Swamy Temple,Mahabubabad,Temple,2025,September,Monsoon,Bathukamma (Engili Pula to Saddula),4502,4502
Kuravi Veerabhadra Swamy Temple,Mahabubabad,Temple,2025,October,Post-Monsoon,"Vijaya Dasami/Dussehra, Diwali/Deepavali",16861,16861
Kuravi Veerabhadra Swamy Temple,Mahabubabad,Temple,2025,November,Post-Monsoon,No Major Festival / Public Holiday,8891,8891
Kuravi Veerabhadra Swamy Temple,Mahabubabad,Temple,2025,December,Winter,Christmas,7630,7630
Kusumanchi Temples,Khammam,Temple,2024,January,Winter,"Bhogi, Sankranti/Pongal, New Year's Day, Republic Day",17403,17403
Kusumanchi Temples,Khammam,Temple,2024,February,Winter,No Major Festival / Public Holiday,9605,9605
Kusumanchi Temples,Khammam,Temple,2024,March,Summer,"Maha Shivaratri, Holi",7267,7267
Kusumanchi Temples,Khammam,Temple,2024,April,Summer,"Ugadi, Sri Rama Navami, Eid-ul-Fitr, Ambedkar Jayanti",7020,7020
Kusumanchi Temples,Khammam,Temple,2024,May,Summer,May Day,6888,6888
Kusumanchi Temples,Khammam,Temple,2024,June,Monsoon,"Bakrid/Eid-ul-Adha, Telangana Formation Day",4288,4288
Kusumanchi Temples,Khammam,Temple,2024,July,Monsoon,Bonalu,4364,4364
Kusumanchi Temples,Khammam,Temple,2024,August,Monsoon,"Raksha Bandhan, Krishna Janmashtami, Independence Day",4401,4401
Kusumanchi Temples,Khammam,Temple,2024,September,Monsoon,"Ganesh Chaturthi, Engili Pula Bathukamma (start)",4666,4666
Kusumanchi Temples,Khammam,Temple,2024,October,Post-Monsoon,"Bathukamma (Saddula Bathukamma), Dussehra/Vijayadashami",18027,18027
Kusumanchi Temples,Khammam,Temple,2024,November,Post-Monsoon,Diwali/Deepavali,6736,6736
Kusumanchi Temples,Khammam,Temple,2024,December,Winter,Christmas,7822,7822
Kusumanchi Temples,Khammam,Temple,2025,January,Winter,"Bhogi, Sankranti/Pongal, New Year's Day, Republic Day",17207,17207
Kusumanchi Temples,Khammam,Temple,2025,February,Winter,Maha Shivaratri,7738,7738
Kusumanchi Temples,Khammam,Temple,2025,March,Summer,"Holi, Ugadi, Eid-ul-Fitr",7095,7095
Kusumanchi Temples,Khammam,Temple,2025,April,Summer,"Sri Rama Navami, Ambedkar Jayanti",5830,5830
Kusumanchi Temples,Khammam,Temple,2025,May,Summer,May Day,7268,7268
Kusumanchi Temples,Khammam,Temple,2025,June,Monsoon,"Bakrid/Eid-ul-Adha, Telangana Formation Day",4598,4598
Kusumanchi Temples,Khammam,Temple,2025,July,Monsoon,Bonalu,4409,4409
Kusumanchi Temples,Khammam,Temple,2025,August,Monsoon,"Krishna Ashtami, Vinayaka Chavithi, Independence Day",4500,4500
Kusumanchi Temples,Khammam,Temple,2025,September,Monsoon,Bathukamma (Engili Pula to Saddula),4578,4578
Kusumanchi Temples,Khammam,Temple,2025,October,Post-Monsoon,"Vijaya Dasami/Dussehra, Diwali/Deepavali",17271,17271
Kusumanchi Temples,Khammam,Temple,2025,November,Post-Monsoon,No Major Festival / Public Holiday,8560,8560
Kusumanchi Temples,Khammam,Temple,2025,December,Winter,Christmas,7330,7330
Lakaram Lake,Khammam,Lake/Reservoir,2024,January,Winter,"Bhogi, Sankranti/Pongal, New Year's Day, Republic Day",768,768
Lakaram Lake,Khammam,Lake/Reservoir,2024,February,Winter,No Major Festival / Public Holiday,771,771
Lakaram Lake,Khammam,Lake/Reservoir,2024,March,Summer,"Maha Shivaratri, Holi",582,582
Lakaram Lake,Khammam,Lake/Reservoir,2024,April,Summer,"Ugadi, Sri Rama Navami, Eid-ul-Fitr, Ambedkar Jayanti",553,553
Lakaram Lake,Khammam,Lake/Reservoir,2024,May,Summer,May Day,720,720
Lakaram Lake,Khammam,Lake/Reservoir,2024,June,Monsoon,"Bakrid/Eid-ul-Adha, Telangana Formation Day",432,432
Lakaram Lake,Khammam,Lake/Reservoir,2024,July,Monsoon,Bonalu,425,425
Lakaram Lake,Khammam,Lake/Reservoir,2024,August,Monsoon,"Raksha Bandhan, Krishna Janmashtami, Independence Day",461,461
Lakaram Lake,Khammam,Lake/Reservoir,2024,September,Monsoon,"Ganesh Chaturthi, Engili Pula Bathukamma (start)",448,448
Lakaram Lake,Khammam,Lake/Reservoir,2024,October,Post-Monsoon,"Bathukamma (Saddula Bathukamma), Dussehra/Vijayadashami",718,718
Lakaram Lake,Khammam,Lake/Reservoir,2024,November,Post-Monsoon,Diwali/Deepavali,680,680
Lakaram Lake,Khammam,Lake/Reservoir,2024,December,Winter,Christmas,720,720
Lakaram Lake,Khammam,Lake/Reservoir,2025,January,Winter,"Bhogi, Sankranti/Pongal, New Year's Day, Republic Day",780,780
Lakaram Lake,Khammam,Lake/Reservoir,2025,February,Winter,Maha Shivaratri,754,754
Lakaram Lake,Khammam,Lake/Reservoir,2025,March,Summer,"Holi, Ugadi, Eid-ul-Fitr",548,548
Lakaram Lake,Khammam,Lake/Reservoir,2025,April,Summer,"Sri Rama Navami, Ambedkar Jayanti",585,585
Lakaram Lake,Khammam,Lake/Reservoir,2025,May,Summer,May Day,690,690
Lakaram Lake,Khammam,Lake/Reservoir,2025,June,Monsoon,"Bakrid/Eid-ul-Adha, Telangana Formation Day",455,455
Lakaram Lake,Khammam,Lake/Reservoir,2025,July,Monsoon,Bonalu,447,447
Lakaram Lake,Khammam,Lake/Reservoir,2025,August,Monsoon,"Krishna Ashtami, Vinayaka Chavithi, Independence Day",467,467
Lakaram Lake,Khammam,Lake/Reservoir,2025,September,Monsoon,Bathukamma (Engili Pula to Saddula),467,467
Lakaram Lake,Khammam,Lake/Reservoir,2025,October,Post-Monsoon,"Vijaya Dasami/Dussehra, Diwali/Deepavali",707,707
Lakaram Lake,Khammam,Lake/Reservoir,2025,November,Post-Monsoon,No Major Festival / Public Holiday,657,657
Lakaram Lake,Khammam,Lake/Reservoir,2025,December,Winter,Christmas,780,780
Laknavaram Lake,Mulugu,Lake/Reservoir,2024,January,Winter,"Bhogi, Sankranti/Pongal, New Year's Day, Republic Day",31605,31605
Laknavaram Lake,Mulugu,Lake/Reservoir,2024,February,Winter,No Major Festival / Public Holiday,31520,31520
Laknavaram Lake,Mulugu,Lake/Reservoir,2024,March,Summer,"Maha Shivaratri, Holi",20007,20007
Laknavaram Lake,Mulugu,Lake/Reservoir,2024,April,Summer,"Ugadi, Sri Rama Navami, Eid-ul-Fitr, Ambedkar Jayanti",18540,18540
Laknavaram Lake,Mulugu,Lake/Reservoir,2024,May,Summer,May Day,23760,23760
Laknavaram Lake,Mulugu,Lake/Reservoir,2024,June,Monsoon,"Bakrid/Eid-ul-Adha, Telangana Formation Day",14807,14807
Laknavaram Lake,Mulugu,Lake/Reservoir,2024,July,Monsoon,Bonalu,14350,14350
Laknavaram Lake,Mulugu,Lake/Reservoir,2024,August,Monsoon,"Raksha Bandhan, Krishna Janmashtami, Independence Day",14119,14119
Laknavaram Lake,Mulugu,Lake/Reservoir,2024,September,Monsoon,"Ganesh Chaturthi, Engili Pula Bathukamma (start)",15079,15079
Laknavaram Lake,Mulugu,Lake/Reservoir,2024,October,Post-Monsoon,"Bathukamma (Saddula Bathukamma), Dussehra/Vijayadashami",24313,24313
Laknavaram Lake,Mulugu,Lake/Reservoir,2024,November,Post-Monsoon,Diwali/Deepavali,22638,22638
Laknavaram Lake,Mulugu,Lake/Reservoir,2024,December,Winter,Christmas,31943,31943
Laknavaram Lake,Mulugu,Lake/Reservoir,2025,January,Winter,"Bhogi, Sankranti/Pongal, New Year's Day, Republic Day",31891,31891
Laknavaram Lake,Mulugu,Lake/Reservoir,2025,February,Winter,Maha Shivaratri,32580,32580
Laknavaram Lake,Mulugu,Lake/Reservoir,2025,March,Summer,"Holi, Ugadi, Eid-ul-Fitr",18864,18864
Laknavaram Lake,Mulugu,Lake/Reservoir,2025,April,Summer,"Sri Rama Navami, Ambedkar Jayanti",19866,19866
Laknavaram Lake,Mulugu,Lake/Reservoir,2025,May,Summer,May Day,23015,23015
Laknavaram Lake,Mulugu,Lake/Reservoir,2025,June,Monsoon,"Bakrid/Eid-ul-Adha, Telangana Formation Day",15013,15013
Laknavaram Lake,Mulugu,Lake/Reservoir,2025,July,Monsoon,Bonalu,14349,14349
Laknavaram Lake,Mulugu,Lake/Reservoir,2025,August,Monsoon,"Krishna Ashtami, Vinayaka Chavithi, Independence Day",15868,15868
Laknavaram Lake,Mulugu,Lake/Reservoir,2025,September,Monsoon,Bathukamma (Engili Pula to Saddula),14549,14549
Laknavaram Lake,Mulugu,Lake/Reservoir,2025,October,Post-Monsoon,"Vijaya Dasami/Dussehra, Diwali/Deepavali",21822,21822
Laknavaram Lake,Mulugu,Lake/Reservoir,2025,November,Post-Monsoon,No Major Festival / Public Holiday,23450,23450
Laknavaram Lake,Mulugu,Lake/Reservoir,2025,December,Winter,Christmas,32871,32871
Lalitha Someswara Swamy Temple,Nagarkurnool,Temple,2024,January,Winter,"Bhogi, Sankranti/Pongal, New Year's Day, Republic Day",16690,16690
Lalitha Someswara Swamy Temple,Nagarkurnool,Temple,2024,February,Winter,No Major Festival / Public Holiday,10330,10330
Lalitha Someswara Swamy Temple,Nagarkurnool,Temple,2024,March,Summer,"Maha Shivaratri, Holi",7352,7352
Lalitha Someswara Swamy Temple,Nagarkurnool,Temple,2024,April,Summer,"Ugadi, Sri Rama Navami, Eid-ul-Fitr, Ambedkar Jayanti",7784,7784
Lalitha Someswara Swamy Temple,Nagarkurnool,Temple,2024,May,Summer,May Day,6771,6771
Lalitha Someswara Swamy Temple,Nagarkurnool,Temple,2024,June,Monsoon,"Bakrid/Eid-ul-Adha, Telangana Formation Day",4259,4259
Lalitha Someswara Swamy Temple,Nagarkurnool,Temple,2024,July,Monsoon,Bonalu,4340,4340
Lalitha Someswara Swamy Temple,Nagarkurnool,Temple,2024,August,Monsoon,"Raksha Bandhan, Krishna Janmashtami, Independence Day",4456,4456
Lalitha Someswara Swamy Temple,Nagarkurnool,Temple,2024,September,Monsoon,"Ganesh Chaturthi, Engili Pula Bathukamma (start)",4348,4348
Lalitha Someswara Swamy Temple,Nagarkurnool,Temple,2024,October,Post-Monsoon,"Bathukamma (Saddula Bathukamma), Dussehra/Vijayadashami",16215,16215
Lalitha Someswara Swamy Temple,Nagarkurnool,Temple,2024,November,Post-Monsoon,Diwali/Deepavali,7243,7243
Lalitha Someswara Swamy Temple,Nagarkurnool,Temple,2024,December,Winter,Christmas,7809,7809
Lalitha Someswara Swamy Temple,Nagarkurnool,Temple,2025,January,Winter,"Bhogi, Sankranti/Pongal, New Year's Day, Republic Day",16979,16979
Lalitha Someswara Swamy Temple,Nagarkurnool,Temple,2025,February,Winter,Maha Shivaratri,7201,7201
Lalitha Someswara Swamy Temple,Nagarkurnool,Temple,2025,March,Summer,"Holi, Ugadi, Eid-ul-Fitr",7072,7072
Lalitha Someswara Swamy Temple,Nagarkurnool,Temple,2025,April,Summer,"Sri Rama Navami, Ambedkar Jayanti",5404,5404
Lalitha Someswara Swamy Temple,Nagarkurnool,Temple,2025,May,Summer,May Day,7085,7085
Lalitha Someswara Swamy Temple,Nagarkurnool,Temple,2025,June,Monsoon,"Bakrid/Eid-ul-Adha, Telangana Formation Day",4731,4731
Lalitha Someswara Swamy Temple,Nagarkurnool,Temple,2025,July,Monsoon,Bonalu,4462,4462
Lalitha Someswara Swamy Temple,Nagarkurnool,Temple,2025,August,Monsoon,"Krishna Ashtami, Vinayaka Chavithi, Independence Day",4294,4294
Lalitha Someswara Swamy Temple,Nagarkurnool,Temple,2025,September,Monsoon,Bathukamma (Engili Pula to Saddula),4506,4506
Lalitha Someswara Swamy Temple,Nagarkurnool,Temple,2025,October,Post-Monsoon,"Vijaya Dasami/Dussehra, Diwali/Deepavali",16937,16937
Lalitha Someswara Swamy Temple,Nagarkurnool,Temple,2025,November,Post-Monsoon,No Major Festival / Public Holiday,8835,8835
Lalitha Someswara Swamy Temple,Nagarkurnool,Temple,2025,December,Winter,Christmas,7609,7609
Lanja Madugu Siwaram WLS,Peddapalli,Other/Cultural Site,2024,January,Winter,"Bhogi, Sankranti/Pongal, New Year's Day, Republic Day",446,446
Lanja Madugu Siwaram WLS,Peddapalli,Other/Cultural Site,2024,February,Winter,No Major Festival / Public Holiday,437,437
Lanja Madugu Siwaram WLS,Peddapalli,Other/Cultural Site,2024,March,Summer,"Maha Shivaratri, Holi",346,346
Lanja Madugu Siwaram WLS,Peddapalli,Other/Cultural Site,2024,April,Summer,"Ugadi, Sri Rama Navami, Eid-ul-Fitr, Ambedkar Jayanti",347,347
Lanja Madugu Siwaram WLS,Peddapalli,Other/Cultural Site,2024,May,Summer,May Day,378,378
Lanja Madugu Siwaram WLS,Peddapalli,Other/Cultural Site,2024,June,Monsoon,"Bakrid/Eid-ul-Adha, Telangana Formation Day",271,271
Lanja Madugu Siwaram WLS,Peddapalli,Other/Cultural Site,2024,July,Monsoon,Bonalu,261,261
Lanja Madugu Siwaram WLS,Peddapalli,Other/Cultural Site,2024,August,Monsoon,"Raksha Bandhan, Krishna Janmashtami, Independence Day",277,277
Lanja Madugu Siwaram WLS,Peddapalli,Other/Cultural Site,2024,September,Monsoon,"Ganesh Chaturthi, Engili Pula Bathukamma (start)",261,261
Lanja Madugu Siwaram WLS,Peddapalli,Other/Cultural Site,2024,October,Post-Monsoon,"Bathukamma (Saddula Bathukamma), Dussehra/Vijayadashami",426,426
Lanja Madugu Siwaram WLS,Peddapalli,Other/Cultural Site,2024,November,Post-Monsoon,Diwali/Deepavali,414,414
Lanja Madugu Siwaram WLS,Peddapalli,Other/Cultural Site,2024,December,Winter,Christmas,424,424
Lanja Madugu Siwaram WLS,Peddapalli,Other/Cultural Site,2025,January,Winter,"Bhogi, Sankranti/Pongal, New Year's Day, Republic Day",439,439
Lanja Madugu Siwaram WLS,Peddapalli,Other/Cultural Site,2025,February,Winter,Maha Shivaratri,463,463
Lanja Madugu Siwaram WLS,Peddapalli,Other/Cultural Site,2025,March,Summer,"Holi, Ugadi, Eid-ul-Fitr",346,346
Lanja Madugu Siwaram WLS,Peddapalli,Other/Cultural Site,2025,April,Summer,"Sri Rama Navami, Ambedkar Jayanti",316,316
Lanja Madugu Siwaram WLS,Peddapalli,Other/Cultural Site,2025,May,Summer,May Day,412,412
Lanja Madugu Siwaram WLS,Peddapalli,Other/Cultural Site,2025,June,Monsoon,"Bakrid/Eid-ul-Adha, Telangana Formation Day",257,257
Lanja Madugu Siwaram WLS,Peddapalli,Other/Cultural Site,2025,July,Monsoon,Bonalu,246,246
Lanja Madugu Siwaram WLS,Peddapalli,Other/Cultural Site,2025,August,Monsoon,"Krishna Ashtami, Vinayaka Chavithi, Independence Day",259,259
Lanja Madugu Siwaram WLS,Peddapalli,Other/Cultural Site,2025,September,Monsoon,Bathukamma (Engili Pula to Saddula),254,254
Lanja Madugu Siwaram WLS,Peddapalli,Other/Cultural Site,2025,October,Post-Monsoon,"Vijaya Dasami/Dussehra, Diwali/Deepavali",417,417
Lanja Madugu Siwaram WLS,Peddapalli,Other/Cultural Site,2025,November,Post-Monsoon,No Major Festival / Public Holiday,394,394
Lanja Madugu Siwaram WLS,Peddapalli,Other/Cultural Site,2025,December,Winter,Christmas,454,454
Latif Saheb Dargah,Nalgonda,Temple,2024,January,Winter,"Bhogi, Sankranti/Pongal, New Year's Day, Republic Day",16486,16486
Latif Saheb Dargah,Nalgonda,Temple,2024,February,Winter,No Major Festival / Public Holiday,9551,9551
Latif Saheb Dargah,Nalgonda,Temple,2024,March,Summer,"Maha Shivaratri, Holi",7060,7060
Latif Saheb Dargah,Nalgonda,Temple,2024,April,Summer,"Ugadi, Sri Rama Navami, Eid-ul-Fitr, Ambedkar Jayanti",7813,7813
Latif Saheb Dargah,Nalgonda,Temple,2024,May,Summer,May Day,6535,6535
Latif Saheb Dargah,Nalgonda,Temple,2024,June,Monsoon,"Bakrid/Eid-ul-Adha, Telangana Formation Day",4390,4390
Latif Saheb Dargah,Nalgonda,Temple,2024,July,Monsoon,Bonalu,4390,4390
Latif Saheb Dargah,Nalgonda,Temple,2024,August,Monsoon,"Raksha Bandhan, Krishna Janmashtami, Independence Day",4403,4403
Latif Saheb Dargah,Nalgonda,Temple,2024,September,Monsoon,"Ganesh Chaturthi, Engili Pula Bathukamma (start)",4318,4318
Latif Saheb Dargah,Nalgonda,Temple,2024,October,Post-Monsoon,"Bathukamma (Saddula Bathukamma), Dussehra/Vijayadashami",17836,17836
Latif Saheb Dargah,Nalgonda,Temple,2024,November,Post-Monsoon,Diwali/Deepavali,6587,6587
Latif Saheb Dargah,Nalgonda,Temple,2024,December,Winter,Christmas,7621,7621
Latif Saheb Dargah,Nalgonda,Temple,2025,January,Winter,"Bhogi, Sankranti/Pongal, New Year's Day, Republic Day",15755,15755
Latif Saheb Dargah,Nalgonda,Temple,2025,February,Winter,Maha Shivaratri,7113,7113
Latif Saheb Dargah,Nalgonda,Temple,2025,March,Summer,"Holi, Ugadi, Eid-ul-Fitr",7774,7774
Latif Saheb Dargah,Nalgonda,Temple,2025,April,Summer,"Sri Rama Navami, Ambedkar Jayanti",5488,5488
Latif Saheb Dargah,Nalgonda,Temple,2025,May,Summer,May Day,7165,7165
Latif Saheb Dargah,Nalgonda,Temple,2025,June,Monsoon,"Bakrid/Eid-ul-Adha, Telangana Formation Day",4524,4524
Latif Saheb Dargah,Nalgonda,Temple,2025,July,Monsoon,Bonalu,4272,4272
Latif Saheb Dargah,Nalgonda,Temple,2025,August,Monsoon,"Krishna Ashtami, Vinayaka Chavithi, Independence Day",4745,4745
Latif Saheb Dargah,Nalgonda,Temple,2025,September,Monsoon,Bathukamma (Engili Pula to Saddula),4363,4363
Latif Saheb Dargah,Nalgonda,Temple,2025,October,Post-Monsoon,"Vijaya Dasami/Dussehra, Diwali/Deepavali",17994,17994
Latif Saheb Dargah,Nalgonda,Temple,2025,November,Post-Monsoon,No Major Festival / Public Holiday,8613,8613
Latif Saheb Dargah,Nalgonda,Temple,2025,December,Winter,Christmas,7818,7818
Lord Shiva Temple,Nirmal,Temple,2024,January,Winter,"Bhogi, Sankranti/Pongal, New Year's Day, Republic Day",16588,16588
Lord Shiva Temple,Nirmal,Temple,2024,February,Winter,No Major Festival / Public Holiday,9352,9352
Lord Shiva Temple,Nirmal,Temple,2024,March,Summer,"Maha Shivaratri, Holi",23323,23323
Lord Shiva Temple,Nirmal,Temple,2024,April,Summer,"Ugadi, Sri Rama Navami, Eid-ul-Fitr, Ambedkar Jayanti",7114,7114
Lord Shiva Temple,Nirmal,Temple,2024,May,Summer,May Day,6742,6742
Lord Shiva Temple,Nirmal,Temple,2024,June,Monsoon,"Bakrid/Eid-ul-Adha, Telangana Formation Day",4501,4501
Lord Shiva Temple,Nirmal,Temple,2024,July,Monsoon,Bonalu,4660,4660
Lord Shiva Temple,Nirmal,Temple,2024,August,Monsoon,"Raksha Bandhan, Krishna Janmashtami, Independence Day",4629,4629
Lord Shiva Temple,Nirmal,Temple,2024,September,Monsoon,"Ganesh Chaturthi, Engili Pula Bathukamma (start)",4578,4578
Lord Shiva Temple,Nirmal,Temple,2024,October,Post-Monsoon,"Bathukamma (Saddula Bathukamma), Dussehra/Vijayadashami",16537,16537
Lord Shiva Temple,Nirmal,Temple,2024,November,Post-Monsoon,Diwali/Deepavali,6938,6938
Lord Shiva Temple,Nirmal,Temple,2024,December,Winter,Christmas,7128,7128
Lord Shiva Temple,Nirmal,Temple,2025,January,Winter,"Bhogi, Sankranti/Pongal, New Year's Day, Republic Day",16257,16257
Lord Shiva Temple,Nirmal,Temple,2025,February,Winter,Maha Shivaratri,29688,29688
Lord Shiva Temple,Nirmal,Temple,2025,March,Summer,"Holi, Ugadi, Eid-ul-Fitr",7000,7000
Lord Shiva Temple,Nirmal,Temple,2025,April,Summer,"Sri Rama Navami, Ambedkar Jayanti",5545,5545
Lord Shiva Temple,Nirmal,Temple,2025,May,Summer,May Day,7277,7277
Lord Shiva Temple,Nirmal,Temple,2025,June,Monsoon,"Bakrid/Eid-ul-Adha, Telangana Formation Day",4744,4744
Lord Shiva Temple,Nirmal,Temple,2025,July,Monsoon,Bonalu,4420,4420
Lord Shiva Temple,Nirmal,Temple,2025,August,Monsoon,"Krishna Ashtami, Vinayaka Chavithi, Independence Day",4253,4253
Lord Shiva Temple,Nirmal,Temple,2025,September,Monsoon,Bathukamma (Engili Pula to Saddula),4326,4326
Lord Shiva Temple,Nirmal,Temple,2025,October,Post-Monsoon,"Vijaya Dasami/Dussehra, Diwali/Deepavali",17026,17026
Lord Shiva Temple,Nirmal,Temple,2025,November,Post-Monsoon,No Major Festival / Public Holiday,9451,9451
Lord Shiva Temple,Nirmal,Temple,2025,December,Winter,Christmas,7177,7177
Lumbini Park,Hyderabad,Park/Garden,2024,January,Winter,"Bhogi, Sankranti/Pongal, New Year's Day, Republic Day",7105,7105
Lumbini Park,Hyderabad,Park/Garden,2024,February,Winter,No Major Festival / Public Holiday,5184,5184
Lumbini Park,Hyderabad,Park/Garden,2024,March,Summer,"Maha Shivaratri, Holi",3603,3603
Lumbini Park,Hyderabad,Park/Garden,2024,April,Summer,"Ugadi, Sri Rama Navami, Eid-ul-Fitr, Ambedkar Jayanti",3724,3724
Lumbini Park,Hyderabad,Park/Garden,2024,May,Summer,May Day,6296,6296
Lumbini Park,Hyderabad,Park/Garden,2024,June,Monsoon,"Bakrid/Eid-ul-Adha, Telangana Formation Day",3048,3048
Lumbini Park,Hyderabad,Park/Garden,2024,July,Monsoon,Bonalu,2948,2948
Lumbini Park,Hyderabad,Park/Garden,2024,August,Monsoon,"Raksha Bandhan, Krishna Janmashtami, Independence Day",2873,2873
Lumbini Park,Hyderabad,Park/Garden,2024,September,Monsoon,"Ganesh Chaturthi, Engili Pula Bathukamma (start)",3034,3034
Lumbini Park,Hyderabad,Park/Garden,2024,October,Post-Monsoon,"Bathukamma (Saddula Bathukamma), Dussehra/Vijayadashami",4773,4773
Lumbini Park,Hyderabad,Park/Garden,2024,November,Post-Monsoon,Diwali/Deepavali,4534,4534
Lumbini Park,Hyderabad,Park/Garden,2024,December,Winter,Christmas,6691,6691
Lumbini Park,Hyderabad,Park/Garden,2025,January,Winter,"Bhogi, Sankranti/Pongal, New Year's Day, Republic Day",6745,6745
Lumbini Park,Hyderabad,Park/Garden,2025,February,Winter,Maha Shivaratri,4842,4842
Lumbini Park,Hyderabad,Park/Garden,2025,March,Summer,"Holi, Ugadi, Eid-ul-Fitr",3708,3708
Lumbini Park,Hyderabad,Park/Garden,2025,April,Summer,"Sri Rama Navami, Ambedkar Jayanti",3865,3865
Lumbini Park,Hyderabad,Park/Garden,2025,May,Summer,May Day,6518,6518
Lumbini Park,Hyderabad,Park/Garden,2025,June,Monsoon,"Bakrid/Eid-ul-Adha, Telangana Formation Day",3070,3070
Lumbini Park,Hyderabad,Park/Garden,2025,July,Monsoon,Bonalu,2950,2950
Lumbini Park,Hyderabad,Park/Garden,2025,August,Monsoon,"Krishna Ashtami, Vinayaka Chavithi, Independence Day",3116,3116
Lumbini Park,Hyderabad,Park/Garden,2025,September,Monsoon,Bathukamma (Engili Pula to Saddula),2893,2893
Lumbini Park,Hyderabad,Park/Garden,2025,October,Post-Monsoon,"Vijaya Dasami/Dussehra, Diwali/Deepavali",4582,4582
Lumbini Park,Hyderabad,Park/Garden,2025,November,Post-Monsoon,No Major Festival / Public Holiday,4766,4766
Lumbini Park,Hyderabad,Park/Garden,2025,December,Winter,Christmas,6731,6731
Machli Kaman,Hyderabad,Other/Cultural Site,2024,January,Winter,"Bhogi, Sankranti/Pongal, New Year's Day, Republic Day",418,418
Machli Kaman,Hyderabad,Other/Cultural Site,2024,February,Winter,No Major Festival / Public Holiday,426,426
Machli Kaman,Hyderabad,Other/Cultural Site,2024,March,Summer,"Maha Shivaratri, Holi",316,316
Machli Kaman,Hyderabad,Other/Cultural Site,2024,April,Summer,"Ugadi, Sri Rama Navami, Eid-ul-Fitr, Ambedkar Jayanti",348,348
Machli Kaman,Hyderabad,Other/Cultural Site,2024,May,Summer,May Day,378,378
Machli Kaman,Hyderabad,Other/Cultural Site,2024,June,Monsoon,"Bakrid/Eid-ul-Adha, Telangana Formation Day",261,261
Machli Kaman,Hyderabad,Other/Cultural Site,2024,July,Monsoon,Bonalu,250,250
Machli Kaman,Hyderabad,Other/Cultural Site,2024,August,Monsoon,"Raksha Bandhan, Krishna Janmashtami, Independence Day",256,256
Machli Kaman,Hyderabad,Other/Cultural Site,2024,September,Monsoon,"Ganesh Chaturthi, Engili Pula Bathukamma (start)",275,275
Machli Kaman,Hyderabad,Other/Cultural Site,2024,October,Post-Monsoon,"Bathukamma (Saddula Bathukamma), Dussehra/Vijayadashami",386,386
Machli Kaman,Hyderabad,Other/Cultural Site,2024,November,Post-Monsoon,Diwali/Deepavali,424,424
Machli Kaman,Hyderabad,Other/Cultural Site,2024,December,Winter,Christmas,422,422
Machli Kaman,Hyderabad,Other/Cultural Site,2025,January,Winter,"Bhogi, Sankranti/Pongal, New Year's Day, Republic Day",450,450
Machli Kaman,Hyderabad,Other/Cultural Site,2025,February,Winter,Maha Shivaratri,439,439
Machli Kaman,Hyderabad,Other/Cultural Site,2025,March,Summer,"Holi, Ugadi, Eid-ul-Fitr",347,347
Machli Kaman,Hyderabad,Other/Cultural Site,2025,April,Summer,"Sri Rama Navami, Ambedkar Jayanti",334,334
Machli Kaman,Hyderabad,Other/Cultural Site,2025,May,Summer,May Day,404,404
Machli Kaman,Hyderabad,Other/Cultural Site,2025,June,Monsoon,"Bakrid/Eid-ul-Adha, Telangana Formation Day",252,252
Machli Kaman,Hyderabad,Other/Cultural Site,2025,July,Monsoon,Bonalu,251,251
Machli Kaman,Hyderabad,Other/Cultural Site,2025,August,Monsoon,"Krishna Ashtami, Vinayaka Chavithi, Independence Day",275,275
Machli Kaman,Hyderabad,Other/Cultural Site,2025,September,Monsoon,Bathukamma (Engili Pula to Saddula),257,257
Machli Kaman,Hyderabad,Other/Cultural Site,2025,October,Post-Monsoon,"Vijaya Dasami/Dussehra, Diwali/Deepavali",396,396
Machli Kaman,Hyderabad,Other/Cultural Site,2025,November,Post-Monsoon,No Major Festival / Public Holiday,415,415
Machli Kaman,Hyderabad,Other/Cultural Site,2025,December,Winter,Christmas,429,429
Mahavir Harina Vanasthali National Park,Ranga Reddy,Wildlife/National Park,2024,January,Winter,"Bhogi, Sankranti/Pongal, New Year's Day, Republic Day",6464,6464
Mahavir Harina Vanasthali National Park,Ranga Reddy,Wildlife/National Park,2024,February,Winter,No Major Festival / Public Holiday,4346,4346
Mahavir Harina Vanasthali National Park,Ranga Reddy,Wildlife/National Park,2024,March,Summer,"Maha Shivaratri, Holi",3320,3320
Mahavir Harina Vanasthali National Park,Ranga Reddy,Wildlife/National Park,2024,April,Summer,"Ugadi, Sri Rama Navami, Eid-ul-Fitr, Ambedkar Jayanti",3265,3265
Mahavir Harina Vanasthali National Park,Ranga Reddy,Wildlife/National Park,2024,May,Summer,May Day,5911,5911
Mahavir Harina Vanasthali National Park,Ranga Reddy,Wildlife/National Park,2024,June,Monsoon,"Bakrid/Eid-ul-Adha, Telangana Formation Day",2646,2646
Mahavir Harina Vanasthali National Park,Ranga Reddy,Wildlife/National Park,2024,July,Monsoon,Bonalu,2707,2707
Mahavir Harina Vanasthali National Park,Ranga Reddy,Wildlife/National Park,2024,August,Monsoon,"Raksha Bandhan, Krishna Janmashtami, Independence Day",2723,2723
Mahavir Harina Vanasthali National Park,Ranga Reddy,Wildlife/National Park,2024,September,Monsoon,"Ganesh Chaturthi, Engili Pula Bathukamma (start)",2575,2575
Mahavir Harina Vanasthali National Park,Ranga Reddy,Wildlife/National Park,2024,October,Post-Monsoon,"Bathukamma (Saddula Bathukamma), Dussehra/Vijayadashami",3992,3992
Mahavir Harina Vanasthali National Park,Ranga Reddy,Wildlife/National Park,2024,November,Post-Monsoon,Diwali/Deepavali,4193,4193
Mahavir Harina Vanasthali National Park,Ranga Reddy,Wildlife/National Park,2024,December,Winter,Christmas,6024,6024
Mahavir Harina Vanasthali National Park,Ranga Reddy,Wildlife/National Park,2025,January,Winter,"Bhogi, Sankranti/Pongal, New Year's Day, Republic Day",6341,6341
Mahavir Harina Vanasthali National Park,Ranga Reddy,Wildlife/National Park,2025,February,Winter,Maha Shivaratri,4606,4606
Mahavir Harina Vanasthali National Park,Ranga Reddy,Wildlife/National Park,2025,March,Summer,"Holi, Ugadi, Eid-ul-Fitr",3374,3374
Mahavir Harina Vanasthali National Park,Ranga Reddy,Wildlife/National Park,2025,April,Summer,"Sri Rama Navami, Ambedkar Jayanti",3421,3421
Mahavir Harina Vanasthali National Park,Ranga Reddy,Wildlife/National Park,2025,May,Summer,May Day,5841,5841
Mahavir Harina Vanasthali National Park,Ranga Reddy,Wildlife/National Park,2025,June,Monsoon,"Bakrid/Eid-ul-Adha, Telangana Formation Day",2733,2733
Mahavir Harina Vanasthali National Park,Ranga Reddy,Wildlife/National Park,2025,July,Monsoon,Bonalu,2591,2591
Mahavir Harina Vanasthali National Park,Ranga Reddy,Wildlife/National Park,2025,August,Monsoon,"Krishna Ashtami, Vinayaka Chavithi, Independence Day",2483,2483
Mahavir Harina Vanasthali National Park,Ranga Reddy,Wildlife/National Park,2025,September,Monsoon,Bathukamma (Engili Pula to Saddula),2594,2594
Mahavir Harina Vanasthali National Park,Ranga Reddy,Wildlife/National Park,2025,October,Post-Monsoon,"Vijaya Dasami/Dussehra, Diwali/Deepavali",4108,4108
Mahavir Harina Vanasthali National Park,Ranga Reddy,Wildlife/National Park,2025,November,Post-Monsoon,No Major Festival / Public Holiday,4001,4001
Mahavir Harina Vanasthali National Park,Ranga Reddy,Wildlife/National Park,2025,December,Winter,Christmas,6307,6307
Maheshwaram Pyramid Temple,Ranga Reddy,Temple,2024,January,Winter,"Bhogi, Sankranti/Pongal, New Year's Day, Republic Day",17405,17405
Maheshwaram Pyramid Temple,Ranga Reddy,Temple,2024,February,Winter,No Major Festival / Public Holiday,9664,9664
Maheshwaram Pyramid Temple,Ranga Reddy,Temple,2024,March,Summer,"Maha Shivaratri, Holi",7387,7387
Maheshwaram Pyramid Temple,Ranga Reddy,Temple,2024,April,Summer,"Ugadi, Sri Rama Navami, Eid-ul-Fitr, Ambedkar Jayanti",7763,7763
Maheshwaram Pyramid Temple,Ranga Reddy,Temple,2024,May,Summer,May Day,6920,6920
Maheshwaram Pyramid Temple,Ranga Reddy,Temple,2024,June,Monsoon,"Bakrid/Eid-ul-Adha, Telangana Formation Day",4611,4611
Maheshwaram Pyramid Temple,Ranga Reddy,Temple,2024,July,Monsoon,Bonalu,4366,4366
Maheshwaram Pyramid Temple,Ranga Reddy,Temple,2024,August,Monsoon,"Raksha Bandhan, Krishna Janmashtami, Independence Day",4471,4471
Maheshwaram Pyramid Temple,Ranga Reddy,Temple,2024,September,Monsoon,"Ganesh Chaturthi, Engili Pula Bathukamma (start)",4296,4296
Maheshwaram Pyramid Temple,Ranga Reddy,Temple,2024,October,Post-Monsoon,"Bathukamma (Saddula Bathukamma), Dussehra/Vijayadashami",16641,16641
Maheshwaram Pyramid Temple,Ranga Reddy,Temple,2024,November,Post-Monsoon,Diwali/Deepavali,6486,6486
Maheshwaram Pyramid Temple,Ranga Reddy,Temple,2024,December,Winter,Christmas,7085,7085
Maheshwaram Pyramid Temple,Ranga Reddy,Temple,2025,January,Winter,"Bhogi, Sankranti/Pongal, New Year's Day, Republic Day",17445,17445
Maheshwaram Pyramid Temple,Ranga Reddy,Temple,2025,February,Winter,Maha Shivaratri,7268,7268
Maheshwaram Pyramid Temple,Ranga Reddy,Temple,2025,March,Summer,"Holi, Ugadi, Eid-ul-Fitr",7555,7555
Maheshwaram Pyramid Temple,Ranga Reddy,Temple,2025,April,Summer,"Sri Rama Navami, Ambedkar Jayanti",5931,5931
Maheshwaram Pyramid Temple,Ranga Reddy,Temple,2025,May,Summer,May Day,6941,6941
Maheshwaram Pyramid Temple,Ranga Reddy,Temple,2025,June,Monsoon,"Bakrid/Eid-ul-Adha, Telangana Formation Day",4312,4312
Maheshwaram Pyramid Temple,Ranga Reddy,Temple,2025,July,Monsoon,Bonalu,4623,4623
Maheshwaram Pyramid Temple,Ranga Reddy,Temple,2025,August,Monsoon,"Krishna Ashtami, Vinayaka Chavithi, Independence Day",4554,4554
Maheshwaram Pyramid Temple,Ranga Reddy,Temple,2025,September,Monsoon,Bathukamma (Engili Pula to Saddula),4624,4624
Maheshwaram Pyramid Temple,Ranga Reddy,Temple,2025,October,Post-Monsoon,"Vijaya Dasami/Dussehra, Diwali/Deepavali",17808,17808
Maheshwaram Pyramid Temple,Ranga Reddy,Temple,2025,November,Post-Monsoon,No Major Festival / Public Holiday,9481,9481
Maheshwaram Pyramid Temple,Ranga Reddy,Temple,2025,December,Winter,Christmas,7566,7566
Mallaram Forest,Nizamabad,Other/Cultural Site,2024,January,Winter,"Bhogi, Sankranti/Pongal, New Year's Day, Republic Day",456,456
Mallaram Forest,Nizamabad,Other/Cultural Site,2024,February,Winter,No Major Festival / Public Holiday,415,415
Mallaram Forest,Nizamabad,Other/Cultural Site,2024,March,Summer,"Maha Shivaratri, Holi",343,343
Mallaram Forest,Nizamabad,Other/Cultural Site,2024,April,Summer,"Ugadi, Sri Rama Navami, Eid-ul-Fitr, Ambedkar Jayanti",346,346
Mallaram Forest,Nizamabad,Other/Cultural Site,2024,May,Summer,May Day,387,387
Mallaram Forest,Nizamabad,Other/Cultural Site,2024,June,Monsoon,"Bakrid/Eid-ul-Adha, Telangana Formation Day",260,260
Mallaram Forest,Nizamabad,Other/Cultural Site,2024,July,Monsoon,Bonalu,251,251
Mallaram Forest,Nizamabad,Other/Cultural Site,2024,August,Monsoon,"Raksha Bandhan, Krishna Janmashtami, Independence Day",269,269
Mallaram Forest,Nizamabad,Other/Cultural Site,2024,September,Monsoon,"Ganesh Chaturthi, Engili Pula Bathukamma (start)",263,263
Mallaram Forest,Nizamabad,Other/Cultural Site,2024,October,Post-Monsoon,"Bathukamma (Saddula Bathukamma), Dussehra/Vijayadashami",409,409
Mallaram Forest,Nizamabad,Other/Cultural Site,2024,November,Post-Monsoon,Diwali/Deepavali,387,387
Mallaram Forest,Nizamabad,Other/Cultural Site,2024,December,Winter,Christmas,422,422
Mallaram Forest,Nizamabad,Other/Cultural Site,2025,January,Winter,"Bhogi, Sankranti/Pongal, New Year's Day, Republic Day",413,413
Mallaram Forest,Nizamabad,Other/Cultural Site,2025,February,Winter,Maha Shivaratri,428,428
Mallaram Forest,Nizamabad,Other/Cultural Site,2025,March,Summer,"Holi, Ugadi, Eid-ul-Fitr",334,334
Mallaram Forest,Nizamabad,Other/Cultural Site,2025,April,Summer,"Sri Rama Navami, Ambedkar Jayanti",346,346
Mallaram Forest,Nizamabad,Other/Cultural Site,2025,May,Summer,May Day,410,410
Mallaram Forest,Nizamabad,Other/Cultural Site,2025,June,Monsoon,"Bakrid/Eid-ul-Adha, Telangana Formation Day",260,260
Mallaram Forest,Nizamabad,Other/Cultural Site,2025,July,Monsoon,Bonalu,276,276
Mallaram Forest,Nizamabad,Other/Cultural Site,2025,August,Monsoon,"Krishna Ashtami, Vinayaka Chavithi, Independence Day",269,269
Mallaram Forest,Nizamabad,Other/Cultural Site,2025,September,Monsoon,Bathukamma (Engili Pula to Saddula),276,276
Mallaram Forest,Nizamabad,Other/Cultural Site,2025,October,Post-Monsoon,"Vijaya Dasami/Dussehra, Diwali/Deepavali",403,403
Mallaram Forest,Nizamabad,Other/Cultural Site,2025,November,Post-Monsoon,No Major Festival / Public Holiday,390,390
Mallaram Forest,Nizamabad,Other/Cultural Site,2025,December,Winter,Christmas,414,414
Mallela Theertham Waterfalls,Nagarkurnool,Waterfall,2024,January,Winter,"Bhogi, Sankranti/Pongal, New Year's Day, Republic Day",6446,6446
Mallela Theertham Waterfalls,Nagarkurnool,Waterfall,2024,February,Winter,No Major Festival / Public Holiday,6318,6318
Mallela Theertham Waterfalls,Nagarkurnool,Waterfall,2024,March,Summer,"Maha Shivaratri, Holi",1143,1143
Mallela Theertham Waterfalls,Nagarkurnool,Waterfall,2024,April,Summer,"Ugadi, Sri Rama Navami, Eid-ul-Fitr, Ambedkar Jayanti",1211,1211
Mallela Theertham Waterfalls,Nagarkurnool,Waterfall,2024,May,Summer,May Day,1458,1458
Mallela Theertham Waterfalls,Nagarkurnool,Waterfall,2024,June,Monsoon,"Bakrid/Eid-ul-Adha, Telangana Formation Day",13286,13286
Mallela Theertham Waterfalls,Nagarkurnool,Waterfall,2024,July,Monsoon,Bonalu,13108,13108
Mallela Theertham Waterfalls,Nagarkurnool,Waterfall,2024,August,Monsoon,"Raksha Bandhan, Krishna Janmashtami, Independence Day",13170,13170
Mallela Theertham Waterfalls,Nagarkurnool,Waterfall,2024,September,Monsoon,"Ganesh Chaturthi, Engili Pula Bathukamma (start)",12864,12864
Mallela Theertham Waterfalls,Nagarkurnool,Waterfall,2024,October,Post-Monsoon,"Bathukamma (Saddula Bathukamma), Dussehra/Vijayadashami",20171,20171
Mallela Theertham Waterfalls,Nagarkurnool,Waterfall,2024,November,Post-Monsoon,Diwali/Deepavali,19394,19394
Mallela Theertham Waterfalls,Nagarkurnool,Waterfall,2024,December,Winter,Christmas,6478,6478
Mallela Theertham Waterfalls,Nagarkurnool,Waterfall,2025,January,Winter,"Bhogi, Sankranti/Pongal, New Year's Day, Republic Day",6014,6014
Mallela Theertham Waterfalls,Nagarkurnool,Waterfall,2025,February,Winter,Maha Shivaratri,5938,5938
Mallela Theertham Waterfalls,Nagarkurnool,Waterfall,2025,March,Summer,"Holi, Ugadi, Eid-ul-Fitr",1178,1178
Mallela Theertham Waterfalls,Nagarkurnool,Waterfall,2025,April,Summer,"Sri Rama Navami, Ambedkar Jayanti",1210,1210
Mallela Theertham Waterfalls,Nagarkurnool,Waterfall,2025,May,Summer,May Day,1426,1426
Mallela Theertham Waterfalls,Nagarkurnool,Waterfall,2025,June,Monsoon,"Bakrid/Eid-ul-Adha, Telangana Formation Day",12773,12773
Mallela Theertham Waterfalls,Nagarkurnool,Waterfall,2025,July,Monsoon,Bonalu,13216,13216
Mallela Theertham Waterfalls,Nagarkurnool,Waterfall,2025,August,Monsoon,"Krishna Ashtami, Vinayaka Chavithi, Independence Day",12884,12884
Mallela Theertham Waterfalls,Nagarkurnool,Waterfall,2025,September,Monsoon,Bathukamma (Engili Pula to Saddula),13806,13806
Mallela Theertham Waterfalls,Nagarkurnool,Waterfall,2025,October,Post-Monsoon,"Vijaya Dasami/Dussehra, Diwali/Deepavali",21145,21145
Mallela Theertham Waterfalls,Nagarkurnool,Waterfall,2025,November,Post-Monsoon,No Major Festival / Public Holiday,20130,20130
Mallela Theertham Waterfalls,Nagarkurnool,Waterfall,2025,December,Winter,Christmas,6120,6120
Mallikarjuna Swamy Temple - Inavolu,Hanumakonda,Temple,2024,January,Winter,"Bhogi, Sankranti/Pongal, New Year's Day, Republic Day",16726,16726
Mallikarjuna Swamy Temple - Inavolu,Hanumakonda,Temple,2024,February,Winter,No Major Festival / Public Holiday,9441,9441
Mallikarjuna Swamy Temple - Inavolu,Hanumakonda,Temple,2024,March,Summer,"Maha Shivaratri, Holi",22754,22754
Mallikarjuna Swamy Temple - Inavolu,Hanumakonda,Temple,2024,April,Summer,"Ugadi, Sri Rama Navami, Eid-ul-Fitr, Ambedkar Jayanti",7346,7346
Mallikarjuna Swamy Temple - Inavolu,Hanumakonda,Temple,2024,May,Summer,May Day,6548,6548
Mallikarjuna Swamy Temple - Inavolu,Hanumakonda,Temple,2024,June,Monsoon,"Bakrid/Eid-ul-Adha, Telangana Formation Day",4287,4287
Mallikarjuna Swamy Temple - Inavolu,Hanumakonda,Temple,2024,July,Monsoon,Bonalu,4682,4682
Mallikarjuna Swamy Temple - Inavolu,Hanumakonda,Temple,2024,August,Monsoon,"Raksha Bandhan, Krishna Janmashtami, Independence Day",4359,4359
Mallikarjuna Swamy Temple - Inavolu,Hanumakonda,Temple,2024,September,Monsoon,"Ganesh Chaturthi, Engili Pula Bathukamma (start)",4335,4335
Mallikarjuna Swamy Temple - Inavolu,Hanumakonda,Temple,2024,October,Post-Monsoon,"Bathukamma (Saddula Bathukamma), Dussehra/Vijayadashami",17260,17260
Mallikarjuna Swamy Temple - Inavolu,Hanumakonda,Temple,2024,November,Post-Monsoon,Diwali/Deepavali,7122,7122
Mallikarjuna Swamy Temple - Inavolu,Hanumakonda,Temple,2024,December,Winter,Christmas,7105,7105
Mallikarjuna Swamy Temple - Inavolu,Hanumakonda,Temple,2025,January,Winter,"Bhogi, Sankranti/Pongal, New Year's Day, Republic Day",16652,16652
Mallikarjuna Swamy Temple - Inavolu,Hanumakonda,Temple,2025,February,Winter,Maha Shivaratri,28629,28629
Mallikarjuna Swamy Temple - Inavolu,Hanumakonda,Temple,2025,March,Summer,"Holi, Ugadi, Eid-ul-Fitr",6997,6997
Mallikarjuna Swamy Temple - Inavolu,Hanumakonda,Temple,2025,April,Summer,"Sri Rama Navami, Ambedkar Jayanti",5394,5394
Mallikarjuna Swamy Temple - Inavolu,Hanumakonda,Temple,2025,May,Summer,May Day,7176,7176
Mallikarjuna Swamy Temple - Inavolu,Hanumakonda,Temple,2025,June,Monsoon,"Bakrid/Eid-ul-Adha, Telangana Formation Day",4293,4293
Mallikarjuna Swamy Temple - Inavolu,Hanumakonda,Temple,2025,July,Monsoon,Bonalu,4254,4254
Mallikarjuna Swamy Temple - Inavolu,Hanumakonda,Temple,2025,August,Monsoon,"Krishna Ashtami, Vinayaka Chavithi, Independence Day",4466,4466
Mallikarjuna Swamy Temple - Inavolu,Hanumakonda,Temple,2025,September,Monsoon,Bathukamma (Engili Pula to Saddula),4685,4685
Mallikarjuna Swamy Temple - Inavolu,Hanumakonda,Temple,2025,October,Post-Monsoon,"Vijaya Dasami/Dussehra, Diwali/Deepavali",16758,16758
Mallikarjuna Swamy Temple - Inavolu,Hanumakonda,Temple,2025,November,Post-Monsoon,No Major Festival / Public Holiday,8885,8885
Mallikarjuna Swamy Temple - Inavolu,Hanumakonda,Temple,2025,December,Winter,Christmas,7085,7085
Manjeera Crocodile Wildlife Sanctuary,Sangareddy,Wildlife/National Park,2024,January,Winter,"Bhogi, Sankranti/Pongal, New Year's Day, Republic Day",6199,6199
Manjeera Crocodile Wildlife Sanctuary,Sangareddy,Wildlife/National Park,2024,February,Winter,No Major Festival / Public Holiday,4480,4480
Manjeera Crocodile Wildlife Sanctuary,Sangareddy,Wildlife/National Park,2024,March,Summer,"Maha Shivaratri, Holi",3239,3239
Manjeera Crocodile Wildlife Sanctuary,Sangareddy,Wildlife/National Park,2024,April,Summer,"Ugadi, Sri Rama Navami, Eid-ul-Fitr, Ambedkar Jayanti",3377,3377
Manjeera Crocodile Wildlife Sanctuary,Sangareddy,Wildlife/National Park,2024,May,Summer,May Day,5605,5605
Manjeera Crocodile Wildlife Sanctuary,Sangareddy,Wildlife/National Park,2024,June,Monsoon,"Bakrid/Eid-ul-Adha, Telangana Formation Day",2619,2619
Manjeera Crocodile Wildlife Sanctuary,Sangareddy,Wildlife/National Park,2024,July,Monsoon,Bonalu,2706,2706
Manjeera Crocodile Wildlife Sanctuary,Sangareddy,Wildlife/National Park,2024,August,Monsoon,"Raksha Bandhan, Krishna Janmashtami, Independence Day",2556,2556
Manjeera Crocodile Wildlife Sanctuary,Sangareddy,Wildlife/National Park,2024,September,Monsoon,"Ganesh Chaturthi, Engili Pula Bathukamma (start)",2567,2567
Manjeera Crocodile Wildlife Sanctuary,Sangareddy,Wildlife/National Park,2024,October,Post-Monsoon,"Bathukamma (Saddula Bathukamma), Dussehra/Vijayadashami",4230,4230
Manjeera Crocodile Wildlife Sanctuary,Sangareddy,Wildlife/National Park,2024,November,Post-Monsoon,Diwali/Deepavali,3810,3810
Manjeera Crocodile Wildlife Sanctuary,Sangareddy,Wildlife/National Park,2024,December,Winter,Christmas,6114,6114
Manjeera Crocodile Wildlife Sanctuary,Sangareddy,Wildlife/National Park,2025,January,Winter,"Bhogi, Sankranti/Pongal, New Year's Day, Republic Day",6428,6428
Manjeera Crocodile Wildlife Sanctuary,Sangareddy,Wildlife/National Park,2025,February,Winter,Maha Shivaratri,4432,4432
Manjeera Crocodile Wildlife Sanctuary,Sangareddy,Wildlife/National Park,2025,March,Summer,"Holi, Ugadi, Eid-ul-Fitr",3343,3343
Manjeera Crocodile Wildlife Sanctuary,Sangareddy,Wildlife/National Park,2025,April,Summer,"Sri Rama Navami, Ambedkar Jayanti",3225,3225
Manjeera Crocodile Wildlife Sanctuary,Sangareddy,Wildlife/National Park,2025,May,Summer,May Day,5529,5529
Manjeera Crocodile Wildlife Sanctuary,Sangareddy,Wildlife/National Park,2025,June,Monsoon,"Bakrid/Eid-ul-Adha, Telangana Formation Day",2735,2735
Manjeera Crocodile Wildlife Sanctuary,Sangareddy,Wildlife/National Park,2025,July,Monsoon,Bonalu,2643,2643
Manjeera Crocodile Wildlife Sanctuary,Sangareddy,Wildlife/National Park,2025,August,Monsoon,"Krishna Ashtami, Vinayaka Chavithi, Independence Day",2629,2629
Manjeera Crocodile Wildlife Sanctuary,Sangareddy,Wildlife/National Park,2025,September,Monsoon,Bathukamma (Engili Pula to Saddula),2498,2498
Manjeera Crocodile Wildlife Sanctuary,Sangareddy,Wildlife/National Park,2025,October,Post-Monsoon,"Vijaya Dasami/Dussehra, Diwali/Deepavali",3791,3791
Manjeera Crocodile Wildlife Sanctuary,Sangareddy,Wildlife/National Park,2025,November,Post-Monsoon,No Major Festival / Public Holiday,4248,4248
Manjeera Crocodile Wildlife Sanctuary,Sangareddy,Wildlife/National Park,2025,December,Winter,Christmas,6034,6034
Manjira Dam,Sangareddy,Dam/Barrage,2024,January,Winter,"Bhogi, Sankranti/Pongal, New Year's Day, Republic Day",507,507
Manjira Dam,Sangareddy,Dam/Barrage,2024,February,Winter,No Major Festival / Public Holiday,477,477
Manjira Dam,Sangareddy,Dam/Barrage,2024,March,Summer,"Maha Shivaratri, Holi",371,371
Manjira Dam,Sangareddy,Dam/Barrage,2024,April,Summer,"Ugadi, Sri Rama Navami, Eid-ul-Fitr, Ambedkar Jayanti",366,366
Manjira Dam,Sangareddy,Dam/Barrage,2024,May,Summer,May Day,482,482
Manjira Dam,Sangareddy,Dam/Barrage,2024,June,Monsoon,"Bakrid/Eid-ul-Adha, Telangana Formation Day",309,309
Manjira Dam,Sangareddy,Dam/Barrage,2024,July,Monsoon,Bonalu,306,306
Manjira Dam,Sangareddy,Dam/Barrage,2024,August,Monsoon,"Raksha Bandhan, Krishna Janmashtami, Independence Day",292,292
Manjira Dam,Sangareddy,Dam/Barrage,2024,September,Monsoon,"Ganesh Chaturthi, Engili Pula Bathukamma (start)",288,288
Manjira Dam,Sangareddy,Dam/Barrage,2024,October,Post-Monsoon,"Bathukamma (Saddula Bathukamma), Dussehra/Vijayadashami",474,474
Manjira Dam,Sangareddy,Dam/Barrage,2024,November,Post-Monsoon,Diwali/Deepavali,458,458
Manjira Dam,Sangareddy,Dam/Barrage,2024,December,Winter,Christmas,483,483
Manjira Dam,Sangareddy,Dam/Barrage,2025,January,Winter,"Bhogi, Sankranti/Pongal, New Year's Day, Republic Day",506,506
Manjira Dam,Sangareddy,Dam/Barrage,2025,February,Winter,Maha Shivaratri,472,472
Manjira Dam,Sangareddy,Dam/Barrage,2025,March,Summer,"Holi, Ugadi, Eid-ul-Fitr",372,372
Manjira Dam,Sangareddy,Dam/Barrage,2025,April,Summer,"Sri Rama Navami, Ambedkar Jayanti",378,378
Manjira Dam,Sangareddy,Dam/Barrage,2025,May,Summer,May Day,440,440
Manjira Dam,Sangareddy,Dam/Barrage,2025,June,Monsoon,"Bakrid/Eid-ul-Adha, Telangana Formation Day",317,317
Manjira Dam,Sangareddy,Dam/Barrage,2025,July,Monsoon,Bonalu,289,289
Manjira Dam,Sangareddy,Dam/Barrage,2025,August,Monsoon,"Krishna Ashtami, Vinayaka Chavithi, Independence Day",286,286
Manjira Dam,Sangareddy,Dam/Barrage,2025,September,Monsoon,Bathukamma (Engili Pula to Saddula),289,289
Manjira Dam,Sangareddy,Dam/Barrage,2025,October,Post-Monsoon,"Vijaya Dasami/Dussehra, Diwali/Deepavali",474,474
Manjira Dam,Sangareddy,Dam/Barrage,2025,November,Post-Monsoon,No Major Festival / Public Holiday,455,455
Manjira Dam,Sangareddy,Dam/Barrage,2025,December,Winter,Christmas,503,503
Manyamkonda Temple,Mahabubnagar,Temple,2024,January,Winter,"Bhogi, Sankranti/Pongal, New Year's Day, Republic Day",16997,16997
Manyamkonda Temple,Mahabubnagar,Temple,2024,February,Winter,No Major Festival / Public Holiday,10266,10266
Manyamkonda Temple,Mahabubnagar,Temple,2024,March,Summer,"Maha Shivaratri, Holi",7567,7567
Manyamkonda Temple,Mahabubnagar,Temple,2024,April,Summer,"Ugadi, Sri Rama Navami, Eid-ul-Fitr, Ambedkar Jayanti",7288,7288
Manyamkonda Temple,Mahabubnagar,Temple,2024,May,Summer,May Day,7262,7262
Manyamkonda Temple,Mahabubnagar,Temple,2024,June,Monsoon,"Bakrid/Eid-ul-Adha, Telangana Formation Day",4378,4378
Manyamkonda Temple,Mahabubnagar,Temple,2024,July,Monsoon,Bonalu,4409,4409
Manyamkonda Temple,Mahabubnagar,Temple,2024,August,Monsoon,"Raksha Bandhan, Krishna Janmashtami, Independence Day",4608,4608
Manyamkonda Temple,Mahabubnagar,Temple,2024,September,Monsoon,"Ganesh Chaturthi, Engili Pula Bathukamma (start)",4643,4643
Manyamkonda Temple,Mahabubnagar,Temple,2024,October,Post-Monsoon,"Bathukamma (Saddula Bathukamma), Dussehra/Vijayadashami",18138,18138
Manyamkonda Temple,Mahabubnagar,Temple,2024,November,Post-Monsoon,Diwali/Deepavali,6655,6655
Manyamkonda Temple,Mahabubnagar,Temple,2024,December,Winter,Christmas,7768,7768
Manyamkonda Temple,Mahabubnagar,Temple,2025,January,Winter,"Bhogi, Sankranti/Pongal, New Year's Day, Republic Day",16972,16972
Manyamkonda Temple,Mahabubnagar,Temple,2025,February,Winter,Maha Shivaratri,7107,7107
Manyamkonda Temple,Mahabubnagar,Temple,2025,March,Summer,"Holi, Ugadi, Eid-ul-Fitr",7309,7309
Manyamkonda Temple,Mahabubnagar,Temple,2025,April,Summer,"Sri Rama Navami, Ambedkar Jayanti",5551,5551
Manyamkonda Temple,Mahabubnagar,Temple,2025,May,Summer,May Day,6738,6738
Manyamkonda Temple,Mahabubnagar,Temple,2025,June,Monsoon,"Bakrid/Eid-ul-Adha, Telangana Formation Day",4760,4760
Manyamkonda Temple,Mahabubnagar,Temple,2025,July,Monsoon,Bonalu,4577,4577
Manyamkonda Temple,Mahabubnagar,Temple,2025,August,Monsoon,"Krishna Ashtami, Vinayaka Chavithi, Independence Day",4617,4617
Manyamkonda Temple,Mahabubnagar,Temple,2025,September,Monsoon,Bathukamma (Engili Pula to Saddula),4757,4757
Manyamkonda Temple,Mahabubnagar,Temple,2025,October,Post-Monsoon,"Vijaya Dasami/Dussehra, Diwali/Deepavali",16995,16995
Manyamkonda Temple,Mahabubnagar,Temple,2025,November,Post-Monsoon,No Major Festival / Public Holiday,9294,9294
Manyamkonda Temple,Mahabubnagar,Temple,2025,December,Winter,Christmas,7441,7441
Maula Ali Dargah,Medchal-Malkajgiri,Temple,2024,January,Winter,"Bhogi, Sankranti/Pongal, New Year's Day, Republic Day",16103,16103
Maula Ali Dargah,Medchal-Malkajgiri,Temple,2024,February,Winter,No Major Festival / Public Holiday,9719,9719
Maula Ali Dargah,Medchal-Malkajgiri,Temple,2024,March,Summer,"Maha Shivaratri, Holi",7114,7114
Maula Ali Dargah,Medchal-Malkajgiri,Temple,2024,April,Summer,"Ugadi, Sri Rama Navami, Eid-ul-Fitr, Ambedkar Jayanti",7280,7280
Maula Ali Dargah,Medchal-Malkajgiri,Temple,2024,May,Summer,May Day,6817,6817
Maula Ali Dargah,Medchal-Malkajgiri,Temple,2024,June,Monsoon,"Bakrid/Eid-ul-Adha, Telangana Formation Day",4260,4260
Maula Ali Dargah,Medchal-Malkajgiri,Temple,2024,July,Monsoon,Bonalu,4544,4544
Maula Ali Dargah,Medchal-Malkajgiri,Temple,2024,August,Monsoon,"Raksha Bandhan, Krishna Janmashtami, Independence Day",4707,4707
Maula Ali Dargah,Medchal-Malkajgiri,Temple,2024,September,Monsoon,"Ganesh Chaturthi, Engili Pula Bathukamma (start)",4311,4311
Maula Ali Dargah,Medchal-Malkajgiri,Temple,2024,October,Post-Monsoon,"Bathukamma (Saddula Bathukamma), Dussehra/Vijayadashami",17452,17452
Maula Ali Dargah,Medchal-Malkajgiri,Temple,2024,November,Post-Monsoon,Diwali/Deepavali,7036,7036
Maula Ali Dargah,Medchal-Malkajgiri,Temple,2024,December,Winter,Christmas,7427,7427
Maula Ali Dargah,Medchal-Malkajgiri,Temple,2025,January,Winter,"Bhogi, Sankranti/Pongal, New Year's Day, Republic Day",16898,16898
Maula Ali Dargah,Medchal-Malkajgiri,Temple,2025,February,Winter,Maha Shivaratri,7419,7419
Maula Ali Dargah,Medchal-Malkajgiri,Temple,2025,March,Summer,"Holi, Ugadi, Eid-ul-Fitr",7414,7414
Maula Ali Dargah,Medchal-Malkajgiri,Temple,2025,April,Summer,"Sri Rama Navami, Ambedkar Jayanti",5363,5363
Maula Ali Dargah,Medchal-Malkajgiri,Temple,2025,May,Summer,May Day,7058,7058
Maula Ali Dargah,Medchal-Malkajgiri,Temple,2025,June,Monsoon,"Bakrid/Eid-ul-Adha, Telangana Formation Day",4587,4587
Maula Ali Dargah,Medchal-Malkajgiri,Temple,2025,July,Monsoon,Bonalu,4250,4250
Maula Ali Dargah,Medchal-Malkajgiri,Temple,2025,August,Monsoon,"Krishna Ashtami, Vinayaka Chavithi, Independence Day",4428,4428
Maula Ali Dargah,Medchal-Malkajgiri,Temple,2025,September,Monsoon,Bathukamma (Engili Pula to Saddula),4758,4758
Maula Ali Dargah,Medchal-Malkajgiri,Temple,2025,October,Post-Monsoon,"Vijaya Dasami/Dussehra, Diwali/Deepavali",17085,17085
Maula Ali Dargah,Medchal-Malkajgiri,Temple,2025,November,Post-Monsoon,No Major Festival / Public Holiday,8972,8972
Maula Ali Dargah,Medchal-Malkajgiri,Temple,2025,December,Winter,Christmas,7868,7868
Mecca Masjid,Hyderabad,Temple,2024,January,Winter,"Bhogi, Sankranti/Pongal, New Year's Day, Republic Day",15646,15646
Mecca Masjid,Hyderabad,Temple,2024,February,Winter,No Major Festival / Public Holiday,9808,9808
Mecca Masjid,Hyderabad,Temple,2024,March,Summer,"Maha Shivaratri, Holi",7336,7336
Mecca Masjid,Hyderabad,Temple,2024,April,Summer,"Ugadi, Sri Rama Navami, Eid-ul-Fitr, Ambedkar Jayanti",7745,7745
Mecca Masjid,Hyderabad,Temple,2024,May,Summer,May Day,6654,6654
Mecca Masjid,Hyderabad,Temple,2024,June,Monsoon,"Bakrid/Eid-ul-Adha, Telangana Formation Day",4676,4676
Mecca Masjid,Hyderabad,Temple,2024,July,Monsoon,Bonalu,4531,4531
Mecca Masjid,Hyderabad,Temple,2024,August,Monsoon,"Raksha Bandhan, Krishna Janmashtami, Independence Day",4259,4259
Mecca Masjid,Hyderabad,Temple,2024,September,Monsoon,"Ganesh Chaturthi, Engili Pula Bathukamma (start)",4754,4754
Mecca Masjid,Hyderabad,Temple,2024,October,Post-Monsoon,"Bathukamma (Saddula Bathukamma), Dussehra/Vijayadashami",17276,17276
Mecca Masjid,Hyderabad,Temple,2024,November,Post-Monsoon,Diwali/Deepavali,6726,6726
Mecca Masjid,Hyderabad,Temple,2024,December,Winter,Christmas,7472,7472
Mecca Masjid,Hyderabad,Temple,2025,January,Winter,"Bhogi, Sankranti/Pongal, New Year's Day, Republic Day",17208,17208
Mecca Masjid,Hyderabad,Temple,2025,February,Winter,Maha Shivaratri,7324,7324
Mecca Masjid,Hyderabad,Temple,2025,March,Summer,"Holi, Ugadi, Eid-ul-Fitr",7136,7136
Mecca Masjid,Hyderabad,Temple,2025,April,Summer,"Sri Rama Navami, Ambedkar Jayanti",5446,5446
Mecca Masjid,Hyderabad,Temple,2025,May,Summer,May Day,6732,6732
Mecca Masjid,Hyderabad,Temple,2025,June,Monsoon,"Bakrid/Eid-ul-Adha, Telangana Formation Day",4651,4651
Mecca Masjid,Hyderabad,Temple,2025,July,Monsoon,Bonalu,4484,4484
Mecca Masjid,Hyderabad,Temple,2025,August,Monsoon,"Krishna Ashtami, Vinayaka Chavithi, Independence Day",4352,4352
Mecca Masjid,Hyderabad,Temple,2025,September,Monsoon,Bathukamma (Engili Pula to Saddula),4319,4319
Mecca Masjid,Hyderabad,Temple,2025,October,Post-Monsoon,"Vijaya Dasami/Dussehra, Diwali/Deepavali",16903,16903
Mecca Masjid,Hyderabad,Temple,2025,November,Post-Monsoon,No Major Festival / Public Holiday,9443,9443
Mecca Masjid,Hyderabad,Temple,2025,December,Winter,Christmas,7358,7358
Medak Church,Medak,Church/Cathedral,2024,January,Winter,"Bhogi, Sankranti/Pongal, New Year's Day, Republic Day",23618,23618
Medak Church,Medak,Church/Cathedral,2024,January,Winter,"Bhogi, Sankranti/Pongal, New Year's Day, Republic Day",23565,23565
Medak Church,Medak,Church/Cathedral,2024,February,Winter,No Major Festival / Public Holiday,25823,25823
Medak Church,Medak,Church/Cathedral,2024,February,Winter,No Major Festival / Public Holiday,23903,23903
Medak Church,Medak,Church/Cathedral,2024,March,Summer,"Maha Shivaratri, Holi",18926,18926
Medak Church,Medak,Church/Cathedral,2024,March,Summer,"Maha Shivaratri, Holi",19241,19241
Medak Church,Medak,Church/Cathedral,2024,April,Summer,"Ugadi, Sri Rama Navami, Eid-ul-Fitr, Ambedkar Jayanti",18836,18836
Medak Church,Medak,Church/Cathedral,2024,April,Summer,"Ugadi, Sri Rama Navami, Eid-ul-Fitr, Ambedkar Jayanti",17921,17921
Medak Church,Medak,Church/Cathedral,2024,May,Summer,May Day,23782,23782
Medak Church,Medak,Church/Cathedral,2024,May,Summer,May Day,21649,21649
Medak Church,Medak,Church/Cathedral,2024,June,Monsoon,"Bakrid/Eid-ul-Adha, Telangana Formation Day",15471,15471
Medak Church,Medak,Church/Cathedral,2024,June,Monsoon,"Bakrid/Eid-ul-Adha, Telangana Formation Day",15707,15707
Medak Church,Medak,Church/Cathedral,2024,July,Monsoon,Bonalu,14879,14879
Medak Church,Medak,Church/Cathedral,2024,July,Monsoon,Bonalu,15063,15063
Medak Church,Medak,Church/Cathedral,2024,August,Monsoon,"Raksha Bandhan, Krishna Janmashtami, Independence Day",14958,14958
Medak Church,Medak,Church/Cathedral,2024,August,Monsoon,"Raksha Bandhan, Krishna Janmashtami, Independence Day",14800,14800
Medak Church,Medak,Church/Cathedral,2024,September,Monsoon,"Ganesh Chaturthi, Engili Pula Bathukamma (start)",15697,15697
Medak Church,Medak,Church/Cathedral,2024,September,Monsoon,"Ganesh Chaturthi, Engili Pula Bathukamma (start)",15709,15709
Medak Church,Medak,Church/Cathedral,2024,October,Post-Monsoon,"Bathukamma (Saddula Bathukamma), Dussehra/Vijayadashami",22546,22546
Medak Church,Medak,Church/Cathedral,2024,October,Post-Monsoon,"Bathukamma (Saddula Bathukamma), Dussehra/Vijayadashami",23317,23317
Medak Church,Medak,Church/Cathedral,2024,November,Post-Monsoon,Diwali/Deepavali,24178,24178
Medak Church,Medak,Church/Cathedral,2024,November,Post-Monsoon,Diwali/Deepavali,24275,24275
Medak Church,Medak,Church/Cathedral,2024,December,Winter,Christmas,25026,25026
Medak Church,Medak,Church/Cathedral,2024,December,Winter,Christmas,24858,24858
Medak Church,Medak,Church/Cathedral,2025,January,Winter,"Bhogi, Sankranti/Pongal, New Year's Day, Republic Day",24336,24336
Medak Church,Medak,Church/Cathedral,2025,January,Winter,"Bhogi, Sankranti/Pongal, New Year's Day, Republic Day",26376,26376
Medak Church,Medak,Church/Cathedral,2025,February,Winter,Maha Shivaratri,23928,23928
Medak Church,Medak,Church/Cathedral,2025,February,Winter,Maha Shivaratri,25239,25239
Medak Church,Medak,Church/Cathedral,2025,March,Summer,"Holi, Ugadi, Eid-ul-Fitr",18504,18504
Medak Church,Medak,Church/Cathedral,2025,March,Summer,"Holi, Ugadi, Eid-ul-Fitr",18496,18496
Medak Church,Medak,Church/Cathedral,2025,April,Summer,"Sri Rama Navami, Ambedkar Jayanti",18783,18783
Medak Church,Medak,Church/Cathedral,2025,April,Summer,"Sri Rama Navami, Ambedkar Jayanti",20137,20137
Medak Church,Medak,Church/Cathedral,2025,May,Summer,May Day,21771,21771
Medak Church,Medak,Church/Cathedral,2025,May,Summer,May Day,23216,23216
Medak Church,Medak,Church/Cathedral,2025,June,Monsoon,"Bakrid/Eid-ul-Adha, Telangana Formation Day",14248,14248
Medak Church,Medak,Church/Cathedral,2025,June,Monsoon,"Bakrid/Eid-ul-Adha, Telangana Formation Day",14378,14378
Medak Church,Medak,Church/Cathedral,2025,July,Monsoon,Bonalu,14891,14891
Medak Church,Medak,Church/Cathedral,2025,July,Monsoon,Bonalu,15018,15018
Medak Church,Medak,Church/Cathedral,2025,August,Monsoon,"Krishna Ashtami, Vinayaka Chavithi, Independence Day",14565,14565
Medak Church,Medak,Church/Cathedral,2025,August,Monsoon,"Krishna Ashtami, Vinayaka Chavithi, Independence Day",14669,14669
Medak Church,Medak,Church/Cathedral,2025,September,Monsoon,Bathukamma (Engili Pula to Saddula),14256,14256
Medak Church,Medak,Church/Cathedral,2025,September,Monsoon,Bathukamma (Engili Pula to Saddula),14645,14645
Medak Church,Medak,Church/Cathedral,2025,October,Post-Monsoon,"Vijaya Dasami/Dussehra, Diwali/Deepavali",24287,24287
Medak Church,Medak,Church/Cathedral,2025,October,Post-Monsoon,"Vijaya Dasami/Dussehra, Diwali/Deepavali",24227,24227
Medak Church,Medak,Church/Cathedral,2025,November,Post-Monsoon,No Major Festival / Public Holiday,22544,22544
Medak Church,Medak,Church/Cathedral,2025,November,Post-Monsoon,No Major Festival / Public Holiday,23195,23195
Medak Church,Medak,Church/Cathedral,2025,December,Winter,Christmas,26228,26228
Medak Church,Medak,Church/Cathedral,2025,December,Winter,Christmas,23518,23518
Medak Fort,Medak,Fort,2024,January,Winter,"Bhogi, Sankranti/Pongal, New Year's Day, Republic Day",8765,8765
Medak Fort,Medak,Fort,2024,February,Winter,No Major Festival / Public Holiday,6617,6617
Medak Fort,Medak,Fort,2024,March,Summer,"Maha Shivaratri, Holi",4813,4813
Medak Fort,Medak,Fort,2024,April,Summer,"Ugadi, Sri Rama Navami, Eid-ul-Fitr, Ambedkar Jayanti",4676,4676
Medak Fort,Medak,Fort,2024,May,Summer,May Day,5937,5937
Medak Fort,Medak,Fort,2024,June,Monsoon,"Bakrid/Eid-ul-Adha, Telangana Formation Day",3601,3601
Medak Fort,Medak,Fort,2024,July,Monsoon,Bonalu,3698,3698
Medak Fort,Medak,Fort,2024,August,Monsoon,"Raksha Bandhan, Krishna Janmashtami, Independence Day",3681,3681
Medak Fort,Medak,Fort,2024,September,Monsoon,"Ganesh Chaturthi, Engili Pula Bathukamma (start)",3719,3719
Medak Fort,Medak,Fort,2024,October,Post-Monsoon,"Bathukamma (Saddula Bathukamma), Dussehra/Vijayadashami",8322,8322
Medak Fort,Medak,Fort,2024,November,Post-Monsoon,Diwali/Deepavali,5739,5739
Medak Fort,Medak,Fort,2024,December,Winter,Christmas,9058,9058
Medak Fort,Medak,Fort,2025,January,Winter,"Bhogi, Sankranti/Pongal, New Year's Day, Republic Day",8830,8830
Medak Fort,Medak,Fort,2025,February,Winter,Maha Shivaratri,6131,6131
Medak Fort,Medak,Fort,2025,March,Summer,"Holi, Ugadi, Eid-ul-Fitr",4926,4926
Medak Fort,Medak,Fort,2025,April,Summer,"Sri Rama Navami, Ambedkar Jayanti",4600,4600
Medak Fort,Medak,Fort,2025,May,Summer,May Day,5559,5559
Medak Fort,Medak,Fort,2025,June,Monsoon,"Bakrid/Eid-ul-Adha, Telangana Formation Day",3752,3752
Medak Fort,Medak,Fort,2025,July,Monsoon,Bonalu,3642,3642
Medak Fort,Medak,Fort,2025,August,Monsoon,"Krishna Ashtami, Vinayaka Chavithi, Independence Day",3529,3529
Medak Fort,Medak,Fort,2025,September,Monsoon,Bathukamma (Engili Pula to Saddula),3816,3816
Medak Fort,Medak,Fort,2025,October,Post-Monsoon,"Vijaya Dasami/Dussehra, Diwali/Deepavali",8060,8060
Medak Fort,Medak,Fort,2025,November,Post-Monsoon,No Major Festival / Public Holiday,5712,5712
Medak Fort,Medak,Fort,2025,December,Winter,Christmas,9240,9240
Medaram,Mulugu,Other/Cultural Site,2024,January,Winter,"Bhogi, Sankranti/Pongal, New Year's Day, Republic Day",424,424
Medaram,Mulugu,Other/Cultural Site,2024,February,Winter,No Major Festival / Public Holiday,462,462
Medaram,Mulugu,Other/Cultural Site,2024,March,Summer,"Maha Shivaratri, Holi",350,350
Medaram,Mulugu,Other/Cultural Site,2024,April,Summer,"Ugadi, Sri Rama Navami, Eid-ul-Fitr, Ambedkar Jayanti",322,322
Medaram,Mulugu,Other/Cultural Site,2024,May,Summer,May Day,395,395
Medaram,Mulugu,Other/Cultural Site,2024,June,Monsoon,"Bakrid/Eid-ul-Adha, Telangana Formation Day",274,274
Medaram,Mulugu,Other/Cultural Site,2024,July,Monsoon,Bonalu,277,277
Medaram,Mulugu,Other/Cultural Site,2024,August,Monsoon,"Raksha Bandhan, Krishna Janmashtami, Independence Day",260,260
Medaram,Mulugu,Other/Cultural Site,2024,September,Monsoon,"Ganesh Chaturthi, Engili Pula Bathukamma (start)",256,256
Medaram,Mulugu,Other/Cultural Site,2024,October,Post-Monsoon,"Bathukamma (Saddula Bathukamma), Dussehra/Vijayadashami",403,403
Medaram,Mulugu,Other/Cultural Site,2024,November,Post-Monsoon,Diwali/Deepavali,411,411
Medaram,Mulugu,Other/Cultural Site,2024,December,Winter,Christmas,425,425
Medaram,Mulugu,Other/Cultural Site,2025,January,Winter,"Bhogi, Sankranti/Pongal, New Year's Day, Republic Day",449,449
Medaram,Mulugu,Other/Cultural Site,2025,February,Winter,Maha Shivaratri,413,413
Medaram,Mulugu,Other/Cultural Site,2025,March,Summer,"Holi, Ugadi, Eid-ul-Fitr",314,314
Medaram,Mulugu,Other/Cultural Site,2025,April,Summer,"Sri Rama Navami, Ambedkar Jayanti",327,327
Medaram,Mulugu,Other/Cultural Site,2025,May,Summer,May Day,395,395
Medaram,Mulugu,Other/Cultural Site,2025,June,Monsoon,"Bakrid/Eid-ul-Adha, Telangana Formation Day",256,256
Medaram,Mulugu,Other/Cultural Site,2025,July,Monsoon,Bonalu,262,262
Medaram,Mulugu,Other/Cultural Site,2025,August,Monsoon,"Krishna Ashtami, Vinayaka Chavithi, Independence Day",256,256
Medaram,Mulugu,Other/Cultural Site,2025,September,Monsoon,Bathukamma (Engili Pula to Saddula),252,252
Medaram,Mulugu,Other/Cultural Site,2025,October,Post-Monsoon,"Vijaya Dasami/Dussehra, Diwali/Deepavali",393,393
Medaram,Mulugu,Other/Cultural Site,2025,November,Post-Monsoon,No Major Festival / Public Holiday,425,425
Medaram,Mulugu,Other/Cultural Site,2025,December,Winter,Christmas,432,432
Medigadda Barrage Complex,Mancherial,Dam/Barrage,2024,January,Winter,"Bhogi, Sankranti/Pongal, New Year's Day, Republic Day",482,482
Medigadda Barrage Complex,Mancherial,Dam/Barrage,2024,February,Winter,No Major Festival / Public Holiday,520,520
Medigadda Barrage Complex,Mancherial,Dam/Barrage,2024,March,Summer,"Maha Shivaratri, Holi",358,358
Medigadda Barrage Complex,Mancherial,Dam/Barrage,2024,April,Summer,"Ugadi, Sri Rama Navami, Eid-ul-Fitr, Ambedkar Jayanti",395,395
Medigadda Barrage Complex,Mancherial,Dam/Barrage,2024,May,Summer,May Day,457,457
Medigadda Barrage Complex,Mancherial,Dam/Barrage,2024,June,Monsoon,"Bakrid/Eid-ul-Adha, Telangana Formation Day",289,289
Medigadda Barrage Complex,Mancherial,Dam/Barrage,2024,July,Monsoon,Bonalu,286,286
Medigadda Barrage Complex,Mancherial,Dam/Barrage,2024,August,Monsoon,"Raksha Bandhan, Krishna Janmashtami, Independence Day",316,316
Medigadda Barrage Complex,Mancherial,Dam/Barrage,2024,September,Monsoon,"Ganesh Chaturthi, Engili Pula Bathukamma (start)",284,284
Medigadda Barrage Complex,Mancherial,Dam/Barrage,2024,October,Post-Monsoon,"Bathukamma (Saddula Bathukamma), Dussehra/Vijayadashami",443,443
Medigadda Barrage Complex,Mancherial,Dam/Barrage,2024,November,Post-Monsoon,Diwali/Deepavali,451,451
Medigadda Barrage Complex,Mancherial,Dam/Barrage,2024,December,Winter,Christmas,507,507
Medigadda Barrage Complex,Mancherial,Dam/Barrage,2025,January,Winter,"Bhogi, Sankranti/Pongal, New Year's Day, Republic Day",502,502
Medigadda Barrage Complex,Mancherial,Dam/Barrage,2025,February,Winter,Maha Shivaratri,477,477
Medigadda Barrage Complex,Mancherial,Dam/Barrage,2025,March,Summer,"Holi, Ugadi, Eid-ul-Fitr",370,370
Medigadda Barrage Complex,Mancherial,Dam/Barrage,2025,April,Summer,"Sri Rama Navami, Ambedkar Jayanti",368,368
Medigadda Barrage Complex,Mancherial,Dam/Barrage,2025,May,Summer,May Day,444,444
Medigadda Barrage Complex,Mancherial,Dam/Barrage,2025,June,Monsoon,"Bakrid/Eid-ul-Adha, Telangana Formation Day",296,296
Medigadda Barrage Complex,Mancherial,Dam/Barrage,2025,July,Monsoon,Bonalu,307,307
Medigadda Barrage Complex,Mancherial,Dam/Barrage,2025,August,Monsoon,"Krishna Ashtami, Vinayaka Chavithi, Independence Day",289,289
Medigadda Barrage Complex,Mancherial,Dam/Barrage,2025,September,Monsoon,Bathukamma (Engili Pula to Saddula),295,295
Medigadda Barrage Complex,Mancherial,Dam/Barrage,2025,October,Post-Monsoon,"Vijaya Dasami/Dussehra, Diwali/Deepavali",453,453
Medigadda Barrage Complex,Mancherial,Dam/Barrage,2025,November,Post-Monsoon,No Major Festival / Public Holiday,486,486
Medigadda Barrage Complex,Mancherial,Dam/Barrage,2025,December,Winter,Christmas,527,527
Megalithic Burial Site,Hyderabad,Monument/Tomb,2024,January,Winter,"Bhogi, Sankranti/Pongal, New Year's Day, Republic Day",331,331
Megalithic Burial Site,Hyderabad,Monument/Tomb,2024,February,Winter,No Major Festival / Public Holiday,256,256
Megalithic Burial Site,Hyderabad,Monument/Tomb,2024,March,Summer,"Maha Shivaratri, Holi",178,178
Megalithic Burial Site,Hyderabad,Monument/Tomb,2024,April,Summer,"Ugadi, Sri Rama Navami, Eid-ul-Fitr, Ambedkar Jayanti",187,187
Megalithic Burial Site,Hyderabad,Monument/Tomb,2024,May,Summer,May Day,225,225
Megalithic Burial Site,Hyderabad,Monument/Tomb,2024,June,Monsoon,"Bakrid/Eid-ul-Adha, Telangana Formation Day",153,153
Megalithic Burial Site,Hyderabad,Monument/Tomb,2024,July,Monsoon,Bonalu,154,154
Megalithic Burial Site,Hyderabad,Monument/Tomb,2024,August,Monsoon,"Raksha Bandhan, Krishna Janmashtami, Independence Day",146,146
Megalithic Burial Site,Hyderabad,Monument/Tomb,2024,September,Monsoon,"Ganesh Chaturthi, Engili Pula Bathukamma (start)",155,155
Megalithic Burial Site,Hyderabad,Monument/Tomb,2024,October,Post-Monsoon,"Bathukamma (Saddula Bathukamma), Dussehra/Vijayadashami",314,314
Megalithic Burial Site,Hyderabad,Monument/Tomb,2024,November,Post-Monsoon,Diwali/Deepavali,228,228
Megalithic Burial Site,Hyderabad,Monument/Tomb,2024,December,Winter,Christmas,359,359
Megalithic Burial Site,Hyderabad,Monument/Tomb,2025,January,Winter,"Bhogi, Sankranti/Pongal, New Year's Day, Republic Day",358,358
Megalithic Burial Site,Hyderabad,Monument/Tomb,2025,February,Winter,Maha Shivaratri,264,264
Megalithic Burial Site,Hyderabad,Monument/Tomb,2025,March,Summer,"Holi, Ugadi, Eid-ul-Fitr",183,183
Megalithic Burial Site,Hyderabad,Monument/Tomb,2025,April,Summer,"Sri Rama Navami, Ambedkar Jayanti",193,193
Megalithic Burial Site,Hyderabad,Monument/Tomb,2025,May,Summer,May Day,233,233
Megalithic Burial Site,Hyderabad,Monument/Tomb,2025,June,Monsoon,"Bakrid/Eid-ul-Adha, Telangana Formation Day",157,157
Megalithic Burial Site,Hyderabad,Monument/Tomb,2025,July,Monsoon,Bonalu,143,143
Megalithic Burial Site,Hyderabad,Monument/Tomb,2025,August,Monsoon,"Krishna Ashtami, Vinayaka Chavithi, Independence Day",154,154
Megalithic Burial Site,Hyderabad,Monument/Tomb,2025,September,Monsoon,Bathukamma (Engili Pula to Saddula),151,151
Megalithic Burial Site,Hyderabad,Monument/Tomb,2025,October,Post-Monsoon,"Vijaya Dasami/Dussehra, Diwali/Deepavali",313,313
Megalithic Burial Site,Hyderabad,Monument/Tomb,2025,November,Post-Monsoon,No Major Festival / Public Holiday,229,229
Megalithic Burial Site,Hyderabad,Monument/Tomb,2025,December,Winter,Christmas,343,343
Mehboob Chowk Clock Tower,Hyderabad,Monument/Tomb,2024,January,Winter,"Bhogi, Sankranti/Pongal, New Year's Day, Republic Day",1019,1019
Mehboob Chowk Clock Tower,Hyderabad,Monument/Tomb,2024,February,Winter,No Major Festival / Public Holiday,746,746
Mehboob Chowk Clock Tower,Hyderabad,Monument/Tomb,2024,March,Summer,"Maha Shivaratri, Holi",544,544
Mehboob Chowk Clock Tower,Hyderabad,Monument/Tomb,2024,April,Summer,"Ugadi, Sri Rama Navami, Eid-ul-Fitr, Ambedkar Jayanti",599,599
Mehboob Chowk Clock Tower,Hyderabad,Monument/Tomb,2024,May,Summer,May Day,720,720
Mehboob Chowk Clock Tower,Hyderabad,Monument/Tomb,2024,June,Monsoon,"Bakrid/Eid-ul-Adha, Telangana Formation Day",461,461
Mehboob Chowk Clock Tower,Hyderabad,Monument/Tomb,2024,July,Monsoon,Bonalu,428,428
Mehboob Chowk Clock Tower,Hyderabad,Monument/Tomb,2024,August,Monsoon,"Raksha Bandhan, Krishna Janmashtami, Independence Day",464,464
Mehboob Chowk Clock Tower,Hyderabad,Monument/Tomb,2024,September,Monsoon,"Ganesh Chaturthi, Engili Pula Bathukamma (start)",466,466
Mehboob Chowk Clock Tower,Hyderabad,Monument/Tomb,2024,October,Post-Monsoon,"Bathukamma (Saddula Bathukamma), Dussehra/Vijayadashami",997,997
Mehboob Chowk Clock Tower,Hyderabad,Monument/Tomb,2024,November,Post-Monsoon,Diwali/Deepavali,658,658
Mehboob Chowk Clock Tower,Hyderabad,Monument/Tomb,2024,December,Winter,Christmas,1068,1068
Mehboob Chowk Clock Tower,Hyderabad,Monument/Tomb,2025,January,Winter,"Bhogi, Sankranti/Pongal, New Year's Day, Republic Day",1092,1092
Mehboob Chowk Clock Tower,Hyderabad,Monument/Tomb,2025,February,Winter,Maha Shivaratri,756,756
Mehboob Chowk Clock Tower,Hyderabad,Monument/Tomb,2025,March,Summer,"Holi, Ugadi, Eid-ul-Fitr",580,580
Mehboob Chowk Clock Tower,Hyderabad,Monument/Tomb,2025,April,Summer,"Sri Rama Navami, Ambedkar Jayanti",567,567
Mehboob Chowk Clock Tower,Hyderabad,Monument/Tomb,2025,May,Summer,May Day,692,692
Mehboob Chowk Clock Tower,Hyderabad,Monument/Tomb,2025,June,Monsoon,"Bakrid/Eid-ul-Adha, Telangana Formation Day",424,424
Mehboob Chowk Clock Tower,Hyderabad,Monument/Tomb,2025,July,Monsoon,Bonalu,457,457
Mehboob Chowk Clock Tower,Hyderabad,Monument/Tomb,2025,August,Monsoon,"Krishna Ashtami, Vinayaka Chavithi, Independence Day",427,427
Mehboob Chowk Clock Tower,Hyderabad,Monument/Tomb,2025,September,Monsoon,Bathukamma (Engili Pula to Saddula),446,446
Mehboob Chowk Clock Tower,Hyderabad,Monument/Tomb,2025,October,Post-Monsoon,"Vijaya Dasami/Dussehra, Diwali/Deepavali",941,941
Mehboob Chowk Clock Tower,Hyderabad,Monument/Tomb,2025,November,Post-Monsoon,No Major Festival / Public Holiday,693,693
Mehboob Chowk Clock Tower,Hyderabad,Monument/Tomb,2025,December,Winter,Christmas,1003,1003
Mellacheruvu Shambhu Lingeswara Temple,Suryapet,Temple,2024,January,Winter,"Bhogi, Sankranti/Pongal, New Year's Day, Republic Day",16749,16749
Mellacheruvu Shambhu Lingeswara Temple,Suryapet,Temple,2024,February,Winter,No Major Festival / Public Holiday,9253,9253
Mellacheruvu Shambhu Lingeswara Temple,Suryapet,Temple,2024,March,Summer,"Maha Shivaratri, Holi",7065,7065
Mellacheruvu Shambhu Lingeswara Temple,Suryapet,Temple,2024,April,Summer,"Ugadi, Sri Rama Navami, Eid-ul-Fitr, Ambedkar Jayanti",7009,7009
Mellacheruvu Shambhu Lingeswara Temple,Suryapet,Temple,2024,May,Summer,May Day,6699,6699
Mellacheruvu Shambhu Lingeswara Temple,Suryapet,Temple,2024,June,Monsoon,"Bakrid/Eid-ul-Adha, Telangana Formation Day",4303,4303
Mellacheruvu Shambhu Lingeswara Temple,Suryapet,Temple,2024,July,Monsoon,Bonalu,4370,4370
Mellacheruvu Shambhu Lingeswara Temple,Suryapet,Temple,2024,August,Monsoon,"Raksha Bandhan, Krishna Janmashtami, Independence Day",4437,4437
Mellacheruvu Shambhu Lingeswara Temple,Suryapet,Temple,2024,September,Monsoon,"Ganesh Chaturthi, Engili Pula Bathukamma (start)",4739,4739
Mellacheruvu Shambhu Lingeswara Temple,Suryapet,Temple,2024,October,Post-Monsoon,"Bathukamma (Saddula Bathukamma), Dussehra/Vijayadashami",17478,17478
Mellacheruvu Shambhu Lingeswara Temple,Suryapet,Temple,2024,November,Post-Monsoon,Diwali/Deepavali,7177,7177
Mellacheruvu Shambhu Lingeswara Temple,Suryapet,Temple,2024,December,Winter,Christmas,7689,7689
Mellacheruvu Shambhu Lingeswara Temple,Suryapet,Temple,2025,January,Winter,"Bhogi, Sankranti/Pongal, New Year's Day, Republic Day",15732,15732
Mellacheruvu Shambhu Lingeswara Temple,Suryapet,Temple,2025,February,Winter,Maha Shivaratri,7712,7712
Mellacheruvu Shambhu Lingeswara Temple,Suryapet,Temple,2025,March,Summer,"Holi, Ugadi, Eid-ul-Fitr",7210,7210
Mellacheruvu Shambhu Lingeswara Temple,Suryapet,Temple,2025,April,Summer,"Sri Rama Navami, Ambedkar Jayanti",5795,5795
Mellacheruvu Shambhu Lingeswara Temple,Suryapet,Temple,2025,May,Summer,May Day,6768,6768
Mellacheruvu Shambhu Lingeswara Temple,Suryapet,Temple,2025,June,Monsoon,"Bakrid/Eid-ul-Adha, Telangana Formation Day",4768,4768
Mellacheruvu Shambhu Lingeswara Temple,Suryapet,Temple,2025,July,Monsoon,Bonalu,4372,4372
Mellacheruvu Shambhu Lingeswara Temple,Suryapet,Temple,2025,August,Monsoon,"Krishna Ashtami, Vinayaka Chavithi, Independence Day",4380,4380
Mellacheruvu Shambhu Lingeswara Temple,Suryapet,Temple,2025,September,Monsoon,Bathukamma (Engili Pula to Saddula),4732,4732
Mellacheruvu Shambhu Lingeswara Temple,Suryapet,Temple,2025,October,Post-Monsoon,"Vijaya Dasami/Dussehra, Diwali/Deepavali",16266,16266
Mellacheruvu Shambhu Lingeswara Temple,Suryapet,Temple,2025,November,Post-Monsoon,No Major Festival / Public Holiday,9181,9181
Mellacheruvu Shambhu Lingeswara Temple,Suryapet,Temple,2025,December,Winter,Christmas,7702,7702
Mid Manair Dam,Rajanna Sircilla,Dam/Barrage,2024,January,Winter,"Bhogi, Sankranti/Pongal, New Year's Day, Republic Day",472,472
Mid Manair Dam,Rajanna Sircilla,Dam/Barrage,2024,February,Winter,No Major Festival / Public Holiday,491,491
Mid Manair Dam,Rajanna Sircilla,Dam/Barrage,2024,March,Summer,"Maha Shivaratri, Holi",394,394
Mid Manair Dam,Rajanna Sircilla,Dam/Barrage,2024,April,Summer,"Ugadi, Sri Rama Navami, Eid-ul-Fitr, Ambedkar Jayanti",389,389
Mid Manair Dam,Rajanna Sircilla,Dam/Barrage,2024,May,Summer,May Day,457,457
Mid Manair Dam,Rajanna Sircilla,Dam/Barrage,2024,June,Monsoon,"Bakrid/Eid-ul-Adha, Telangana Formation Day",283,283
Mid Manair Dam,Rajanna Sircilla,Dam/Barrage,2024,July,Monsoon,Bonalu,297,297
Mid Manair Dam,Rajanna Sircilla,Dam/Barrage,2024,August,Monsoon,"Raksha Bandhan, Krishna Janmashtami, Independence Day",298,298
Mid Manair Dam,Rajanna Sircilla,Dam/Barrage,2024,September,Monsoon,"Ganesh Chaturthi, Engili Pula Bathukamma (start)",315,315
Mid Manair Dam,Rajanna Sircilla,Dam/Barrage,2024,October,Post-Monsoon,"Bathukamma (Saddula Bathukamma), Dussehra/Vijayadashami",467,467
Mid Manair Dam,Rajanna Sircilla,Dam/Barrage,2024,November,Post-Monsoon,Diwali/Deepavali,449,449
Mid Manair Dam,Rajanna Sircilla,Dam/Barrage,2024,December,Winter,Christmas,501,501
Mid Manair Dam,Rajanna Sircilla,Dam/Barrage,2025,January,Winter,"Bhogi, Sankranti/Pongal, New Year's Day, Republic Day",473,473
Mid Manair Dam,Rajanna Sircilla,Dam/Barrage,2025,February,Winter,Maha Shivaratri,528,528
Mid Manair Dam,Rajanna Sircilla,Dam/Barrage,2025,March,Summer,"Holi, Ugadi, Eid-ul-Fitr",373,373
Mid Manair Dam,Rajanna Sircilla,Dam/Barrage,2025,April,Summer,"Sri Rama Navami, Ambedkar Jayanti",378,378
Mid Manair Dam,Rajanna Sircilla,Dam/Barrage,2025,May,Summer,May Day,452,452
Mid Manair Dam,Rajanna Sircilla,Dam/Barrage,2025,June,Monsoon,"Bakrid/Eid-ul-Adha, Telangana Formation Day",306,306
Mid Manair Dam,Rajanna Sircilla,Dam/Barrage,2025,July,Monsoon,Bonalu,305,305
Mid Manair Dam,Rajanna Sircilla,Dam/Barrage,2025,August,Monsoon,"Krishna Ashtami, Vinayaka Chavithi, Independence Day",307,307
Mid Manair Dam,Rajanna Sircilla,Dam/Barrage,2025,September,Monsoon,Bathukamma (Engili Pula to Saddula),291,291
Mid Manair Dam,Rajanna Sircilla,Dam/Barrage,2025,October,Post-Monsoon,"Vijaya Dasami/Dussehra, Diwali/Deepavali",449,449
Mid Manair Dam,Rajanna Sircilla,Dam/Barrage,2025,November,Post-Monsoon,No Major Festival / Public Holiday,439,439
Mid Manair Dam,Rajanna Sircilla,Dam/Barrage,2025,December,Winter,Christmas,509,509
Mir Alam Tank,Hyderabad,Lake/Reservoir,2024,January,Winter,"Bhogi, Sankranti/Pongal, New Year's Day, Republic Day",783,783
Mir Alam Tank,Hyderabad,Lake/Reservoir,2024,February,Winter,No Major Festival / Public Holiday,726,726
Mir Alam Tank,Hyderabad,Lake/Reservoir,2024,March,Summer,"Maha Shivaratri, Holi",573,573
Mir Alam Tank,Hyderabad,Lake/Reservoir,2024,April,Summer,"Ugadi, Sri Rama Navami, Eid-ul-Fitr, Ambedkar Jayanti",548,548
Mir Alam Tank,Hyderabad,Lake/Reservoir,2024,May,Summer,May Day,657,657
Mir Alam Tank,Hyderabad,Lake/Reservoir,2024,June,Monsoon,"Bakrid/Eid-ul-Adha, Telangana Formation Day",472,472
Mir Alam Tank,Hyderabad,Lake/Reservoir,2024,July,Monsoon,Bonalu,467,467
Mir Alam Tank,Hyderabad,Lake/Reservoir,2024,August,Monsoon,"Raksha Bandhan, Krishna Janmashtami, Independence Day",464,464
Mir Alam Tank,Hyderabad,Lake/Reservoir,2024,September,Monsoon,"Ganesh Chaturthi, Engili Pula Bathukamma (start)",425,425
Mir Alam Tank,Hyderabad,Lake/Reservoir,2024,October,Post-Monsoon,"Bathukamma (Saddula Bathukamma), Dussehra/Vijayadashami",718,718
Mir Alam Tank,Hyderabad,Lake/Reservoir,2024,November,Post-Monsoon,Diwali/Deepavali,684,684
Mir Alam Tank,Hyderabad,Lake/Reservoir,2024,December,Winter,Christmas,735,735
Mir Alam Tank,Hyderabad,Lake/Reservoir,2025,January,Winter,"Bhogi, Sankranti/Pongal, New Year's Day, Republic Day",754,754
Mir Alam Tank,Hyderabad,Lake/Reservoir,2025,February,Winter,Maha Shivaratri,713,713
Mir Alam Tank,Hyderabad,Lake/Reservoir,2025,March,Summer,"Holi, Ugadi, Eid-ul-Fitr",587,587
Mir Alam Tank,Hyderabad,Lake/Reservoir,2025,April,Summer,"Sri Rama Navami, Ambedkar Jayanti",575,575
Mir Alam Tank,Hyderabad,Lake/Reservoir,2025,May,Summer,May Day,664,664
Mir Alam Tank,Hyderabad,Lake/Reservoir,2025,June,Monsoon,"Bakrid/Eid-ul-Adha, Telangana Formation Day",433,433
Mir Alam Tank,Hyderabad,Lake/Reservoir,2025,July,Monsoon,Bonalu,432,432
Mir Alam Tank,Hyderabad,Lake/Reservoir,2025,August,Monsoon,"Krishna Ashtami, Vinayaka Chavithi, Independence Day",426,426
Mir Alam Tank,Hyderabad,Lake/Reservoir,2025,September,Monsoon,Bathukamma (Engili Pula to Saddula),454,454
Mir Alam Tank,Hyderabad,Lake/Reservoir,2025,October,Post-Monsoon,"Vijaya Dasami/Dussehra, Diwali/Deepavali",718,718
Mir Alam Tank,Hyderabad,Lake/Reservoir,2025,November,Post-Monsoon,No Major Festival / Public Holiday,650,650
Mir Alam Tank,Hyderabad,Lake/Reservoir,2025,December,Winter,Christmas,709,709
Molangur Fort,Karimnagar,Fort,2024,January,Winter,"Bhogi, Sankranti/Pongal, New Year's Day, Republic Day",8441,8441
Molangur Fort,Karimnagar,Fort,2024,February,Winter,No Major Festival / Public Holiday,6139,6139
Molangur Fort,Karimnagar,Fort,2024,March,Summer,"Maha Shivaratri, Holi",4536,4536
Molangur Fort,Karimnagar,Fort,2024,April,Summer,"Ugadi, Sri Rama Navami, Eid-ul-Fitr, Ambedkar Jayanti",4539,4539
Molangur Fort,Karimnagar,Fort,2024,May,Summer,May Day,5871,5871
Molangur Fort,Karimnagar,Fort,2024,June,Monsoon,"Bakrid/Eid-ul-Adha, Telangana Formation Day",3911,3911
Molangur Fort,Karimnagar,Fort,2024,July,Monsoon,Bonalu,3958,3958
Molangur Fort,Karimnagar,Fort,2024,August,Monsoon,"Raksha Bandhan, Krishna Janmashtami, Independence Day",3807,3807
Molangur Fort,Karimnagar,Fort,2024,September,Monsoon,"Ganesh Chaturthi, Engili Pula Bathukamma (start)",3607,3607
Molangur Fort,Karimnagar,Fort,2024,October,Post-Monsoon,"Bathukamma (Saddula Bathukamma), Dussehra/Vijayadashami",7669,7669
Molangur Fort,Karimnagar,Fort,2024,November,Post-Monsoon,Diwali/Deepavali,5965,5965
Molangur Fort,Karimnagar,Fort,2024,December,Winter,Christmas,8832,8832
Molangur Fort,Karimnagar,Fort,2025,January,Winter,"Bhogi, Sankranti/Pongal, New Year's Day, Republic Day",8874,8874
Molangur Fort,Karimnagar,Fort,2025,February,Winter,Maha Shivaratri,6461,6461
Molangur Fort,Karimnagar,Fort,2025,March,Summer,"Holi, Ugadi, Eid-ul-Fitr",4865,4865
Molangur Fort,Karimnagar,Fort,2025,April,Summer,"Sri Rama Navami, Ambedkar Jayanti",4940,4940
Molangur Fort,Karimnagar,Fort,2025,May,Summer,May Day,5443,5443
Molangur Fort,Karimnagar,Fort,2025,June,Monsoon,"Bakrid/Eid-ul-Adha, Telangana Formation Day",3861,3861
Molangur Fort,Karimnagar,Fort,2025,July,Monsoon,Bonalu,3907,3907
Molangur Fort,Karimnagar,Fort,2025,August,Monsoon,"Krishna Ashtami, Vinayaka Chavithi, Independence Day",3653,3653
Molangur Fort,Karimnagar,Fort,2025,September,Monsoon,Bathukamma (Engili Pula to Saddula),3813,3813
Molangur Fort,Karimnagar,Fort,2025,October,Post-Monsoon,"Vijaya Dasami/Dussehra, Diwali/Deepavali",7870,7870
Molangur Fort,Karimnagar,Fort,2025,November,Post-Monsoon,No Major Festival / Public Holiday,6066,6066
Molangur Fort,Karimnagar,Fort,2025,December,Winter,Christmas,8260,8260
Moula Ali Dargah,Hyderabad,Temple,2024,January,Winter,"Bhogi, Sankranti/Pongal, New Year's Day, Republic Day",15800,15800
Moula Ali Dargah,Hyderabad,Temple,2024,February,Winter,No Major Festival / Public Holiday,9920,9920
Moula Ali Dargah,Hyderabad,Temple,2024,March,Summer,"Maha Shivaratri, Holi",7172,7172
Moula Ali Dargah,Hyderabad,Temple,2024,April,Summer,"Ugadi, Sri Rama Navami, Eid-ul-Fitr, Ambedkar Jayanti",7104,7104
Moula Ali Dargah,Hyderabad,Temple,2024,May,Summer,May Day,7051,7051
Moula Ali Dargah,Hyderabad,Temple,2024,June,Monsoon,"Bakrid/Eid-ul-Adha, Telangana Formation Day",4550,4550
Moula Ali Dargah,Hyderabad,Temple,2024,July,Monsoon,Bonalu,4637,4637
Moula Ali Dargah,Hyderabad,Temple,2024,August,Monsoon,"Raksha Bandhan, Krishna Janmashtami, Independence Day",4397,4397
Moula Ali Dargah,Hyderabad,Temple,2024,September,Monsoon,"Ganesh Chaturthi, Engili Pula Bathukamma (start)",4471,4471
Moula Ali Dargah,Hyderabad,Temple,2024,October,Post-Monsoon,"Bathukamma (Saddula Bathukamma), Dussehra/Vijayadashami",17054,17054
Moula Ali Dargah,Hyderabad,Temple,2024,November,Post-Monsoon,Diwali/Deepavali,7300,7300
Moula Ali Dargah,Hyderabad,Temple,2024,December,Winter,Christmas,7313,7313
Moula Ali Dargah,Hyderabad,Temple,2025,January,Winter,"Bhogi, Sankranti/Pongal, New Year's Day, Republic Day",16093,16093
Moula Ali Dargah,Hyderabad,Temple,2025,February,Winter,Maha Shivaratri,7369,7369
Moula Ali Dargah,Hyderabad,Temple,2025,March,Summer,"Holi, Ugadi, Eid-ul-Fitr",7467,7467
Moula Ali Dargah,Hyderabad,Temple,2025,April,Summer,"Sri Rama Navami, Ambedkar Jayanti",5530,5530
Moula Ali Dargah,Hyderabad,Temple,2025,May,Summer,May Day,7243,7243
Moula Ali Dargah,Hyderabad,Temple,2025,June,Monsoon,"Bakrid/Eid-ul-Adha, Telangana Formation Day",4373,4373
Moula Ali Dargah,Hyderabad,Temple,2025,July,Monsoon,Bonalu,4713,4713
Moula Ali Dargah,Hyderabad,Temple,2025,August,Monsoon,"Krishna Ashtami, Vinayaka Chavithi, Independence Day",4285,4285
Moula Ali Dargah,Hyderabad,Temple,2025,September,Monsoon,Bathukamma (Engili Pula to Saddula),4584,4584
Moula Ali Dargah,Hyderabad,Temple,2025,October,Post-Monsoon,"Vijaya Dasami/Dussehra, Diwali/Deepavali",18092,18092
Moula Ali Dargah,Hyderabad,Temple,2025,November,Post-Monsoon,No Major Festival / Public Holiday,8613,8613
Moula Ali Dargah,Hyderabad,Temple,2025,December,Winter,Christmas,7921,7921
Mount Opera,Ranga Reddy,Other/Cultural Site,2024,January,Winter,"Bhogi, Sankranti/Pongal, New Year's Day, Republic Day",418,418
Mount Opera,Ranga Reddy,Other/Cultural Site,2024,February,Winter,No Major Festival / Public Holiday,445,445
Mount Opera,Ranga Reddy,Other/Cultural Site,2024,March,Summer,"Maha Shivaratri, Holi",320,320
Mount Opera,Ranga Reddy,Other/Cultural Site,2024,April,Summer,"Ugadi, Sri Rama Navami, Eid-ul-Fitr, Ambedkar Jayanti",316,316
Mount Opera,Ranga Reddy,Other/Cultural Site,2024,May,Summer,May Day,386,386
Mount Opera,Ranga Reddy,Other/Cultural Site,2024,June,Monsoon,"Bakrid/Eid-ul-Adha, Telangana Formation Day",275,275
Mount Opera,Ranga Reddy,Other/Cultural Site,2024,July,Monsoon,Bonalu,272,272
Mount Opera,Ranga Reddy,Other/Cultural Site,2024,August,Monsoon,"Raksha Bandhan, Krishna Janmashtami, Independence Day",257,257
Mount Opera,Ranga Reddy,Other/Cultural Site,2024,September,Monsoon,"Ganesh Chaturthi, Engili Pula Bathukamma (start)",267,267
Mount Opera,Ranga Reddy,Other/Cultural Site,2024,October,Post-Monsoon,"Bathukamma (Saddula Bathukamma), Dussehra/Vijayadashami",404,404
Mount Opera,Ranga Reddy,Other/Cultural Site,2024,November,Post-Monsoon,Diwali/Deepavali,411,411
Mount Opera,Ranga Reddy,Other/Cultural Site,2024,December,Winter,Christmas,447,447
Mount Opera,Ranga Reddy,Other/Cultural Site,2025,January,Winter,"Bhogi, Sankranti/Pongal, New Year's Day, Republic Day",444,444
Mount Opera,Ranga Reddy,Other/Cultural Site,2025,February,Winter,Maha Shivaratri,425,425
Mount Opera,Ranga Reddy,Other/Cultural Site,2025,March,Summer,"Holi, Ugadi, Eid-ul-Fitr",314,314
Mount Opera,Ranga Reddy,Other/Cultural Site,2025,April,Summer,"Sri Rama Navami, Ambedkar Jayanti",330,330
Mount Opera,Ranga Reddy,Other/Cultural Site,2025,May,Summer,May Day,421,421
Mount Opera,Ranga Reddy,Other/Cultural Site,2025,June,Monsoon,"Bakrid/Eid-ul-Adha, Telangana Formation Day",264,264
Mount Opera,Ranga Reddy,Other/Cultural Site,2025,July,Monsoon,Bonalu,272,272
Mount Opera,Ranga Reddy,Other/Cultural Site,2025,August,Monsoon,"Krishna Ashtami, Vinayaka Chavithi, Independence Day",277,277
Mount Opera,Ranga Reddy,Other/Cultural Site,2025,September,Monsoon,Bathukamma (Engili Pula to Saddula),251,251
Mount Opera,Ranga Reddy,Other/Cultural Site,2025,October,Post-Monsoon,"Vijaya Dasami/Dussehra, Diwali/Deepavali",411,411
Mount Opera,Ranga Reddy,Other/Cultural Site,2025,November,Post-Monsoon,No Major Festival / Public Holiday,410,410
Mount Opera,Ranga Reddy,Other/Cultural Site,2025,December,Winter,Christmas,462,462
Mrigavani National Park,Ranga Reddy,Wildlife/National Park,2024,January,Winter,"Bhogi, Sankranti/Pongal, New Year's Day, Republic Day",6317,6317
Mrigavani National Park,Ranga Reddy,Wildlife/National Park,2024,February,Winter,No Major Festival / Public Holiday,4603,4603
Mrigavani National Park,Ranga Reddy,Wildlife/National Park,2024,March,Summer,"Maha Shivaratri, Holi",3500,3500
Mrigavani National Park,Ranga Reddy,Wildlife/National Park,2024,April,Summer,"Ugadi, Sri Rama Navami, Eid-ul-Fitr, Ambedkar Jayanti",3195,3195
Mrigavani National Park,Ranga Reddy,Wildlife/National Park,2024,May,Summer,May Day,5888,5888
Mrigavani National Park,Ranga Reddy,Wildlife/National Park,2024,June,Monsoon,"Bakrid/Eid-ul-Adha, Telangana Formation Day",2699,2699
Mrigavani National Park,Ranga Reddy,Wildlife/National Park,2024,July,Monsoon,Bonalu,2547,2547
Mrigavani National Park,Ranga Reddy,Wildlife/National Park,2024,August,Monsoon,"Raksha Bandhan, Krishna Janmashtami, Independence Day",2488,2488
Mrigavani National Park,Ranga Reddy,Wildlife/National Park,2024,September,Monsoon,"Ganesh Chaturthi, Engili Pula Bathukamma (start)",2551,2551
Mrigavani National Park,Ranga Reddy,Wildlife/National Park,2024,October,Post-Monsoon,"Bathukamma (Saddula Bathukamma), Dussehra/Vijayadashami",4224,4224
Mrigavani National Park,Ranga Reddy,Wildlife/National Park,2024,November,Post-Monsoon,Diwali/Deepavali,4089,4089
Mrigavani National Park,Ranga Reddy,Wildlife/National Park,2024,December,Winter,Christmas,6287,6287
Mrigavani National Park,Ranga Reddy,Wildlife/National Park,2025,January,Winter,"Bhogi, Sankranti/Pongal, New Year's Day, Republic Day",5946,5946
Mrigavani National Park,Ranga Reddy,Wildlife/National Park,2025,February,Winter,Maha Shivaratri,4490,4490
Mrigavani National Park,Ranga Reddy,Wildlife/National Park,2025,March,Summer,"Holi, Ugadi, Eid-ul-Fitr",3136,3136
Mrigavani National Park,Ranga Reddy,Wildlife/National Park,2025,April,Summer,"Sri Rama Navami, Ambedkar Jayanti",3275,3275
Mrigavani National Park,Ranga Reddy,Wildlife/National Park,2025,May,Summer,May Day,5720,5720
Mrigavani National Park,Ranga Reddy,Wildlife/National Park,2025,June,Monsoon,"Bakrid/Eid-ul-Adha, Telangana Formation Day",2513,2513
Mrigavani National Park,Ranga Reddy,Wildlife/National Park,2025,July,Monsoon,Bonalu,2726,2726
Mrigavani National Park,Ranga Reddy,Wildlife/National Park,2025,August,Monsoon,"Krishna Ashtami, Vinayaka Chavithi, Independence Day",2541,2541
Mrigavani National Park,Ranga Reddy,Wildlife/National Park,2025,September,Monsoon,Bathukamma (Engili Pula to Saddula),2672,2672
Mrigavani National Park,Ranga Reddy,Wildlife/National Park,2025,October,Post-Monsoon,"Vijaya Dasami/Dussehra, Diwali/Deepavali",3979,3979
Mrigavani National Park,Ranga Reddy,Wildlife/National Park,2025,November,Post-Monsoon,No Major Festival / Public Holiday,4071,4071
Mrigavani National Park,Ranga Reddy,Wildlife/National Park,2025,December,Winter,Christmas,5836,5836
Mrugavani National Park,Ranga Reddy,Wildlife/National Park,2024,January,Winter,"Bhogi, Sankranti/Pongal, New Year's Day, Republic Day",5857,5857
Mrugavani National Park,Ranga Reddy,Wildlife/National Park,2024,February,Winter,No Major Festival / Public Holiday,4625,4625
Mrugavani National Park,Ranga Reddy,Wildlife/National Park,2024,March,Summer,"Maha Shivaratri, Holi",3510,3510
Mrugavani National Park,Ranga Reddy,Wildlife/National Park,2024,April,Summer,"Ugadi, Sri Rama Navami, Eid-ul-Fitr, Ambedkar Jayanti",3190,3190
Mrugavani National Park,Ranga Reddy,Wildlife/National Park,2024,May,Summer,May Day,5499,5499
Mrugavani National Park,Ranga Reddy,Wildlife/National Park,2024,June,Monsoon,"Bakrid/Eid-ul-Adha, Telangana Formation Day",2499,2499
Mrugavani National Park,Ranga Reddy,Wildlife/National Park,2024,July,Monsoon,Bonalu,2553,2553
Mrugavani National Park,Ranga Reddy,Wildlife/National Park,2024,August,Monsoon,"Raksha Bandhan, Krishna Janmashtami, Independence Day",2724,2724
Mrugavani National Park,Ranga Reddy,Wildlife/National Park,2024,September,Monsoon,"Ganesh Chaturthi, Engili Pula Bathukamma (start)",2586,2586
Mrugavani National Park,Ranga Reddy,Wildlife/National Park,2024,October,Post-Monsoon,"Bathukamma (Saddula Bathukamma), Dussehra/Vijayadashami",3826,3826
Mrugavani National Park,Ranga Reddy,Wildlife/National Park,2024,November,Post-Monsoon,Diwali/Deepavali,3948,3948
Mrugavani National Park,Ranga Reddy,Wildlife/National Park,2024,December,Winter,Christmas,6478,6478
Mrugavani National Park,Ranga Reddy,Wildlife/National Park,2025,January,Winter,"Bhogi, Sankranti/Pongal, New Year's Day, Republic Day",6220,6220
Mrugavani National Park,Ranga Reddy,Wildlife/National Park,2025,February,Winter,Maha Shivaratri,4330,4330
Mrugavani National Park,Ranga Reddy,Wildlife/National Park,2025,March,Summer,"Holi, Ugadi, Eid-ul-Fitr",3191,3191
Mrugavani National Park,Ranga Reddy,Wildlife/National Park,2025,April,Summer,"Sri Rama Navami, Ambedkar Jayanti",3518,3518
Mrugavani National Park,Ranga Reddy,Wildlife/National Park,2025,May,Summer,May Day,5851,5851
Mrugavani National Park,Ranga Reddy,Wildlife/National Park,2025,June,Monsoon,"Bakrid/Eid-ul-Adha, Telangana Formation Day",2556,2556
Mrugavani National Park,Ranga Reddy,Wildlife/National Park,2025,July,Monsoon,Bonalu,2489,2489
Mrugavani National Park,Ranga Reddy,Wildlife/National Park,2025,August,Monsoon,"Krishna Ashtami, Vinayaka Chavithi, Independence Day",2485,2485
Mrugavani National Park,Ranga Reddy,Wildlife/National Park,2025,September,Monsoon,Bathukamma (Engili Pula to Saddula),2505,2505
Mrugavani National Park,Ranga Reddy,Wildlife/National Park,2025,October,Post-Monsoon,"Vijaya Dasami/Dussehra, Diwali/Deepavali",4064,4064
Mrugavani National Park,Ranga Reddy,Wildlife/National Park,2025,November,Post-Monsoon,No Major Festival / Public Holiday,4232,4232
Mrugavani National Park,Ranga Reddy,Wildlife/National Park,2025,December,Winter,Christmas,6122,6122
Munnanur Jungle Resort,Nagarkurnool,Other/Cultural Site,2024,January,Winter,"Bhogi, Sankranti/Pongal, New Year's Day, Republic Day",454,454
Munnanur Jungle Resort,Nagarkurnool,Other/Cultural Site,2024,February,Winter,No Major Festival / Public Holiday,433,433
Munnanur Jungle Resort,Nagarkurnool,Other/Cultural Site,2024,March,Summer,"Maha Shivaratri, Holi",344,344
Munnanur Jungle Resort,Nagarkurnool,Other/Cultural Site,2024,April,Summer,"Ugadi, Sri Rama Navami, Eid-ul-Fitr, Ambedkar Jayanti",336,336
Munnanur Jungle Resort,Nagarkurnool,Other/Cultural Site,2024,May,Summer,May Day,421,421
Munnanur Jungle Resort,Nagarkurnool,Other/Cultural Site,2024,June,Monsoon,"Bakrid/Eid-ul-Adha, Telangana Formation Day",259,259
Munnanur Jungle Resort,Nagarkurnool,Other/Cultural Site,2024,July,Monsoon,Bonalu,265,265
Munnanur Jungle Resort,Nagarkurnool,Other/Cultural Site,2024,August,Monsoon,"Raksha Bandhan, Krishna Janmashtami, Independence Day",266,266
Munnanur Jungle Resort,Nagarkurnool,Other/Cultural Site,2024,September,Monsoon,"Ganesh Chaturthi, Engili Pula Bathukamma (start)",259,259
Munnanur Jungle Resort,Nagarkurnool,Other/Cultural Site,2024,October,Post-Monsoon,"Bathukamma (Saddula Bathukamma), Dussehra/Vijayadashami",385,385
Munnanur Jungle Resort,Nagarkurnool,Other/Cultural Site,2024,November,Post-Monsoon,Diwali/Deepavali,382,382
Munnanur Jungle Resort,Nagarkurnool,Other/Cultural Site,2024,December,Winter,Christmas,412,412
Munnanur Jungle Resort,Nagarkurnool,Other/Cultural Site,2025,January,Winter,"Bhogi, Sankranti/Pongal, New Year's Day, Republic Day",457,457
Munnanur Jungle Resort,Nagarkurnool,Other/Cultural Site,2025,February,Winter,Maha Shivaratri,423,423
Munnanur Jungle Resort,Nagarkurnool,Other/Cultural Site,2025,March,Summer,"Holi, Ugadi, Eid-ul-Fitr",320,320
Munnanur Jungle Resort,Nagarkurnool,Other/Cultural Site,2025,April,Summer,"Sri Rama Navami, Ambedkar Jayanti",341,341
Munnanur Jungle Resort,Nagarkurnool,Other/Cultural Site,2025,May,Summer,May Day,393,393
Munnanur Jungle Resort,Nagarkurnool,Other/Cultural Site,2025,June,Monsoon,"Bakrid/Eid-ul-Adha, Telangana Formation Day",262,262
Munnanur Jungle Resort,Nagarkurnool,Other/Cultural Site,2025,July,Monsoon,Bonalu,251,251
Munnanur Jungle Resort,Nagarkurnool,Other/Cultural Site,2025,August,Monsoon,"Krishna Ashtami, Vinayaka Chavithi, Independence Day",276,276
Munnanur Jungle Resort,Nagarkurnool,Other/Cultural Site,2025,September,Monsoon,Bathukamma (Engili Pula to Saddula),273,273
Munnanur Jungle Resort,Nagarkurnool,Other/Cultural Site,2025,October,Post-Monsoon,"Vijaya Dasami/Dussehra, Diwali/Deepavali",420,420
Munnanur Jungle Resort,Nagarkurnool,Other/Cultural Site,2025,November,Post-Monsoon,No Major Festival / Public Holiday,397,397
Munnanur Jungle Resort,Nagarkurnool,Other/Cultural Site,2025,December,Winter,Christmas,451,451
Musical Garden & Planeterium,Hanumakonda,Park/Garden,2024,January,Winter,"Bhogi, Sankranti/Pongal, New Year's Day, Republic Day",7263,7263
Musical Garden & Planeterium,Hanumakonda,Park/Garden,2024,February,Winter,No Major Festival / Public Holiday,5053,5053
Musical Garden & Planeterium,Hanumakonda,Park/Garden,2024,March,Summer,"Maha Shivaratri, Holi",3668,3668
Musical Garden & Planeterium,Hanumakonda,Park/Garden,2024,April,Summer,"Ugadi, Sri Rama Navami, Eid-ul-Fitr, Ambedkar Jayanti",3679,3679
Musical Garden & Planeterium,Hanumakonda,Park/Garden,2024,May,Summer,May Day,6538,6538
Musical Garden & Planeterium,Hanumakonda,Park/Garden,2024,June,Monsoon,"Bakrid/Eid-ul-Adha, Telangana Formation Day",3118,3118
Musical Garden & Planeterium,Hanumakonda,Park/Garden,2024,July,Monsoon,Bonalu,2969,2969
Musical Garden & Planeterium,Hanumakonda,Park/Garden,2024,August,Monsoon,"Raksha Bandhan, Krishna Janmashtami, Independence Day",2912,2912
Musical Garden & Planeterium,Hanumakonda,Park/Garden,2024,September,Monsoon,"Ganesh Chaturthi, Engili Pula Bathukamma (start)",3132,3132
Musical Garden & Planeterium,Hanumakonda,Park/Garden,2024,October,Post-Monsoon,"Bathukamma (Saddula Bathukamma), Dussehra/Vijayadashami",4693,4693
Musical Garden & Planeterium,Hanumakonda,Park/Garden,2024,November,Post-Monsoon,Diwali/Deepavali,4571,4571
Musical Garden & Planeterium,Hanumakonda,Park/Garden,2024,December,Winter,Christmas,6989,6989
Musical Garden & Planeterium,Hanumakonda,Park/Garden,2025,January,Winter,"Bhogi, Sankranti/Pongal, New Year's Day, Republic Day",6751,6751
Musical Garden & Planeterium,Hanumakonda,Park/Garden,2025,February,Winter,Maha Shivaratri,5076,5076
Musical Garden & Planeterium,Hanumakonda,Park/Garden,2025,March,Summer,"Holi, Ugadi, Eid-ul-Fitr",3735,3735
Musical Garden & Planeterium,Hanumakonda,Park/Garden,2025,April,Summer,"Sri Rama Navami, Ambedkar Jayanti",4026,4026
Musical Garden & Planeterium,Hanumakonda,Park/Garden,2025,May,Summer,May Day,6424,6424
Musical Garden & Planeterium,Hanumakonda,Park/Garden,2025,June,Monsoon,"Bakrid/Eid-ul-Adha, Telangana Formation Day",2994,2994
Musical Garden & Planeterium,Hanumakonda,Park/Garden,2025,July,Monsoon,Bonalu,3023,3023
Musical Garden & Planeterium,Hanumakonda,Park/Garden,2025,August,Monsoon,"Krishna Ashtami, Vinayaka Chavithi, Independence Day",3150,3150
Musical Garden & Planeterium,Hanumakonda,Park/Garden,2025,September,Monsoon,Bathukamma (Engili Pula to Saddula),3108,3108
Musical Garden & Planeterium,Hanumakonda,Park/Garden,2025,October,Post-Monsoon,"Vijaya Dasami/Dussehra, Diwali/Deepavali",4573,4573
Musical Garden & Planeterium,Hanumakonda,Park/Garden,2025,November,Post-Monsoon,No Major Festival / Public Holiday,4720,4720
Musical Garden & Planeterium,Hanumakonda,Park/Garden,2025,December,Winter,Christmas,7072,7072
NTR Gardens,Hyderabad,Park/Garden,2024,January,Winter,"Bhogi, Sankranti/Pongal, New Year's Day, Republic Day",6663,6663
NTR Gardens,Hyderabad,Park/Garden,2024,February,Winter,No Major Festival / Public Holiday,5073,5073
NTR Gardens,Hyderabad,Park/Garden,2024,March,Summer,"Maha Shivaratri, Holi",3775,3775
NTR Gardens,Hyderabad,Park/Garden,2024,April,Summer,"Ugadi, Sri Rama Navami, Eid-ul-Fitr, Ambedkar Jayanti",3926,3926
NTR Gardens,Hyderabad,Park/Garden,2024,May,Summer,May Day,6223,6223
NTR Gardens,Hyderabad,Park/Garden,2024,June,Monsoon,"Bakrid/Eid-ul-Adha, Telangana Formation Day",2879,2879
NTR Gardens,Hyderabad,Park/Garden,2024,July,Monsoon,Bonalu,2966,2966
NTR Gardens,Hyderabad,Park/Garden,2024,August,Monsoon,"Raksha Bandhan, Krishna Janmashtami, Independence Day",3153,3153
NTR Gardens,Hyderabad,Park/Garden,2024,September,Monsoon,"Ganesh Chaturthi, Engili Pula Bathukamma (start)",3075,3075
NTR Gardens,Hyderabad,Park/Garden,2024,October,Post-Monsoon,"Bathukamma (Saddula Bathukamma), Dussehra/Vijayadashami",4555,4555
NTR Gardens,Hyderabad,Park/Garden,2024,November,Post-Monsoon,Diwali/Deepavali,4609,4609
NTR Gardens,Hyderabad,Park/Garden,2024,December,Winter,Christmas,6650,6650
NTR Gardens,Hyderabad,Park/Garden,2025,January,Winter,"Bhogi, Sankranti/Pongal, New Year's Day, Republic Day",7407,7407
NTR Gardens,Hyderabad,Park/Garden,2025,February,Winter,Maha Shivaratri,5099,5099
NTR Gardens,Hyderabad,Park/Garden,2025,March,Summer,"Holi, Ugadi, Eid-ul-Fitr",3702,3702
NTR Gardens,Hyderabad,Park/Garden,2025,April,Summer,"Sri Rama Navami, Ambedkar Jayanti",3839,3839
NTR Gardens,Hyderabad,Park/Garden,2025,May,Summer,May Day,6138,6138
NTR Gardens,Hyderabad,Park/Garden,2025,June,Monsoon,"Bakrid/Eid-ul-Adha, Telangana Formation Day",3167,3167
NTR Gardens,Hyderabad,Park/Garden,2025,July,Monsoon,Bonalu,2882,2882
NTR Gardens,Hyderabad,Park/Garden,2025,August,Monsoon,"Krishna Ashtami, Vinayaka Chavithi, Independence Day",3053,3053
NTR Gardens,Hyderabad,Park/Garden,2025,September,Monsoon,Bathukamma (Engili Pula to Saddula),2908,2908
NTR Gardens,Hyderabad,Park/Garden,2025,October,Post-Monsoon,"Vijaya Dasami/Dussehra, Diwali/Deepavali",4720,4720
NTR Gardens,Hyderabad,Park/Garden,2025,November,Post-Monsoon,No Major Festival / Public Holiday,4752,4752
NTR Gardens,Hyderabad,Park/Garden,2025,December,Winter,Christmas,7145,7145
Nagarjuna Sagar,Nalgonda,Lake/Reservoir,2024,January,Winter,"Bhogi, Sankranti/Pongal, New Year's Day, Republic Day",742,742
Nagarjuna Sagar,Nalgonda,Lake/Reservoir,2024,February,Winter,No Major Festival / Public Holiday,726,726
Nagarjuna Sagar,Nalgonda,Lake/Reservoir,2024,March,Summer,"Maha Shivaratri, Holi",537,537
Nagarjuna Sagar,Nalgonda,Lake/Reservoir,2024,April,Summer,"Ugadi, Sri Rama Navami, Eid-ul-Fitr, Ambedkar Jayanti",595,595
Nagarjuna Sagar,Nalgonda,Lake/Reservoir,2024,May,Summer,May Day,728,728
Nagarjuna Sagar,Nalgonda,Lake/Reservoir,2024,June,Monsoon,"Bakrid/Eid-ul-Adha, Telangana Formation Day",441,441
Nagarjuna Sagar,Nalgonda,Lake/Reservoir,2024,July,Monsoon,Bonalu,441,441
Nagarjuna Sagar,Nalgonda,Lake/Reservoir,2024,August,Monsoon,"Raksha Bandhan, Krishna Janmashtami, Independence Day",423,423
Nagarjuna Sagar,Nalgonda,Lake/Reservoir,2024,September,Monsoon,"Ganesh Chaturthi, Engili Pula Bathukamma (start)",459,459
Nagarjuna Sagar,Nalgonda,Lake/Reservoir,2024,October,Post-Monsoon,"Bathukamma (Saddula Bathukamma), Dussehra/Vijayadashami",716,716
Nagarjuna Sagar,Nalgonda,Lake/Reservoir,2024,November,Post-Monsoon,Diwali/Deepavali,660,660
Nagarjuna Sagar,Nalgonda,Lake/Reservoir,2024,December,Winter,Christmas,719,719
Nagarjuna Sagar,Nalgonda,Lake/Reservoir,2025,January,Winter,"Bhogi, Sankranti/Pongal, New Year's Day, Republic Day",776,776
Nagarjuna Sagar,Nalgonda,Lake/Reservoir,2025,February,Winter,Maha Shivaratri,760,760
Nagarjuna Sagar,Nalgonda,Lake/Reservoir,2025,March,Summer,"Holi, Ugadi, Eid-ul-Fitr",538,538
Nagarjuna Sagar,Nalgonda,Lake/Reservoir,2025,April,Summer,"Sri Rama Navami, Ambedkar Jayanti",578,578
Nagarjuna Sagar,Nalgonda,Lake/Reservoir,2025,May,Summer,May Day,674,674
Nagarjuna Sagar,Nalgonda,Lake/Reservoir,2025,June,Monsoon,"Bakrid/Eid-ul-Adha, Telangana Formation Day",442,442
Nagarjuna Sagar,Nalgonda,Lake/Reservoir,2025,July,Monsoon,Bonalu,464,464
Nagarjuna Sagar,Nalgonda,Lake/Reservoir,2025,August,Monsoon,"Krishna Ashtami, Vinayaka Chavithi, Independence Day",466,466
Nagarjuna Sagar,Nalgonda,Lake/Reservoir,2025,September,Monsoon,Bathukamma (Engili Pula to Saddula),444,444
Nagarjuna Sagar,Nalgonda,Lake/Reservoir,2025,October,Post-Monsoon,"Vijaya Dasami/Dussehra, Diwali/Deepavali",727,727
Nagarjuna Sagar,Nalgonda,Lake/Reservoir,2025,November,Post-Monsoon,No Major Festival / Public Holiday,682,682
Nagarjuna Sagar,Nalgonda,Lake/Reservoir,2025,December,Winter,Christmas,774,774
Nagarjuna Sagar-Srisailam Tiger Reserve,Nagarkurnool,Lake/Reservoir,2024,January,Winter,"Bhogi, Sankranti/Pongal, New Year's Day, Republic Day",709,709
Nagarjuna Sagar-Srisailam Tiger Reserve,Nagarkurnool,Lake/Reservoir,2024,February,Winter,No Major Festival / Public Holiday,718,718
Nagarjuna Sagar-Srisailam Tiger Reserve,Nagarkurnool,Lake/Reservoir,2024,March,Summer,"Maha Shivaratri, Holi",572,572
Nagarjuna Sagar-Srisailam Tiger Reserve,Nagarkurnool,Lake/Reservoir,2024,April,Summer,"Ugadi, Sri Rama Navami, Eid-ul-Fitr, Ambedkar Jayanti",575,575
Nagarjuna Sagar-Srisailam Tiger Reserve,Nagarkurnool,Lake/Reservoir,2024,May,Summer,May Day,702,702
Nagarjuna Sagar-Srisailam Tiger Reserve,Nagarkurnool,Lake/Reservoir,2024,June,Monsoon,"Bakrid/Eid-ul-Adha, Telangana Formation Day",423,423
Nagarjuna Sagar-Srisailam Tiger Reserve,Nagarkurnool,Lake/Reservoir,2024,July,Monsoon,Bonalu,474,474
Nagarjuna Sagar-Srisailam Tiger Reserve,Nagarkurnool,Lake/Reservoir,2024,August,Monsoon,"Raksha Bandhan, Krishna Janmashtami, Independence Day",425,425
Nagarjuna Sagar-Srisailam Tiger Reserve,Nagarkurnool,Lake/Reservoir,2024,September,Monsoon,"Ganesh Chaturthi, Engili Pula Bathukamma (start)",430,430
Nagarjuna Sagar-Srisailam Tiger Reserve,Nagarkurnool,Lake/Reservoir,2024,October,Post-Monsoon,"Bathukamma (Saddula Bathukamma), Dussehra/Vijayadashami",649,649
Nagarjuna Sagar-Srisailam Tiger Reserve,Nagarkurnool,Lake/Reservoir,2024,November,Post-Monsoon,Diwali/Deepavali,695,695
Nagarjuna Sagar-Srisailam Tiger Reserve,Nagarkurnool,Lake/Reservoir,2024,December,Winter,Christmas,788,788
Nagarjuna Sagar-Srisailam Tiger Reserve,Nagarkurnool,Lake/Reservoir,2025,January,Winter,"Bhogi, Sankranti/Pongal, New Year's Day, Republic Day",764,764
Nagarjuna Sagar-Srisailam Tiger Reserve,Nagarkurnool,Lake/Reservoir,2025,February,Winter,Maha Shivaratri,779,779
Nagarjuna Sagar-Srisailam Tiger Reserve,Nagarkurnool,Lake/Reservoir,2025,March,Summer,"Holi, Ugadi, Eid-ul-Fitr",536,536
Nagarjuna Sagar-Srisailam Tiger Reserve,Nagarkurnool,Lake/Reservoir,2025,April,Summer,"Sri Rama Navami, Ambedkar Jayanti",572,572
Nagarjuna Sagar-Srisailam Tiger Reserve,Nagarkurnool,Lake/Reservoir,2025,May,Summer,May Day,686,686
Nagarjuna Sagar-Srisailam Tiger Reserve,Nagarkurnool,Lake/Reservoir,2025,June,Monsoon,"Bakrid/Eid-ul-Adha, Telangana Formation Day",449,449
Nagarjuna Sagar-Srisailam Tiger Reserve,Nagarkurnool,Lake/Reservoir,2025,July,Monsoon,Bonalu,426,426
Nagarjuna Sagar-Srisailam Tiger Reserve,Nagarkurnool,Lake/Reservoir,2025,August,Monsoon,"Krishna Ashtami, Vinayaka Chavithi, Independence Day",459,459
Nagarjuna Sagar-Srisailam Tiger Reserve,Nagarkurnool,Lake/Reservoir,2025,September,Monsoon,Bathukamma (Engili Pula to Saddula),450,450
Nagarjuna Sagar-Srisailam Tiger Reserve,Nagarkurnool,Lake/Reservoir,2025,October,Post-Monsoon,"Vijaya Dasami/Dussehra, Diwali/Deepavali",711,711
Nagarjuna Sagar-Srisailam Tiger Reserve,Nagarkurnool,Lake/Reservoir,2025,November,Post-Monsoon,No Major Festival / Public Holiday,688,688
Nagarjuna Sagar-Srisailam Tiger Reserve,Nagarkurnool,Lake/Reservoir,2025,December,Winter,Christmas,718,718
Nagunur Fort and Temples,Karimnagar,Temple,2024,January,Winter,"Bhogi, Sankranti/Pongal, New Year's Day, Republic Day",17448,17448
Nagunur Fort and Temples,Karimnagar,Temple,2024,February,Winter,No Major Festival / Public Holiday,9752,9752
Nagunur Fort and Temples,Karimnagar,Temple,2024,March,Summer,"Maha Shivaratri, Holi",7369,7369
Nagunur Fort and Temples,Karimnagar,Temple,2024,April,Summer,"Ugadi, Sri Rama Navami, Eid-ul-Fitr, Ambedkar Jayanti",7635,7635
Nagunur Fort and Temples,Karimnagar,Temple,2024,May,Summer,May Day,6595,6595
Nagunur Fort and Temples,Karimnagar,Temple,2024,June,Monsoon,"Bakrid/Eid-ul-Adha, Telangana Formation Day",4525,4525
Nagunur Fort and Temples,Karimnagar,Temple,2024,July,Monsoon,Bonalu,4524,4524
Nagunur Fort and Temples,Karimnagar,Temple,2024,August,Monsoon,"Raksha Bandhan, Krishna Janmashtami, Independence Day",4278,4278
Nagunur Fort and Temples,Karimnagar,Temple,2024,September,Monsoon,"Ganesh Chaturthi, Engili Pula Bathukamma (start)",4455,4455
Nagunur Fort and Temples,Karimnagar,Temple,2024,October,Post-Monsoon,"Bathukamma (Saddula Bathukamma), Dussehra/Vijayadashami",17981,17981
Nagunur Fort and Temples,Karimnagar,Temple,2024,November,Post-Monsoon,Diwali/Deepavali,7194,7194
Nagunur Fort and Temples,Karimnagar,Temple,2024,December,Winter,Christmas,7139,7139
Nagunur Fort and Temples,Karimnagar,Temple,2025,January,Winter,"Bhogi, Sankranti/Pongal, New Year's Day, Republic Day",15689,15689
Nagunur Fort and Temples,Karimnagar,Temple,2025,February,Winter,Maha Shivaratri,7286,7286
Nagunur Fort and Temples,Karimnagar,Temple,2025,March,Summer,"Holi, Ugadi, Eid-ul-Fitr",7743,7743
Nagunur Fort and Temples,Karimnagar,Temple,2025,April,Summer,"Sri Rama Navami, Ambedkar Jayanti",5446,5446
Nagunur Fort and Temples,Karimnagar,Temple,2025,May,Summer,May Day,7082,7082
Nagunur Fort and Temples,Karimnagar,Temple,2025,June,Monsoon,"Bakrid/Eid-ul-Adha, Telangana Formation Day",4284,4284
Nagunur Fort and Temples,Karimnagar,Temple,2025,July,Monsoon,Bonalu,4566,4566
Nagunur Fort and Temples,Karimnagar,Temple,2025,August,Monsoon,"Krishna Ashtami, Vinayaka Chavithi, Independence Day",4422,4422
Nagunur Fort and Temples,Karimnagar,Temple,2025,September,Monsoon,Bathukamma (Engili Pula to Saddula),4656,4656
Nagunur Fort and Temples,Karimnagar,Temple,2025,October,Post-Monsoon,"Vijaya Dasami/Dussehra, Diwali/Deepavali",16698,16698
Nagunur Fort and Temples,Karimnagar,Temple,2025,November,Post-Monsoon,No Major Festival / Public Holiday,9119,9119
Nagunur Fort and Temples,Karimnagar,Temple,2025,December,Winter,Christmas,7262,7262
Narayanpet Saree Weaving,Narayanpet,Other/Cultural Site,2024,January,Winter,"Bhogi, Sankranti/Pongal, New Year's Day, Republic Day",454,454
Narayanpet Saree Weaving,Narayanpet,Other/Cultural Site,2024,February,Winter,No Major Festival / Public Holiday,460,460
Narayanpet Saree Weaving,Narayanpet,Other/Cultural Site,2024,March,Summer,"Maha Shivaratri, Holi",333,333
Narayanpet Saree Weaving,Narayanpet,Other/Cultural Site,2024,April,Summer,"Ugadi, Sri Rama Navami, Eid-ul-Fitr, Ambedkar Jayanti",350,350
Narayanpet Saree Weaving,Narayanpet,Other/Cultural Site,2024,May,Summer,May Day,404,404
Narayanpet Saree Weaving,Narayanpet,Other/Cultural Site,2024,June,Monsoon,"Bakrid/Eid-ul-Adha, Telangana Formation Day",259,259
Narayanpet Saree Weaving,Narayanpet,Other/Cultural Site,2024,July,Monsoon,Bonalu,273,273
Narayanpet Saree Weaving,Narayanpet,Other/Cultural Site,2024,August,Monsoon,"Raksha Bandhan, Krishna Janmashtami, Independence Day",262,262
Narayanpet Saree Weaving,Narayanpet,Other/Cultural Site,2024,September,Monsoon,"Ganesh Chaturthi, Engili Pula Bathukamma (start)",261,261
Narayanpet Saree Weaving,Narayanpet,Other/Cultural Site,2024,October,Post-Monsoon,"Bathukamma (Saddula Bathukamma), Dussehra/Vijayadashami",402,402
Narayanpet Saree Weaving,Narayanpet,Other/Cultural Site,2024,November,Post-Monsoon,Diwali/Deepavali,419,419
Narayanpet Saree Weaving,Narayanpet,Other/Cultural Site,2024,December,Winter,Christmas,454,454
Narayanpet Saree Weaving,Narayanpet,Other/Cultural Site,2025,January,Winter,"Bhogi, Sankranti/Pongal, New Year's Day, Republic Day",432,432
Narayanpet Saree Weaving,Narayanpet,Other/Cultural Site,2025,February,Winter,Maha Shivaratri,428,428
Narayanpet Saree Weaving,Narayanpet,Other/Cultural Site,2025,March,Summer,"Holi, Ugadi, Eid-ul-Fitr",332,332
Narayanpet Saree Weaving,Narayanpet,Other/Cultural Site,2025,April,Summer,"Sri Rama Navami, Ambedkar Jayanti",335,335
Narayanpet Saree Weaving,Narayanpet,Other/Cultural Site,2025,May,Summer,May Day,389,389
Narayanpet Saree Weaving,Narayanpet,Other/Cultural Site,2025,June,Monsoon,"Bakrid/Eid-ul-Adha, Telangana Formation Day",271,271
Narayanpet Saree Weaving,Narayanpet,Other/Cultural Site,2025,July,Monsoon,Bonalu,262,262
Narayanpet Saree Weaving,Narayanpet,Other/Cultural Site,2025,August,Monsoon,"Krishna Ashtami, Vinayaka Chavithi, Independence Day",257,257
Narayanpet Saree Weaving,Narayanpet,Other/Cultural Site,2025,September,Monsoon,Bathukamma (Engili Pula to Saddula),250,250
Narayanpet Saree Weaving,Narayanpet,Other/Cultural Site,2025,October,Post-Monsoon,"Vijaya Dasami/Dussehra, Diwali/Deepavali",389,389
Narayanpet Saree Weaving,Narayanpet,Other/Cultural Site,2025,November,Post-Monsoon,No Major Festival / Public Holiday,424,424
Narayanpet Saree Weaving,Narayanpet,Other/Cultural Site,2025,December,Winter,Christmas,427,427
Nehru Zoological Park,Hyderabad,Wildlife/National Park,2024,January,Winter,"Bhogi, Sankranti/Pongal, New Year's Day, Republic Day",144170,144170
Nehru Zoological Park,Hyderabad,Wildlife/National Park,2024,February,Winter,No Major Festival / Public Holiday,105711,105711
Nehru Zoological Park,Hyderabad,Wildlife/National Park,2024,March,Summer,"Maha Shivaratri, Holi",83264,83264
Nehru Zoological Park,Hyderabad,Wildlife/National Park,2024,April,Summer,"Ugadi, Sri Rama Navami, Eid-ul-Fitr, Ambedkar Jayanti",77901,77901
Nehru Zoological Park,Hyderabad,Wildlife/National Park,2024,May,Summer,May Day,140287,140287
Nehru Zoological Park,Hyderabad,Wildlife/National Park,2024,June,Monsoon,"Bakrid/Eid-ul-Adha, Telangana Formation Day",60086,60086
Nehru Zoological Park,Hyderabad,Wildlife/National Park,2024,July,Monsoon,Bonalu,63129,63129
Nehru Zoological Park,Hyderabad,Wildlife/National Park,2024,August,Monsoon,"Raksha Bandhan, Krishna Janmashtami, Independence Day",65860,65860
Nehru Zoological Park,Hyderabad,Wildlife/National Park,2024,September,Monsoon,"Ganesh Chaturthi, Engili Pula Bathukamma (start)",62516,62516
Nehru Zoological Park,Hyderabad,Wildlife/National Park,2024,October,Post-Monsoon,"Bathukamma (Saddula Bathukamma), Dussehra/Vijayadashami",98497,98497
Nehru Zoological Park,Hyderabad,Wildlife/National Park,2024,November,Post-Monsoon,Diwali/Deepavali,94289,94289
Nehru Zoological Park,Hyderabad,Wildlife/National Park,2024,December,Winter,Christmas,153069,153069
Nehru Zoological Park,Hyderabad,Wildlife/National Park,2025,January,Winter,"Bhogi, Sankranti/Pongal, New Year's Day, Republic Day",140758,140758
Nehru Zoological Park,Hyderabad,Wildlife/National Park,2025,February,Winter,Maha Shivaratri,110744,110744
Nehru Zoological Park,Hyderabad,Wildlife/National Park,2025,March,Summer,"Holi, Ugadi, Eid-ul-Fitr",77825,77825
Nehru Zoological Park,Hyderabad,Wildlife/National Park,2025,April,Summer,"Sri Rama Navami, Ambedkar Jayanti",84377,84377
Nehru Zoological Park,Hyderabad,Wildlife/National Park,2025,May,Summer,May Day,134428,134428
Nehru Zoological Park,Hyderabad,Wildlife/National Park,2025,June,Monsoon,"Bakrid/Eid-ul-Adha, Telangana Formation Day",65453,65453
Nehru Zoological Park,Hyderabad,Wildlife/National Park,2025,July,Monsoon,Bonalu,62367,62367
Nehru Zoological Park,Hyderabad,Wildlife/National Park,2025,August,Monsoon,"Krishna Ashtami, Vinayaka Chavithi, Independence Day",66855,66855
Nehru Zoological Park,Hyderabad,Wildlife/National Park,2025,September,Monsoon,Bathukamma (Engili Pula to Saddula),60893,60893
Nehru Zoological Park,Hyderabad,Wildlife/National Park,2025,October,Post-Monsoon,"Vijaya Dasami/Dussehra, Diwali/Deepavali",93979,93979
Nehru Zoological Park,Hyderabad,Wildlife/National Park,2025,November,Post-Monsoon,No Major Festival / Public Holiday,97668,97668
Nehru Zoological Park,Hyderabad,Wildlife/National Park,2025,December,Winter,Christmas,141287,141287
Nelakondapalli Buddhist Stupa,Khammam,Monument/Tomb,2024,January,Winter,"Bhogi, Sankranti/Pongal, New Year's Day, Republic Day",1655,1655
Nelakondapalli Buddhist Stupa,Khammam,Monument/Tomb,2024,February,Winter,No Major Festival / Public Holiday,1192,1192
Nelakondapalli Buddhist Stupa,Khammam,Monument/Tomb,2024,March,Summer,"Maha Shivaratri, Holi",893,893
Nelakondapalli Buddhist Stupa,Khammam,Monument/Tomb,2024,April,Summer,"Ugadi, Sri Rama Navami, Eid-ul-Fitr, Ambedkar Jayanti",1006,1006
Nelakondapalli Buddhist Stupa,Khammam,Monument/Tomb,2024,May,Summer,May Day,1191,1191
Nelakondapalli Buddhist Stupa,Khammam,Monument/Tomb,2024,June,Monsoon,"Bakrid/Eid-ul-Adha, Telangana Formation Day",775,775
Nelakondapalli Buddhist Stupa,Khammam,Monument/Tomb,2024,July,Monsoon,Bonalu,750,750
Nelakondapalli Buddhist Stupa,Khammam,Monument/Tomb,2024,August,Monsoon,"Raksha Bandhan, Krishna Janmashtami, Independence Day",732,732
Nelakondapalli Buddhist Stupa,Khammam,Monument/Tomb,2024,September,Monsoon,"Ganesh Chaturthi, Engili Pula Bathukamma (start)",718,718
Nelakondapalli Buddhist Stupa,Khammam,Monument/Tomb,2024,October,Post-Monsoon,"Bathukamma (Saddula Bathukamma), Dussehra/Vijayadashami",1568,1568
Nelakondapalli Buddhist Stupa,Khammam,Monument/Tomb,2024,November,Post-Monsoon,Diwali/Deepavali,1132,1132
Nelakondapalli Buddhist Stupa,Khammam,Monument/Tomb,2024,December,Winter,Christmas,1803,1803
Nelakondapalli Buddhist Stupa,Khammam,Monument/Tomb,2025,January,Winter,"Bhogi, Sankranti/Pongal, New Year's Day, Republic Day",1758,1758
Nelakondapalli Buddhist Stupa,Khammam,Monument/Tomb,2025,February,Winter,Maha Shivaratri,1186,1186
Nelakondapalli Buddhist Stupa,Khammam,Monument/Tomb,2025,March,Summer,"Holi, Ugadi, Eid-ul-Fitr",895,895
Nelakondapalli Buddhist Stupa,Khammam,Monument/Tomb,2025,April,Summer,"Sri Rama Navami, Ambedkar Jayanti",904,904
Nelakondapalli Buddhist Stupa,Khammam,Monument/Tomb,2025,May,Summer,May Day,1137,1137
Nelakondapalli Buddhist Stupa,Khammam,Monument/Tomb,2025,June,Monsoon,"Bakrid/Eid-ul-Adha, Telangana Formation Day",788,788
Nelakondapalli Buddhist Stupa,Khammam,Monument/Tomb,2025,July,Monsoon,Bonalu,762,762
Nelakondapalli Buddhist Stupa,Khammam,Monument/Tomb,2025,August,Monsoon,"Krishna Ashtami, Vinayaka Chavithi, Independence Day",777,777
Nelakondapalli Buddhist Stupa,Khammam,Monument/Tomb,2025,September,Monsoon,Bathukamma (Engili Pula to Saddula),746,746
Nelakondapalli Buddhist Stupa,Khammam,Monument/Tomb,2025,October,Post-Monsoon,"Vijaya Dasami/Dussehra, Diwali/Deepavali",1583,1583
Nelakondapalli Buddhist Stupa,Khammam,Monument/Tomb,2025,November,Post-Monsoon,No Major Festival / Public Holiday,1095,1095
Nelakondapalli Buddhist Stupa,Khammam,Monument/Tomb,2025,December,Winter,Christmas,1828,1828
Nizam Sagar Dam,Kamareddy,Lake/Reservoir,2024,January,Winter,"Bhogi, Sankranti/Pongal, New Year's Day, Republic Day",771,771
Nizam Sagar Dam,Kamareddy,Lake/Reservoir,2024,February,Winter,No Major Festival / Public Holiday,770,770
Nizam Sagar Dam,Kamareddy,Lake/Reservoir,2024,March,Summer,"Maha Shivaratri, Holi",545,545
Nizam Sagar Dam,Kamareddy,Lake/Reservoir,2024,April,Summer,"Ugadi, Sri Rama Navami, Eid-ul-Fitr, Ambedkar Jayanti",592,592
Nizam Sagar Dam,Kamareddy,Lake/Reservoir,2024,May,Summer,May Day,661,661
Nizam Sagar Dam,Kamareddy,Lake/Reservoir,2024,June,Monsoon,"Bakrid/Eid-ul-Adha, Telangana Formation Day",439,439
Nizam Sagar Dam,Kamareddy,Lake/Reservoir,2024,July,Monsoon,Bonalu,436,436
Nizam Sagar Dam,Kamareddy,Lake/Reservoir,2024,August,Monsoon,"Raksha Bandhan, Krishna Janmashtami, Independence Day",443,443
Nizam Sagar Dam,Kamareddy,Lake/Reservoir,2024,September,Monsoon,"Ganesh Chaturthi, Engili Pula Bathukamma (start)",436,436
Nizam Sagar Dam,Kamareddy,Lake/Reservoir,2024,October,Post-Monsoon,"Bathukamma (Saddula Bathukamma), Dussehra/Vijayadashami",689,689
Nizam Sagar Dam,Kamareddy,Lake/Reservoir,2024,November,Post-Monsoon,Diwali/Deepavali,682,682
Nizam Sagar Dam,Kamareddy,Lake/Reservoir,2024,December,Winter,Christmas,793,793
Nizam Sagar Dam,Kamareddy,Lake/Reservoir,2025,January,Winter,"Bhogi, Sankranti/Pongal, New Year's Day, Republic Day",710,710
Nizam Sagar Dam,Kamareddy,Lake/Reservoir,2025,February,Winter,Maha Shivaratri,717,717
Nizam Sagar Dam,Kamareddy,Lake/Reservoir,2025,March,Summer,"Holi, Ugadi, Eid-ul-Fitr",539,539
Nizam Sagar Dam,Kamareddy,Lake/Reservoir,2025,April,Summer,"Sri Rama Navami, Ambedkar Jayanti",578,578
Nizam Sagar Dam,Kamareddy,Lake/Reservoir,2025,May,Summer,May Day,653,653
Nizam Sagar Dam,Kamareddy,Lake/Reservoir,2025,June,Monsoon,"Bakrid/Eid-ul-Adha, Telangana Formation Day",468,468
Nizam Sagar Dam,Kamareddy,Lake/Reservoir,2025,July,Monsoon,Bonalu,450,450
Nizam Sagar Dam,Kamareddy,Lake/Reservoir,2025,August,Monsoon,"Krishna Ashtami, Vinayaka Chavithi, Independence Day",451,451
Nizam Sagar Dam,Kamareddy,Lake/Reservoir,2025,September,Monsoon,Bathukamma (Engili Pula to Saddula),453,453
Nizam Sagar Dam,Kamareddy,Lake/Reservoir,2025,October,Post-Monsoon,"Vijaya Dasami/Dussehra, Diwali/Deepavali",662,662
Nizam Sagar Dam,Kamareddy,Lake/Reservoir,2025,November,Post-Monsoon,No Major Festival / Public Holiday,664,664
Nizam Sagar Dam,Kamareddy,Lake/Reservoir,2025,December,Winter,Christmas,733,733
Nizam Sagar Reservoir,Kamareddy,Lake/Reservoir,2024,January,Winter,"Bhogi, Sankranti/Pongal, New Year's Day, Republic Day",775,775
Nizam Sagar Reservoir,Kamareddy,Lake/Reservoir,2024,February,Winter,No Major Festival / Public Holiday,789,789
Nizam Sagar Reservoir,Kamareddy,Lake/Reservoir,2024,March,Summer,"Maha Shivaratri, Holi",583,583
Nizam Sagar Reservoir,Kamareddy,Lake/Reservoir,2024,April,Summer,"Ugadi, Sri Rama Navami, Eid-ul-Fitr, Ambedkar Jayanti",546,546
Nizam Sagar Reservoir,Kamareddy,Lake/Reservoir,2024,May,Summer,May Day,668,668
Nizam Sagar Reservoir,Kamareddy,Lake/Reservoir,2024,June,Monsoon,"Bakrid/Eid-ul-Adha, Telangana Formation Day",468,468
Nizam Sagar Reservoir,Kamareddy,Lake/Reservoir,2024,July,Monsoon,Bonalu,434,434
Nizam Sagar Reservoir,Kamareddy,Lake/Reservoir,2024,August,Monsoon,"Raksha Bandhan, Krishna Janmashtami, Independence Day",426,426
Nizam Sagar Reservoir,Kamareddy,Lake/Reservoir,2024,September,Monsoon,"Ganesh Chaturthi, Engili Pula Bathukamma (start)",460,460
Nizam Sagar Reservoir,Kamareddy,Lake/Reservoir,2024,October,Post-Monsoon,"Bathukamma (Saddula Bathukamma), Dussehra/Vijayadashami",681,681
Nizam Sagar Reservoir,Kamareddy,Lake/Reservoir,2024,November,Post-Monsoon,Diwali/Deepavali,724,724
Nizam Sagar Reservoir,Kamareddy,Lake/Reservoir,2024,December,Winter,Christmas,763,763
Nizam Sagar Reservoir,Kamareddy,Lake/Reservoir,2025,January,Winter,"Bhogi, Sankranti/Pongal, New Year's Day, Republic Day",713,713
Nizam Sagar Reservoir,Kamareddy,Lake/Reservoir,2025,February,Winter,Maha Shivaratri,790,790
Nizam Sagar Reservoir,Kamareddy,Lake/Reservoir,2025,March,Summer,"Holi, Ugadi, Eid-ul-Fitr",553,553
Nizam Sagar Reservoir,Kamareddy,Lake/Reservoir,2025,April,Summer,"Sri Rama Navami, Ambedkar Jayanti",558,558
Nizam Sagar Reservoir,Kamareddy,Lake/Reservoir,2025,May,Summer,May Day,681,681
Nizam Sagar Reservoir,Kamareddy,Lake/Reservoir,2025,June,Monsoon,"Bakrid/Eid-ul-Adha, Telangana Formation Day",425,425
Nizam Sagar Reservoir,Kamareddy,Lake/Reservoir,2025,July,Monsoon,Bonalu,449,449
Nizam Sagar Reservoir,Kamareddy,Lake/Reservoir,2025,August,Monsoon,"Krishna Ashtami, Vinayaka Chavithi, Independence Day",429,429
Nizam Sagar Reservoir,Kamareddy,Lake/Reservoir,2025,September,Monsoon,Bathukamma (Engili Pula to Saddula),444,444
Nizam Sagar Reservoir,Kamareddy,Lake/Reservoir,2025,October,Post-Monsoon,"Vijaya Dasami/Dussehra, Diwali/Deepavali",677,677
Nizam Sagar Reservoir,Kamareddy,Lake/Reservoir,2025,November,Post-Monsoon,No Major Festival / Public Holiday,712,712
Nizam Sagar Reservoir,Kamareddy,Lake/Reservoir,2025,December,Winter,Christmas,777,777
Nizam's Museum,Hyderabad,Museum/Gallery,2024,January,Winter,"Bhogi, Sankranti/Pongal, New Year's Day, Republic Day",6331,6331
Nizam's Museum,Hyderabad,Museum/Gallery,2024,February,Winter,No Major Festival / Public Holiday,4317,4317
Nizam's Museum,Hyderabad,Museum/Gallery,2024,March,Summer,"Maha Shivaratri, Holi",3356,3356
Nizam's Museum,Hyderabad,Museum/Gallery,2024,April,Summer,"Ugadi, Sri Rama Navami, Eid-ul-Fitr, Ambedkar Jayanti",3489,3489
Nizam's Museum,Hyderabad,Museum/Gallery,2024,May,Summer,May Day,4051,4051
Nizam's Museum,Hyderabad,Museum/Gallery,2024,June,Monsoon,"Bakrid/Eid-ul-Adha, Telangana Formation Day",2522,2522
Nizam's Museum,Hyderabad,Museum/Gallery,2024,July,Monsoon,Bonalu,2586,2586
Nizam's Museum,Hyderabad,Museum/Gallery,2024,August,Monsoon,"Raksha Bandhan, Krishna Janmashtami, Independence Day",2733,2733
Nizam's Museum,Hyderabad,Museum/Gallery,2024,September,Monsoon,"Ganesh Chaturthi, Engili Pula Bathukamma (start)",2670,2670
Nizam's Museum,Hyderabad,Museum/Gallery,2024,October,Post-Monsoon,"Bathukamma (Saddula Bathukamma), Dussehra/Vijayadashami",5736,5736
Nizam's Museum,Hyderabad,Museum/Gallery,2024,November,Post-Monsoon,Diwali/Deepavali,4202,4202
Nizam's Museum,Hyderabad,Museum/Gallery,2024,December,Winter,Christmas,6414,6414
Nizam's Museum,Hyderabad,Museum/Gallery,2025,January,Winter,"Bhogi, Sankranti/Pongal, New Year's Day, Republic Day",6433,6433
Nizam's Museum,Hyderabad,Museum/Gallery,2025,February,Winter,Maha Shivaratri,4162,4162
Nizam's Museum,Hyderabad,Museum/Gallery,2025,March,Summer,"Holi, Ugadi, Eid-ul-Fitr",3342,3342
Nizam's Museum,Hyderabad,Museum/Gallery,2025,April,Summer,"Sri Rama Navami, Ambedkar Jayanti",3420,3420
Nizam's Museum,Hyderabad,Museum/Gallery,2025,May,Summer,May Day,4149,4149
Nizam's Museum,Hyderabad,Museum/Gallery,2025,June,Monsoon,"Bakrid/Eid-ul-Adha, Telangana Formation Day",2658,2658
Nizam's Museum,Hyderabad,Museum/Gallery,2025,July,Monsoon,Bonalu,2520,2520
Nizam's Museum,Hyderabad,Museum/Gallery,2025,August,Monsoon,"Krishna Ashtami, Vinayaka Chavithi, Independence Day",2718,2718
Nizam's Museum,Hyderabad,Museum/Gallery,2025,September,Monsoon,Bathukamma (Engili Pula to Saddula),2694,2694
Nizam's Museum,Hyderabad,Museum/Gallery,2025,October,Post-Monsoon,"Vijaya Dasami/Dussehra, Diwali/Deepavali",5355,5355
Nizam's Museum,Hyderabad,Museum/Gallery,2025,November,Post-Monsoon,No Major Festival / Public Holiday,4007,4007
Nizam's Museum,Hyderabad,Museum/Gallery,2025,December,Winter,Christmas,5885,5885
Nizamabad Fort,Nizamabad,Fort,2024,January,Winter,"Bhogi, Sankranti/Pongal, New Year's Day, Republic Day",9109,9109
Nizamabad Fort,Nizamabad,Fort,2024,February,Winter,No Major Festival / Public Holiday,6250,6250
Nizamabad Fort,Nizamabad,Fort,2024,March,Summer,"Maha Shivaratri, Holi",5024,5024
Nizamabad Fort,Nizamabad,Fort,2024,April,Summer,"Ugadi, Sri Rama Navami, Eid-ul-Fitr, Ambedkar Jayanti",4520,4520
Nizamabad Fort,Nizamabad,Fort,2024,May,Summer,May Day,5614,5614
Nizamabad Fort,Nizamabad,Fort,2024,June,Monsoon,"Bakrid/Eid-ul-Adha, Telangana Formation Day",3812,3812
Nizamabad Fort,Nizamabad,Fort,2024,July,Monsoon,Bonalu,3682,3682
Nizamabad Fort,Nizamabad,Fort,2024,August,Monsoon,"Raksha Bandhan, Krishna Janmashtami, Independence Day",3942,3942
Nizamabad Fort,Nizamabad,Fort,2024,September,Monsoon,"Ganesh Chaturthi, Engili Pula Bathukamma (start)",3554,3554
Nizamabad Fort,Nizamabad,Fort,2024,October,Post-Monsoon,"Bathukamma (Saddula Bathukamma), Dussehra/Vijayadashami",8097,8097
Nizamabad Fort,Nizamabad,Fort,2024,November,Post-Monsoon,Diwali/Deepavali,5812,5812
Nizamabad Fort,Nizamabad,Fort,2024,December,Winter,Christmas,8910,8910
Nizamabad Fort,Nizamabad,Fort,2025,January,Winter,"Bhogi, Sankranti/Pongal, New Year's Day, Republic Day",8493,8493
Nizamabad Fort,Nizamabad,Fort,2025,February,Winter,Maha Shivaratri,6148,6148
Nizamabad Fort,Nizamabad,Fort,2025,March,Summer,"Holi, Ugadi, Eid-ul-Fitr",4945,4945
Nizamabad Fort,Nizamabad,Fort,2025,April,Summer,"Sri Rama Navami, Ambedkar Jayanti",4576,4576
Nizamabad Fort,Nizamabad,Fort,2025,May,Summer,May Day,5975,5975
Nizamabad Fort,Nizamabad,Fort,2025,June,Monsoon,"Bakrid/Eid-ul-Adha, Telangana Formation Day",3778,3778
Nizamabad Fort,Nizamabad,Fort,2025,July,Monsoon,Bonalu,3867,3867
Nizamabad Fort,Nizamabad,Fort,2025,August,Monsoon,"Krishna Ashtami, Vinayaka Chavithi, Independence Day",3846,3846
Nizamabad Fort,Nizamabad,Fort,2025,September,Monsoon,Bathukamma (Engili Pula to Saddula),3618,3618
Nizamabad Fort,Nizamabad,Fort,2025,October,Post-Monsoon,"Vijaya Dasami/Dussehra, Diwali/Deepavali",8116,8116
Nizamabad Fort,Nizamabad,Fort,2025,November,Post-Monsoon,No Major Festival / Public Holiday,6003,6003
Nizamabad Fort,Nizamabad,Fort,2025,December,Winter,Christmas,8678,8678
Nizami View Point,Ranga Reddy,Other/Cultural Site,2024,January,Winter,"Bhogi, Sankranti/Pongal, New Year's Day, Republic Day",452,452
Nizami View Point,Ranga Reddy,Other/Cultural Site,2024,February,Winter,No Major Festival / Public Holiday,434,434
Nizami View Point,Ranga Reddy,Other/Cultural Site,2024,March,Summer,"Maha Shivaratri, Holi",331,331
Nizami View Point,Ranga Reddy,Other/Cultural Site,2024,April,Summer,"Ugadi, Sri Rama Navami, Eid-ul-Fitr, Ambedkar Jayanti",343,343
Nizami View Point,Ranga Reddy,Other/Cultural Site,2024,May,Summer,May Day,396,396
Nizami View Point,Ranga Reddy,Other/Cultural Site,2024,June,Monsoon,"Bakrid/Eid-ul-Adha, Telangana Formation Day",260,260
Nizami View Point,Ranga Reddy,Other/Cultural Site,2024,July,Monsoon,Bonalu,258,258
Nizami View Point,Ranga Reddy,Other/Cultural Site,2024,August,Monsoon,"Raksha Bandhan, Krishna Janmashtami, Independence Day",258,258
Nizami View Point,Ranga Reddy,Other/Cultural Site,2024,September,Monsoon,"Ganesh Chaturthi, Engili Pula Bathukamma (start)",263,263
Nizami View Point,Ranga Reddy,Other/Cultural Site,2024,October,Post-Monsoon,"Bathukamma (Saddula Bathukamma), Dussehra/Vijayadashami",417,417
Nizami View Point,Ranga Reddy,Other/Cultural Site,2024,November,Post-Monsoon,Diwali/Deepavali,395,395
Nizami View Point,Ranga Reddy,Other/Cultural Site,2024,December,Winter,Christmas,438,438
Nizami View Point,Ranga Reddy,Other/Cultural Site,2025,January,Winter,"Bhogi, Sankranti/Pongal, New Year's Day, Republic Day",446,446
Nizami View Point,Ranga Reddy,Other/Cultural Site,2025,February,Winter,Maha Shivaratri,425,425
Nizami View Point,Ranga Reddy,Other/Cultural Site,2025,March,Summer,"Holi, Ugadi, Eid-ul-Fitr",323,323
Nizami View Point,Ranga Reddy,Other/Cultural Site,2025,April,Summer,"Sri Rama Navami, Ambedkar Jayanti",349,349
Nizami View Point,Ranga Reddy,Other/Cultural Site,2025,May,Summer,May Day,413,413
Nizami View Point,Ranga Reddy,Other/Cultural Site,2025,June,Monsoon,"Bakrid/Eid-ul-Adha, Telangana Formation Day",264,264
Nizami View Point,Ranga Reddy,Other/Cultural Site,2025,July,Monsoon,Bonalu,267,267
Nizami View Point,Ranga Reddy,Other/Cultural Site,2025,August,Monsoon,"Krishna Ashtami, Vinayaka Chavithi, Independence Day",247,247
Nizami View Point,Ranga Reddy,Other/Cultural Site,2025,September,Monsoon,Bathukamma (Engili Pula to Saddula),266,266
Nizami View Point,Ranga Reddy,Other/Cultural Site,2025,October,Post-Monsoon,"Vijaya Dasami/Dussehra, Diwali/Deepavali",402,402
Nizami View Point,Ranga Reddy,Other/Cultural Site,2025,November,Post-Monsoon,No Major Festival / Public Holiday,404,404
Nizami View Point,Ranga Reddy,Other/Cultural Site,2025,December,Winter,Christmas,430,430
Ocean Park,Ranga Reddy,Park/Garden,2024,January,Winter,"Bhogi, Sankranti/Pongal, New Year's Day, Republic Day",6721,6721
Ocean Park,Ranga Reddy,Park/Garden,2024,February,Winter,No Major Festival / Public Holiday,4813,4813
Ocean Park,Ranga Reddy,Park/Garden,2024,March,Summer,"Maha Shivaratri, Holi",3782,3782
Ocean Park,Ranga Reddy,Park/Garden,2024,April,Summer,"Ugadi, Sri Rama Navami, Eid-ul-Fitr, Ambedkar Jayanti",3702,3702
Ocean Park,Ranga Reddy,Park/Garden,2024,May,Summer,May Day,6244,6244
Ocean Park,Ranga Reddy,Park/Garden,2024,June,Monsoon,"Bakrid/Eid-ul-Adha, Telangana Formation Day",3052,3052
Ocean Park,Ranga Reddy,Park/Garden,2024,July,Monsoon,Bonalu,3054,3054
Ocean Park,Ranga Reddy,Park/Garden,2024,August,Monsoon,"Raksha Bandhan, Krishna Janmashtami, Independence Day",3116,3116
Ocean Park,Ranga Reddy,Park/Garden,2024,September,Monsoon,"Ganesh Chaturthi, Engili Pula Bathukamma (start)",2970,2970
Ocean Park,Ranga Reddy,Park/Garden,2024,October,Post-Monsoon,"Bathukamma (Saddula Bathukamma), Dussehra/Vijayadashami",4364,4364
Ocean Park,Ranga Reddy,Park/Garden,2024,November,Post-Monsoon,Diwali/Deepavali,4475,4475
Ocean Park,Ranga Reddy,Park/Garden,2024,December,Winter,Christmas,7403,7403
Ocean Park,Ranga Reddy,Park/Garden,2025,January,Winter,"Bhogi, Sankranti/Pongal, New Year's Day, Republic Day",7080,7080
Ocean Park,Ranga Reddy,Park/Garden,2025,February,Winter,Maha Shivaratri,5125,5125
Ocean Park,Ranga Reddy,Park/Garden,2025,March,Summer,"Holi, Ugadi, Eid-ul-Fitr",3575,3575
Ocean Park,Ranga Reddy,Park/Garden,2025,April,Summer,"Sri Rama Navami, Ambedkar Jayanti",3808,3808
Ocean Park,Ranga Reddy,Park/Garden,2025,May,Summer,May Day,6082,6082
Ocean Park,Ranga Reddy,Park/Garden,2025,June,Monsoon,"Bakrid/Eid-ul-Adha, Telangana Formation Day",3024,3024
Ocean Park,Ranga Reddy,Park/Garden,2025,July,Monsoon,Bonalu,3151,3151
Ocean Park,Ranga Reddy,Park/Garden,2025,August,Monsoon,"Krishna Ashtami, Vinayaka Chavithi, Independence Day",3168,3168
Ocean Park,Ranga Reddy,Park/Garden,2025,September,Monsoon,Bathukamma (Engili Pula to Saddula),3014,3014
Ocean Park,Ranga Reddy,Park/Garden,2025,October,Post-Monsoon,"Vijaya Dasami/Dussehra, Diwali/Deepavali",4576,4576
Ocean Park,Ranga Reddy,Park/Garden,2025,November,Post-Monsoon,No Major Festival / Public Holiday,4845,4845
Ocean Park,Ranga Reddy,Park/Garden,2025,December,Winter,Christmas,7145,7145
Old Fortress on Gutta,Nalgonda,Fort,2024,January,Winter,"Bhogi, Sankranti/Pongal, New Year's Day, Republic Day",9207,9207
Old Fortress on Gutta,Nalgonda,Fort,2024,February,Winter,No Major Festival / Public Holiday,6559,6559
Old Fortress on Gutta,Nalgonda,Fort,2024,March,Summer,"Maha Shivaratri, Holi",4584,4584
Old Fortress on Gutta,Nalgonda,Fort,2024,April,Summer,"Ugadi, Sri Rama Navami, Eid-ul-Fitr, Ambedkar Jayanti",4487,4487
Old Fortress on Gutta,Nalgonda,Fort,2024,May,Summer,May Day,5916,5916
Old Fortress on Gutta,Nalgonda,Fort,2024,June,Monsoon,"Bakrid/Eid-ul-Adha, Telangana Formation Day",3897,3897
Old Fortress on Gutta,Nalgonda,Fort,2024,July,Monsoon,Bonalu,3960,3960
Old Fortress on Gutta,Nalgonda,Fort,2024,August,Monsoon,"Raksha Bandhan, Krishna Janmashtami, Independence Day",3925,3925
Old Fortress on Gutta,Nalgonda,Fort,2024,September,Monsoon,"Ganesh Chaturthi, Engili Pula Bathukamma (start)",3795,3795
Old Fortress on Gutta,Nalgonda,Fort,2024,October,Post-Monsoon,"Bathukamma (Saddula Bathukamma), Dussehra/Vijayadashami",8079,8079
Old Fortress on Gutta,Nalgonda,Fort,2024,November,Post-Monsoon,Diwali/Deepavali,5424,5424
Old Fortress on Gutta,Nalgonda,Fort,2024,December,Winter,Christmas,8483,8483
Old Fortress on Gutta,Nalgonda,Fort,2025,January,Winter,"Bhogi, Sankranti/Pongal, New Year's Day, Republic Day",8707,8707
Old Fortress on Gutta,Nalgonda,Fort,2025,February,Winter,Maha Shivaratri,6346,6346
Old Fortress on Gutta,Nalgonda,Fort,2025,March,Summer,"Holi, Ugadi, Eid-ul-Fitr",4782,4782
Old Fortress on Gutta,Nalgonda,Fort,2025,April,Summer,"Sri Rama Navami, Ambedkar Jayanti",4888,4888
Old Fortress on Gutta,Nalgonda,Fort,2025,May,Summer,May Day,5598,5598
Old Fortress on Gutta,Nalgonda,Fort,2025,June,Monsoon,"Bakrid/Eid-ul-Adha, Telangana Formation Day",3779,3779
Old Fortress on Gutta,Nalgonda,Fort,2025,July,Monsoon,Bonalu,3564,3564
Old Fortress on Gutta,Nalgonda,Fort,2025,August,Monsoon,"Krishna Ashtami, Vinayaka Chavithi, Independence Day",3711,3711
Old Fortress on Gutta,Nalgonda,Fort,2025,September,Monsoon,Bathukamma (Engili Pula to Saddula),3862,3862
Old Fortress on Gutta,Nalgonda,Fort,2025,October,Post-Monsoon,"Vijaya Dasami/Dussehra, Diwali/Deepavali",8236,8236
Old Fortress on Gutta,Nalgonda,Fort,2025,November,Post-Monsoon,No Major Festival / Public Holiday,6088,6088
Old Fortress on Gutta,Nalgonda,Fort,2025,December,Winter,Christmas,8516,8516
Osman Sagar Lake / Gandipet,Ranga Reddy,Lake/Reservoir,2024,January,Winter,"Bhogi, Sankranti/Pongal, New Year's Day, Republic Day",751,751
Osman Sagar Lake / Gandipet,Ranga Reddy,Lake/Reservoir,2024,February,Winter,No Major Festival / Public Holiday,789,789
Osman Sagar Lake / Gandipet,Ranga Reddy,Lake/Reservoir,2024,March,Summer,"Maha Shivaratri, Holi",539,539
Osman Sagar Lake / Gandipet,Ranga Reddy,Lake/Reservoir,2024,April,Summer,"Ugadi, Sri Rama Navami, Eid-ul-Fitr, Ambedkar Jayanti",559,559
Osman Sagar Lake / Gandipet,Ranga Reddy,Lake/Reservoir,2024,May,Summer,May Day,719,719
Osman Sagar Lake / Gandipet,Ranga Reddy,Lake/Reservoir,2024,June,Monsoon,"Bakrid/Eid-ul-Adha, Telangana Formation Day",444,444
Osman Sagar Lake / Gandipet,Ranga Reddy,Lake/Reservoir,2024,July,Monsoon,Bonalu,433,433
Osman Sagar Lake / Gandipet,Ranga Reddy,Lake/Reservoir,2024,August,Monsoon,"Raksha Bandhan, Krishna Janmashtami, Independence Day",445,445
Osman Sagar Lake / Gandipet,Ranga Reddy,Lake/Reservoir,2024,September,Monsoon,"Ganesh Chaturthi, Engili Pula Bathukamma (start)",443,443
Osman Sagar Lake / Gandipet,Ranga Reddy,Lake/Reservoir,2024,October,Post-Monsoon,"Bathukamma (Saddula Bathukamma), Dussehra/Vijayadashami",724,724
Osman Sagar Lake / Gandipet,Ranga Reddy,Lake/Reservoir,2024,November,Post-Monsoon,Diwali/Deepavali,711,711
Osman Sagar Lake / Gandipet,Ranga Reddy,Lake/Reservoir,2024,December,Winter,Christmas,750,750
Osman Sagar Lake / Gandipet,Ranga Reddy,Lake/Reservoir,2025,January,Winter,"Bhogi, Sankranti/Pongal, New Year's Day, Republic Day",793,793
Osman Sagar Lake / Gandipet,Ranga Reddy,Lake/Reservoir,2025,February,Winter,Maha Shivaratri,746,746
Osman Sagar Lake / Gandipet,Ranga Reddy,Lake/Reservoir,2025,March,Summer,"Holi, Ugadi, Eid-ul-Fitr",539,539
Osman Sagar Lake / Gandipet,Ranga Reddy,Lake/Reservoir,2025,April,Summer,"Sri Rama Navami, Ambedkar Jayanti",553,553
Osman Sagar Lake / Gandipet,Ranga Reddy,Lake/Reservoir,2025,May,Summer,May Day,684,684
Osman Sagar Lake / Gandipet,Ranga Reddy,Lake/Reservoir,2025,June,Monsoon,"Bakrid/Eid-ul-Adha, Telangana Formation Day",431,431
Osman Sagar Lake / Gandipet,Ranga Reddy,Lake/Reservoir,2025,July,Monsoon,Bonalu,474,474
Osman Sagar Lake / Gandipet,Ranga Reddy,Lake/Reservoir,2025,August,Monsoon,"Krishna Ashtami, Vinayaka Chavithi, Independence Day",464,464
Osman Sagar Lake / Gandipet,Ranga Reddy,Lake/Reservoir,2025,September,Monsoon,Bathukamma (Engili Pula to Saddula),437,437
Osman Sagar Lake / Gandipet,Ranga Reddy,Lake/Reservoir,2025,October,Post-Monsoon,"Vijaya Dasami/Dussehra, Diwali/Deepavali",697,697
Osman Sagar Lake / Gandipet,Ranga Reddy,Lake/Reservoir,2025,November,Post-Monsoon,No Major Festival / Public Holiday,708,708
Osman Sagar Lake / Gandipet,Ranga Reddy,Lake/Reservoir,2025,December,Winter,Christmas,789,789
Pahadi Shareef Dargah,Ranga Reddy,Temple,2024,January,Winter,"Bhogi, Sankranti/Pongal, New Year's Day, Republic Day",16688,16688
Pahadi Shareef Dargah,Ranga Reddy,Temple,2024,February,Winter,No Major Festival / Public Holiday,9795,9795
Pahadi Shareef Dargah,Ranga Reddy,Temple,2024,March,Summer,"Maha Shivaratri, Holi",7826,7826
Pahadi Shareef Dargah,Ranga Reddy,Temple,2024,April,Summer,"Ugadi, Sri Rama Navami, Eid-ul-Fitr, Ambedkar Jayanti",7395,7395
Pahadi Shareef Dargah,Ranga Reddy,Temple,2024,May,Summer,May Day,6538,6538
Pahadi Shareef Dargah,Ranga Reddy,Temple,2024,June,Monsoon,"Bakrid/Eid-ul-Adha, Telangana Formation Day",4527,4527
Pahadi Shareef Dargah,Ranga Reddy,Temple,2024,July,Monsoon,Bonalu,4684,4684
Pahadi Shareef Dargah,Ranga Reddy,Temple,2024,August,Monsoon,"Raksha Bandhan, Krishna Janmashtami, Independence Day",4768,4768
Pahadi Shareef Dargah,Ranga Reddy,Temple,2024,September,Monsoon,"Ganesh Chaturthi, Engili Pula Bathukamma (start)",4462,4462
Pahadi Shareef Dargah,Ranga Reddy,Temple,2024,October,Post-Monsoon,"Bathukamma (Saddula Bathukamma), Dussehra/Vijayadashami",16878,16878
Pahadi Shareef Dargah,Ranga Reddy,Temple,2024,November,Post-Monsoon,Diwali/Deepavali,7236,7236
Pahadi Shareef Dargah,Ranga Reddy,Temple,2024,December,Winter,Christmas,7222,7222
Pahadi Shareef Dargah,Ranga Reddy,Temple,2025,January,Winter,"Bhogi, Sankranti/Pongal, New Year's Day, Republic Day",16728,16728
Pahadi Shareef Dargah,Ranga Reddy,Temple,2025,February,Winter,Maha Shivaratri,7415,7415
Pahadi Shareef Dargah,Ranga Reddy,Temple,2025,March,Summer,"Holi, Ugadi, Eid-ul-Fitr",7001,7001
Pahadi Shareef Dargah,Ranga Reddy,Temple,2025,April,Summer,"Sri Rama Navami, Ambedkar Jayanti",5595,5595
Pahadi Shareef Dargah,Ranga Reddy,Temple,2025,May,Summer,May Day,6705,6705
Pahadi Shareef Dargah,Ranga Reddy,Temple,2025,June,Monsoon,"Bakrid/Eid-ul-Adha, Telangana Formation Day",4600,4600
Pahadi Shareef Dargah,Ranga Reddy,Temple,2025,July,Monsoon,Bonalu,4742,4742
Pahadi Shareef Dargah,Ranga Reddy,Temple,2025,August,Monsoon,"Krishna Ashtami, Vinayaka Chavithi, Independence Day",4374,4374
Pahadi Shareef Dargah,Ranga Reddy,Temple,2025,September,Monsoon,Bathukamma (Engili Pula to Saddula),4668,4668
Pahadi Shareef Dargah,Ranga Reddy,Temple,2025,October,Post-Monsoon,"Vijaya Dasami/Dussehra, Diwali/Deepavali",16329,16329
Pahadi Shareef Dargah,Ranga Reddy,Temple,2025,November,Post-Monsoon,No Major Festival / Public Holiday,9011,9011
Pahadi Shareef Dargah,Ranga Reddy,Temple,2025,December,Winter,Christmas,7113,7113
Paigah Tombs,Hyderabad,Monument/Tomb,2024,January,Winter,"Bhogi, Sankranti/Pongal, New Year's Day, Republic Day",1769,1769
Paigah Tombs,Hyderabad,Monument/Tomb,2024,February,Winter,No Major Festival / Public Holiday,1247,1247
Paigah Tombs,Hyderabad,Monument/Tomb,2024,March,Summer,"Maha Shivaratri, Holi",963,963
Paigah Tombs,Hyderabad,Monument/Tomb,2024,April,Summer,"Ugadi, Sri Rama Navami, Eid-ul-Fitr, Ambedkar Jayanti",894,894
Paigah Tombs,Hyderabad,Monument/Tomb,2024,May,Summer,May Day,1107,1107
Paigah Tombs,Hyderabad,Monument/Tomb,2024,June,Monsoon,"Bakrid/Eid-ul-Adha, Telangana Formation Day",749,749
Paigah Tombs,Hyderabad,Monument/Tomb,2024,July,Monsoon,Bonalu,790,790
Paigah Tombs,Hyderabad,Monument/Tomb,2024,August,Monsoon,"Raksha Bandhan, Krishna Janmashtami, Independence Day",739,739
Paigah Tombs,Hyderabad,Monument/Tomb,2024,September,Monsoon,"Ganesh Chaturthi, Engili Pula Bathukamma (start)",743,743
Paigah Tombs,Hyderabad,Monument/Tomb,2024,October,Post-Monsoon,"Bathukamma (Saddula Bathukamma), Dussehra/Vijayadashami",1651,1651
Paigah Tombs,Hyderabad,Monument/Tomb,2024,November,Post-Monsoon,Diwali/Deepavali,1164,1164
Paigah Tombs,Hyderabad,Monument/Tomb,2024,December,Winter,Christmas,1707,1707
Paigah Tombs,Hyderabad,Monument/Tomb,2025,January,Winter,"Bhogi, Sankranti/Pongal, New Year's Day, Republic Day",1731,1731
Paigah Tombs,Hyderabad,Monument/Tomb,2025,February,Winter,Maha Shivaratri,1207,1207
Paigah Tombs,Hyderabad,Monument/Tomb,2025,March,Summer,"Holi, Ugadi, Eid-ul-Fitr",1003,1003
Paigah Tombs,Hyderabad,Monument/Tomb,2025,April,Summer,"Sri Rama Navami, Ambedkar Jayanti",907,907
Paigah Tombs,Hyderabad,Monument/Tomb,2025,May,Summer,May Day,1132,1132
Paigah Tombs,Hyderabad,Monument/Tomb,2025,June,Monsoon,"Bakrid/Eid-ul-Adha, Telangana Formation Day",707,707
Paigah Tombs,Hyderabad,Monument/Tomb,2025,July,Monsoon,Bonalu,724,724
Paigah Tombs,Hyderabad,Monument/Tomb,2025,August,Monsoon,"Krishna Ashtami, Vinayaka Chavithi, Independence Day",775,775
Paigah Tombs,Hyderabad,Monument/Tomb,2025,September,Monsoon,Bathukamma (Engili Pula to Saddula),723,723
Paigah Tombs,Hyderabad,Monument/Tomb,2025,October,Post-Monsoon,"Vijaya Dasami/Dussehra, Diwali/Deepavali",1528,1528
Paigah Tombs,Hyderabad,Monument/Tomb,2025,November,Post-Monsoon,No Major Festival / Public Holiday,1146,1146
Paigah Tombs,Hyderabad,Monument/Tomb,2025,December,Winter,Christmas,1647,1647
Pakhal Lake & Wildlife Sanctuary,Warangal,Lake/Reservoir,2024,January,Winter,"Bhogi, Sankranti/Pongal, New Year's Day, Republic Day",781,781
Pakhal Lake & Wildlife Sanctuary,Warangal,Lake/Reservoir,2024,February,Winter,No Major Festival / Public Holiday,770,770
Pakhal Lake & Wildlife Sanctuary,Warangal,Lake/Reservoir,2024,March,Summer,"Maha Shivaratri, Holi",602,602
Pakhal Lake & Wildlife Sanctuary,Warangal,Lake/Reservoir,2024,April,Summer,"Ugadi, Sri Rama Navami, Eid-ul-Fitr, Ambedkar Jayanti",546,546
Pakhal Lake & Wildlife Sanctuary,Warangal,Lake/Reservoir,2024,May,Summer,May Day,667,667
Pakhal Lake & Wildlife Sanctuary,Warangal,Lake/Reservoir,2024,June,Monsoon,"Bakrid/Eid-ul-Adha, Telangana Formation Day",434,434
Pakhal Lake & Wildlife Sanctuary,Warangal,Lake/Reservoir,2024,July,Monsoon,Bonalu,465,465
Pakhal Lake & Wildlife Sanctuary,Warangal,Lake/Reservoir,2024,August,Monsoon,"Raksha Bandhan, Krishna Janmashtami, Independence Day",433,433
Pakhal Lake & Wildlife Sanctuary,Warangal,Lake/Reservoir,2024,September,Monsoon,"Ganesh Chaturthi, Engili Pula Bathukamma (start)",426,426
Pakhal Lake & Wildlife Sanctuary,Warangal,Lake/Reservoir,2024,October,Post-Monsoon,"Bathukamma (Saddula Bathukamma), Dussehra/Vijayadashami",731,731
Pakhal Lake & Wildlife Sanctuary,Warangal,Lake/Reservoir,2024,November,Post-Monsoon,Diwali/Deepavali,650,650
Pakhal Lake & Wildlife Sanctuary,Warangal,Lake/Reservoir,2024,December,Winter,Christmas,780,780
Pakhal Lake & Wildlife Sanctuary,Warangal,Lake/Reservoir,2025,January,Winter,"Bhogi, Sankranti/Pongal, New Year's Day, Republic Day",737,737
Pakhal Lake & Wildlife Sanctuary,Warangal,Lake/Reservoir,2025,February,Winter,Maha Shivaratri,780,780
Pakhal Lake & Wildlife Sanctuary,Warangal,Lake/Reservoir,2025,March,Summer,"Holi, Ugadi, Eid-ul-Fitr",573,573
Pakhal Lake & Wildlife Sanctuary,Warangal,Lake/Reservoir,2025,April,Summer,"Sri Rama Navami, Ambedkar Jayanti",597,597
Pakhal Lake & Wildlife Sanctuary,Warangal,Lake/Reservoir,2025,May,Summer,May Day,725,725
Pakhal Lake & Wildlife Sanctuary,Warangal,Lake/Reservoir,2025,June,Monsoon,"Bakrid/Eid-ul-Adha, Telangana Formation Day",423,423
Pakhal Lake & Wildlife Sanctuary,Warangal,Lake/Reservoir,2025,July,Monsoon,Bonalu,427,427
Pakhal Lake & Wildlife Sanctuary,Warangal,Lake/Reservoir,2025,August,Monsoon,"Krishna Ashtami, Vinayaka Chavithi, Independence Day",436,436
Pakhal Lake & Wildlife Sanctuary,Warangal,Lake/Reservoir,2025,September,Monsoon,Bathukamma (Engili Pula to Saddula),459,459
Pakhal Lake & Wildlife Sanctuary,Warangal,Lake/Reservoir,2025,October,Post-Monsoon,"Vijaya Dasami/Dussehra, Diwali/Deepavali",722,722
Pakhal Lake & Wildlife Sanctuary,Warangal,Lake/Reservoir,2025,November,Post-Monsoon,No Major Festival / Public Holiday,686,686
Pakhal Lake & Wildlife Sanctuary,Warangal,Lake/Reservoir,2025,December,Winter,Christmas,759,759
Pakhal WLS,Mahabubabad,Other/Cultural Site,2024,January,Winter,"Bhogi, Sankranti/Pongal, New Year's Day, Republic Day",441,441
Pakhal WLS,Mahabubabad,Other/Cultural Site,2024,February,Winter,No Major Festival / Public Holiday,411,411
Pakhal WLS,Mahabubabad,Other/Cultural Site,2024,March,Summer,"Maha Shivaratri, Holi",342,342
Pakhal WLS,Mahabubabad,Other/Cultural Site,2024,April,Summer,"Ugadi, Sri Rama Navami, Eid-ul-Fitr, Ambedkar Jayanti",340,340
Pakhal WLS,Mahabubabad,Other/Cultural Site,2024,May,Summer,May Day,396,396
Pakhal WLS,Mahabubabad,Other/Cultural Site,2024,June,Monsoon,"Bakrid/Eid-ul-Adha, Telangana Formation Day",248,248
Pakhal WLS,Mahabubabad,Other/Cultural Site,2024,July,Monsoon,Bonalu,270,270
Pakhal WLS,Mahabubabad,Other/Cultural Site,2024,August,Monsoon,"Raksha Bandhan, Krishna Janmashtami, Independence Day",276,276
Pakhal WLS,Mahabubabad,Other/Cultural Site,2024,September,Monsoon,"Ganesh Chaturthi, Engili Pula Bathukamma (start)",254,254
Pakhal WLS,Mahabubabad,Other/Cultural Site,2024,October,Post-Monsoon,"Bathukamma (Saddula Bathukamma), Dussehra/Vijayadashami",393,393
Pakhal WLS,Mahabubabad,Other/Cultural Site,2024,November,Post-Monsoon,Diwali/Deepavali,387,387
Pakhal WLS,Mahabubabad,Other/Cultural Site,2024,December,Winter,Christmas,441,441
Pakhal WLS,Mahabubabad,Other/Cultural Site,2025,January,Winter,"Bhogi, Sankranti/Pongal, New Year's Day, Republic Day",419,419
Pakhal WLS,Mahabubabad,Other/Cultural Site,2025,February,Winter,Maha Shivaratri,429,429
Pakhal WLS,Mahabubabad,Other/Cultural Site,2025,March,Summer,"Holi, Ugadi, Eid-ul-Fitr",340,340
Pakhal WLS,Mahabubabad,Other/Cultural Site,2025,April,Summer,"Sri Rama Navami, Ambedkar Jayanti",334,334
Pakhal WLS,Mahabubabad,Other/Cultural Site,2025,May,Summer,May Day,397,397
Pakhal WLS,Mahabubabad,Other/Cultural Site,2025,June,Monsoon,"Bakrid/Eid-ul-Adha, Telangana Formation Day",259,259
Pakhal WLS,Mahabubabad,Other/Cultural Site,2025,July,Monsoon,Bonalu,264,264
Pakhal WLS,Mahabubabad,Other/Cultural Site,2025,August,Monsoon,"Krishna Ashtami, Vinayaka Chavithi, Independence Day",246,246
Pakhal WLS,Mahabubabad,Other/Cultural Site,2025,September,Monsoon,Bathukamma (Engili Pula to Saddula),249,249
Pakhal WLS,Mahabubabad,Other/Cultural Site,2025,October,Post-Monsoon,"Vijaya Dasami/Dussehra, Diwali/Deepavali",420,420
Pakhal WLS,Mahabubabad,Other/Cultural Site,2025,November,Post-Monsoon,No Major Festival / Public Holiday,382,382
Pakhal WLS,Mahabubabad,Other/Cultural Site,2025,December,Winter,Christmas,448,448
Pandavula Guhalu,Jayashankar Bhupalpally,Cave/Hill/Viewpoint,2024,January,Winter,"Bhogi, Sankranti/Pongal, New Year's Day, Republic Day",962,962
Pandavula Guhalu,Jayashankar Bhupalpally,Cave/Hill/Viewpoint,2024,February,Winter,No Major Festival / Public Holiday,1034,1034
Pandavula Guhalu,Jayashankar Bhupalpally,Cave/Hill/Viewpoint,2024,March,Summer,"Maha Shivaratri, Holi",755,755
Pandavula Guhalu,Jayashankar Bhupalpally,Cave/Hill/Viewpoint,2024,April,Summer,"Ugadi, Sri Rama Navami, Eid-ul-Fitr, Ambedkar Jayanti",741,741
Pandavula Guhalu,Jayashankar Bhupalpally,Cave/Hill/Viewpoint,2024,May,Summer,May Day,907,907
Pandavula Guhalu,Jayashankar Bhupalpally,Cave/Hill/Viewpoint,2024,June,Monsoon,"Bakrid/Eid-ul-Adha, Telangana Formation Day",625,625
Pandavula Guhalu,Jayashankar Bhupalpally,Cave/Hill/Viewpoint,2024,July,Monsoon,Bonalu,617,617
Pandavula Guhalu,Jayashankar Bhupalpally,Cave/Hill/Viewpoint,2024,August,Monsoon,"Raksha Bandhan, Krishna Janmashtami, Independence Day",583,583
Pandavula Guhalu,Jayashankar Bhupalpally,Cave/Hill/Viewpoint,2024,September,Monsoon,"Ganesh Chaturthi, Engili Pula Bathukamma (start)",572,572
Pandavula Guhalu,Jayashankar Bhupalpally,Cave/Hill/Viewpoint,2024,October,Post-Monsoon,"Bathukamma (Saddula Bathukamma), Dussehra/Vijayadashami",892,892
Pandavula Guhalu,Jayashankar Bhupalpally,Cave/Hill/Viewpoint,2024,November,Post-Monsoon,Diwali/Deepavali,966,966
Pandavula Guhalu,Jayashankar Bhupalpally,Cave/Hill/Viewpoint,2024,December,Winter,Christmas,1009,1009
Pandavula Guhalu,Jayashankar Bhupalpally,Cave/Hill/Viewpoint,2025,January,Winter,"Bhogi, Sankranti/Pongal, New Year's Day, Republic Day",1004,1004
Pandavula Guhalu,Jayashankar Bhupalpally,Cave/Hill/Viewpoint,2025,February,Winter,Maha Shivaratri,1011,1011
Pandavula Guhalu,Jayashankar Bhupalpally,Cave/Hill/Viewpoint,2025,March,Summer,"Holi, Ugadi, Eid-ul-Fitr",747,747
Pandavula Guhalu,Jayashankar Bhupalpally,Cave/Hill/Viewpoint,2025,April,Summer,"Sri Rama Navami, Ambedkar Jayanti",788,788
Pandavula Guhalu,Jayashankar Bhupalpally,Cave/Hill/Viewpoint,2025,May,Summer,May Day,922,922
Pandavula Guhalu,Jayashankar Bhupalpally,Cave/Hill/Viewpoint,2025,June,Monsoon,"Bakrid/Eid-ul-Adha, Telangana Formation Day",572,572
Pandavula Guhalu,Jayashankar Bhupalpally,Cave/Hill/Viewpoint,2025,July,Monsoon,Bonalu,573,573
Pandavula Guhalu,Jayashankar Bhupalpally,Cave/Hill/Viewpoint,2025,August,Monsoon,"Krishna Ashtami, Vinayaka Chavithi, Independence Day",602,602
Pandavula Guhalu,Jayashankar Bhupalpally,Cave/Hill/Viewpoint,2025,September,Monsoon,Bathukamma (Engili Pula to Saddula),631,631
Pandavula Guhalu,Jayashankar Bhupalpally,Cave/Hill/Viewpoint,2025,October,Post-Monsoon,"Vijaya Dasami/Dussehra, Diwali/Deepavali",898,898
Pandavula Guhalu,Jayashankar Bhupalpally,Cave/Hill/Viewpoint,2025,November,Post-Monsoon,No Major Festival / Public Holiday,960,960
Pandavula Guhalu,Jayashankar Bhupalpally,Cave/Hill/Viewpoint,2025,December,Winter,Christmas,1031,1031
Pandavula Gutta,Khammam,Cave/Hill/Viewpoint,2024,January,Winter,"Bhogi, Sankranti/Pongal, New Year's Day, Republic Day",1038,1038
Pandavula Gutta,Khammam,Cave/Hill/Viewpoint,2024,February,Winter,No Major Festival / Public Holiday,960,960
Pandavula Gutta,Khammam,Cave/Hill/Viewpoint,2024,March,Summer,"Maha Shivaratri, Holi",788,788
Pandavula Gutta,Khammam,Cave/Hill/Viewpoint,2024,April,Summer,"Ugadi, Sri Rama Navami, Eid-ul-Fitr, Ambedkar Jayanti",777,777
Pandavula Gutta,Khammam,Cave/Hill/Viewpoint,2024,May,Summer,May Day,926,926
Pandavula Gutta,Khammam,Cave/Hill/Viewpoint,2024,June,Monsoon,"Bakrid/Eid-ul-Adha, Telangana Formation Day",614,614
Pandavula Gutta,Khammam,Cave/Hill/Viewpoint,2024,July,Monsoon,Bonalu,593,593
Pandavula Gutta,Khammam,Cave/Hill/Viewpoint,2024,August,Monsoon,"Raksha Bandhan, Krishna Janmashtami, Independence Day",573,573
Pandavula Gutta,Khammam,Cave/Hill/Viewpoint,2024,September,Monsoon,"Ganesh Chaturthi, Engili Pula Bathukamma (start)",611,611
Pandavula Gutta,Khammam,Cave/Hill/Viewpoint,2024,October,Post-Monsoon,"Bathukamma (Saddula Bathukamma), Dussehra/Vijayadashami",922,922
Pandavula Gutta,Khammam,Cave/Hill/Viewpoint,2024,November,Post-Monsoon,Diwali/Deepavali,935,935
Pandavula Gutta,Khammam,Cave/Hill/Viewpoint,2024,December,Winter,Christmas,980,980
Pandavula Gutta,Khammam,Cave/Hill/Viewpoint,2025,January,Winter,"Bhogi, Sankranti/Pongal, New Year's Day, Republic Day",1048,1048
Pandavula Gutta,Khammam,Cave/Hill/Viewpoint,2025,February,Winter,Maha Shivaratri,1010,1010
Pandavula Gutta,Khammam,Cave/Hill/Viewpoint,2025,March,Summer,"Holi, Ugadi, Eid-ul-Fitr",722,722
Pandavula Gutta,Khammam,Cave/Hill/Viewpoint,2025,April,Summer,"Sri Rama Navami, Ambedkar Jayanti",755,755
Pandavula Gutta,Khammam,Cave/Hill/Viewpoint,2025,May,Summer,May Day,948,948
Pandavula Gutta,Khammam,Cave/Hill/Viewpoint,2025,June,Monsoon,"Bakrid/Eid-ul-Adha, Telangana Formation Day",621,621
Pandavula Gutta,Khammam,Cave/Hill/Viewpoint,2025,July,Monsoon,Bonalu,599,599
Pandavula Gutta,Khammam,Cave/Hill/Viewpoint,2025,August,Monsoon,"Krishna Ashtami, Vinayaka Chavithi, Independence Day",628,628
Pandavula Gutta,Khammam,Cave/Hill/Viewpoint,2025,September,Monsoon,Bathukamma (Engili Pula to Saddula),583,583
Pandavula Gutta,Khammam,Cave/Hill/Viewpoint,2025,October,Post-Monsoon,"Vijaya Dasami/Dussehra, Diwali/Deepavali",910,910
Pandavula Gutta,Khammam,Cave/Hill/Viewpoint,2025,November,Post-Monsoon,No Major Festival / Public Holiday,964,964
Pandavula Gutta,Khammam,Cave/Hill/Viewpoint,2025,December,Winter,Christmas,1047,1047
Parnasala,Bhadradri Kothagudem,Other/Cultural Site,2024,January,Winter,"Bhogi, Sankranti/Pongal, New Year's Day, Republic Day",441,441
Parnasala,Bhadradri Kothagudem,Other/Cultural Site,2024,February,Winter,No Major Festival / Public Holiday,434,434
Parnasala,Bhadradri Kothagudem,Other/Cultural Site,2024,March,Summer,"Maha Shivaratri, Holi",326,326
Parnasala,Bhadradri Kothagudem,Other/Cultural Site,2024,April,Summer,"Ugadi, Sri Rama Navami, Eid-ul-Fitr, Ambedkar Jayanti",342,342
Parnasala,Bhadradri Kothagudem,Other/Cultural Site,2024,May,Summer,May Day,421,421
Parnasala,Bhadradri Kothagudem,Other/Cultural Site,2024,June,Monsoon,"Bakrid/Eid-ul-Adha, Telangana Formation Day",270,270
Parnasala,Bhadradri Kothagudem,Other/Cultural Site,2024,July,Monsoon,Bonalu,257,257
Parnasala,Bhadradri Kothagudem,Other/Cultural Site,2024,August,Monsoon,"Raksha Bandhan, Krishna Janmashtami, Independence Day",270,270
Parnasala,Bhadradri Kothagudem,Other/Cultural Site,2024,September,Monsoon,"Ganesh Chaturthi, Engili Pula Bathukamma (start)",251,251
Parnasala,Bhadradri Kothagudem,Other/Cultural Site,2024,October,Post-Monsoon,"Bathukamma (Saddula Bathukamma), Dussehra/Vijayadashami",384,384
Parnasala,Bhadradri Kothagudem,Other/Cultural Site,2024,November,Post-Monsoon,Diwali/Deepavali,395,395
Parnasala,Bhadradri Kothagudem,Other/Cultural Site,2024,December,Winter,Christmas,453,453
Parnasala,Bhadradri Kothagudem,Other/Cultural Site,2025,January,Winter,"Bhogi, Sankranti/Pongal, New Year's Day, Republic Day",424,424
Parnasala,Bhadradri Kothagudem,Other/Cultural Site,2025,February,Winter,Maha Shivaratri,414,414
Parnasala,Bhadradri Kothagudem,Other/Cultural Site,2025,March,Summer,"Holi, Ugadi, Eid-ul-Fitr",317,317
Parnasala,Bhadradri Kothagudem,Other/Cultural Site,2025,April,Summer,"Sri Rama Navami, Ambedkar Jayanti",346,346
Parnasala,Bhadradri Kothagudem,Other/Cultural Site,2025,May,Summer,May Day,408,408
Parnasala,Bhadradri Kothagudem,Other/Cultural Site,2025,June,Monsoon,"Bakrid/Eid-ul-Adha, Telangana Formation Day",254,254
Parnasala,Bhadradri Kothagudem,Other/Cultural Site,2025,July,Monsoon,Bonalu,264,264
Parnasala,Bhadradri Kothagudem,Other/Cultural Site,2025,August,Monsoon,"Krishna Ashtami, Vinayaka Chavithi, Independence Day",263,263
Parnasala,Bhadradri Kothagudem,Other/Cultural Site,2025,September,Monsoon,Bathukamma (Engili Pula to Saddula),267,267
Parnasala,Bhadradri Kothagudem,Other/Cultural Site,2025,October,Post-Monsoon,"Vijaya Dasami/Dussehra, Diwali/Deepavali",389,389
Parnasala,Bhadradri Kothagudem,Other/Cultural Site,2025,November,Post-Monsoon,No Major Festival / Public Holiday,420,420
Parnasala,Bhadradri Kothagudem,Other/Cultural Site,2025,December,Winter,Christmas,427,427
Parvati Barrage,Mancherial,Dam/Barrage,2024,January,Winter,"Bhogi, Sankranti/Pongal, New Year's Day, Republic Day",509,509
Parvati Barrage,Mancherial,Dam/Barrage,2024,February,Winter,No Major Festival / Public Holiday,491,491
Parvati Barrage,Mancherial,Dam/Barrage,2024,March,Summer,"Maha Shivaratri, Holi",394,394
Parvati Barrage,Mancherial,Dam/Barrage,2024,April,Summer,"Ugadi, Sri Rama Navami, Eid-ul-Fitr, Ambedkar Jayanti",370,370
Parvati Barrage,Mancherial,Dam/Barrage,2024,May,Summer,May Day,463,463
Parvati Barrage,Mancherial,Dam/Barrage,2024,June,Monsoon,"Bakrid/Eid-ul-Adha, Telangana Formation Day",308,308
Parvati Barrage,Mancherial,Dam/Barrage,2024,July,Monsoon,Bonalu,295,295
Parvati Barrage,Mancherial,Dam/Barrage,2024,August,Monsoon,"Raksha Bandhan, Krishna Janmashtami, Independence Day",292,292
Parvati Barrage,Mancherial,Dam/Barrage,2024,September,Monsoon,"Ganesh Chaturthi, Engili Pula Bathukamma (start)",298,298
Parvati Barrage,Mancherial,Dam/Barrage,2024,October,Post-Monsoon,"Bathukamma (Saddula Bathukamma), Dussehra/Vijayadashami",477,477
Parvati Barrage,Mancherial,Dam/Barrage,2024,November,Post-Monsoon,Diwali/Deepavali,483,483
Parvati Barrage,Mancherial,Dam/Barrage,2024,December,Winter,Christmas,502,502
Parvati Barrage,Mancherial,Dam/Barrage,2025,January,Winter,"Bhogi, Sankranti/Pongal, New Year's Day, Republic Day",509,509
Parvati Barrage,Mancherial,Dam/Barrage,2025,February,Winter,Maha Shivaratri,524,524
Parvati Barrage,Mancherial,Dam/Barrage,2025,March,Summer,"Holi, Ugadi, Eid-ul-Fitr",361,361
Parvati Barrage,Mancherial,Dam/Barrage,2025,April,Summer,"Sri Rama Navami, Ambedkar Jayanti",367,367
Parvati Barrage,Mancherial,Dam/Barrage,2025,May,Summer,May Day,471,471
Parvati Barrage,Mancherial,Dam/Barrage,2025,June,Monsoon,"Bakrid/Eid-ul-Adha, Telangana Formation Day",311,311
Parvati Barrage,Mancherial,Dam/Barrage,2025,July,Monsoon,Bonalu,312,312
Parvati Barrage,Mancherial,Dam/Barrage,2025,August,Monsoon,"Krishna Ashtami, Vinayaka Chavithi, Independence Day",296,296
Parvati Barrage,Mancherial,Dam/Barrage,2025,September,Monsoon,Bathukamma (Engili Pula to Saddula),285,285
Parvati Barrage,Mancherial,Dam/Barrage,2025,October,Post-Monsoon,"Vijaya Dasami/Dussehra, Diwali/Deepavali",456,456
Parvati Barrage,Mancherial,Dam/Barrage,2025,November,Post-Monsoon,No Major Festival / Public Holiday,445,445
Parvati Barrage,Mancherial,Dam/Barrage,2025,December,Winter,Christmas,487,487
Peddamma Temple,Hyderabad,Temple,2024,January,Winter,"Bhogi, Sankranti/Pongal, New Year's Day, Republic Day",17358,17358
Peddamma Temple,Hyderabad,Temple,2024,February,Winter,No Major Festival / Public Holiday,9568,9568
Peddamma Temple,Hyderabad,Temple,2024,March,Summer,"Maha Shivaratri, Holi",7108,7108
Peddamma Temple,Hyderabad,Temple,2024,April,Summer,"Ugadi, Sri Rama Navami, Eid-ul-Fitr, Ambedkar Jayanti",7466,7466
Peddamma Temple,Hyderabad,Temple,2024,May,Summer,May Day,7267,7267
Peddamma Temple,Hyderabad,Temple,2024,June,Monsoon,"Bakrid/Eid-ul-Adha, Telangana Formation Day",4232,4232
Peddamma Temple,Hyderabad,Temple,2024,July,Monsoon,Bonalu,4358,4358
Peddamma Temple,Hyderabad,Temple,2024,August,Monsoon,"Raksha Bandhan, Krishna Janmashtami, Independence Day",4736,4736
Peddamma Temple,Hyderabad,Temple,2024,September,Monsoon,"Ganesh Chaturthi, Engili Pula Bathukamma (start)",4322,4322
Peddamma Temple,Hyderabad,Temple,2024,October,Post-Monsoon,"Bathukamma (Saddula Bathukamma), Dussehra/Vijayadashami",16449,16449
Peddamma Temple,Hyderabad,Temple,2024,November,Post-Monsoon,Diwali/Deepavali,6958,6958
Peddamma Temple,Hyderabad,Temple,2024,December,Winter,Christmas,7825,7825
Peddamma Temple,Hyderabad,Temple,2025,January,Winter,"Bhogi, Sankranti/Pongal, New Year's Day, Republic Day",16454,16454
Peddamma Temple,Hyderabad,Temple,2025,February,Winter,Maha Shivaratri,7945,7945
Peddamma Temple,Hyderabad,Temple,2025,March,Summer,"Holi, Ugadi, Eid-ul-Fitr",7569,7569
Peddamma Temple,Hyderabad,Temple,2025,April,Summer,"Sri Rama Navami, Ambedkar Jayanti",5408,5408
Peddamma Temple,Hyderabad,Temple,2025,May,Summer,May Day,7308,7308
Peddamma Temple,Hyderabad,Temple,2025,June,Monsoon,"Bakrid/Eid-ul-Adha, Telangana Formation Day",4450,4450
Peddamma Temple,Hyderabad,Temple,2025,July,Monsoon,Bonalu,4385,4385
Peddamma Temple,Hyderabad,Temple,2025,August,Monsoon,"Krishna Ashtami, Vinayaka Chavithi, Independence Day",4531,4531
Peddamma Temple,Hyderabad,Temple,2025,September,Monsoon,Bathukamma (Engili Pula to Saddula),4394,4394
Peddamma Temple,Hyderabad,Temple,2025,October,Post-Monsoon,"Vijaya Dasami/Dussehra, Diwali/Deepavali",16393,16393
Peddamma Temple,Hyderabad,Temple,2025,November,Post-Monsoon,No Major Festival / Public Holiday,8433,8433
Peddamma Temple,Hyderabad,Temple,2025,December,Winter,Christmas,7454,7454
Pembarthi Metal Crafts Village,Jangaon,Other/Cultural Site,2024,January,Winter,"Bhogi, Sankranti/Pongal, New Year's Day, Republic Day",457,457
Pembarthi Metal Crafts Village,Jangaon,Other/Cultural Site,2024,February,Winter,No Major Festival / Public Holiday,428,428
Pembarthi Metal Crafts Village,Jangaon,Other/Cultural Site,2024,March,Summer,"Maha Shivaratri, Holi",317,317
Pembarthi Metal Crafts Village,Jangaon,Other/Cultural Site,2024,April,Summer,"Ugadi, Sri Rama Navami, Eid-ul-Fitr, Ambedkar Jayanti",347,347
Pembarthi Metal Crafts Village,Jangaon,Other/Cultural Site,2024,May,Summer,May Day,409,409
Pembarthi Metal Crafts Village,Jangaon,Other/Cultural Site,2024,June,Monsoon,"Bakrid/Eid-ul-Adha, Telangana Formation Day",251,251
Pembarthi Metal Crafts Village,Jangaon,Other/Cultural Site,2024,July,Monsoon,Bonalu,260,260
Pembarthi Metal Crafts Village,Jangaon,Other/Cultural Site,2024,August,Monsoon,"Raksha Bandhan, Krishna Janmashtami, Independence Day",255,255
Pembarthi Metal Crafts Village,Jangaon,Other/Cultural Site,2024,September,Monsoon,"Ganesh Chaturthi, Engili Pula Bathukamma (start)",269,269
Pembarthi Metal Crafts Village,Jangaon,Other/Cultural Site,2024,October,Post-Monsoon,"Bathukamma (Saddula Bathukamma), Dussehra/Vijayadashami",400,400
Pembarthi Metal Crafts Village,Jangaon,Other/Cultural Site,2024,November,Post-Monsoon,Diwali/Deepavali,426,426
Pembarthi Metal Crafts Village,Jangaon,Other/Cultural Site,2024,December,Winter,Christmas,414,414
Pembarthi Metal Crafts Village,Jangaon,Other/Cultural Site,2025,January,Winter,"Bhogi, Sankranti/Pongal, New Year's Day, Republic Day",429,429
Pembarthi Metal Crafts Village,Jangaon,Other/Cultural Site,2025,February,Winter,Maha Shivaratri,436,436
Pembarthi Metal Crafts Village,Jangaon,Other/Cultural Site,2025,March,Summer,"Holi, Ugadi, Eid-ul-Fitr",332,332
Pembarthi Metal Crafts Village,Jangaon,Other/Cultural Site,2025,April,Summer,"Sri Rama Navami, Ambedkar Jayanti",325,325
Pembarthi Metal Crafts Village,Jangaon,Other/Cultural Site,2025,May,Summer,May Day,413,413
Pembarthi Metal Crafts Village,Jangaon,Other/Cultural Site,2025,June,Monsoon,"Bakrid/Eid-ul-Adha, Telangana Formation Day",274,274
Pembarthi Metal Crafts Village,Jangaon,Other/Cultural Site,2025,July,Monsoon,Bonalu,276,276
Pembarthi Metal Crafts Village,Jangaon,Other/Cultural Site,2025,August,Monsoon,"Krishna Ashtami, Vinayaka Chavithi, Independence Day",272,272
Pembarthi Metal Crafts Village,Jangaon,Other/Cultural Site,2025,September,Monsoon,Bathukamma (Engili Pula to Saddula),273,273
Pembarthi Metal Crafts Village,Jangaon,Other/Cultural Site,2025,October,Post-Monsoon,"Vijaya Dasami/Dussehra, Diwali/Deepavali",404,404
Pembarthi Metal Crafts Village,Jangaon,Other/Cultural Site,2025,November,Post-Monsoon,No Major Festival / Public Holiday,418,418
Pembarthi Metal Crafts Village,Jangaon,Other/Cultural Site,2025,December,Winter,Christmas,427,427
Penthouse Cave,Sangareddy,Cave/Hill/Viewpoint,2024,January,Winter,"Bhogi, Sankranti/Pongal, New Year's Day, Republic Day",991,991
Penthouse Cave,Sangareddy,Cave/Hill/Viewpoint,2024,February,Winter,No Major Festival / Public Holiday,1035,1035
Penthouse Cave,Sangareddy,Cave/Hill/Viewpoint,2024,March,Summer,"Maha Shivaratri, Holi",781,781
Penthouse Cave,Sangareddy,Cave/Hill/Viewpoint,2024,April,Summer,"Ugadi, Sri Rama Navami, Eid-ul-Fitr, Ambedkar Jayanti",753,753
Penthouse Cave,Sangareddy,Cave/Hill/Viewpoint,2024,May,Summer,May Day,901,901
Penthouse Cave,Sangareddy,Cave/Hill/Viewpoint,2024,June,Monsoon,"Bakrid/Eid-ul-Adha, Telangana Formation Day",586,586
Penthouse Cave,Sangareddy,Cave/Hill/Viewpoint,2024,July,Monsoon,Bonalu,619,619
Penthouse Cave,Sangareddy,Cave/Hill/Viewpoint,2024,August,Monsoon,"Raksha Bandhan, Krishna Janmashtami, Independence Day",567,567
Penthouse Cave,Sangareddy,Cave/Hill/Viewpoint,2024,September,Monsoon,"Ganesh Chaturthi, Engili Pula Bathukamma (start)",564,564
Penthouse Cave,Sangareddy,Cave/Hill/Viewpoint,2024,October,Post-Monsoon,"Bathukamma (Saddula Bathukamma), Dussehra/Vijayadashami",952,952
Penthouse Cave,Sangareddy,Cave/Hill/Viewpoint,2024,November,Post-Monsoon,Diwali/Deepavali,917,917
Penthouse Cave,Sangareddy,Cave/Hill/Viewpoint,2024,December,Winter,Christmas,955,955
Penthouse Cave,Sangareddy,Cave/Hill/Viewpoint,2025,January,Winter,"Bhogi, Sankranti/Pongal, New Year's Day, Republic Day",968,968
Penthouse Cave,Sangareddy,Cave/Hill/Viewpoint,2025,February,Winter,Maha Shivaratri,1051,1051
Penthouse Cave,Sangareddy,Cave/Hill/Viewpoint,2025,March,Summer,"Holi, Ugadi, Eid-ul-Fitr",792,792
Penthouse Cave,Sangareddy,Cave/Hill/Viewpoint,2025,April,Summer,"Sri Rama Navami, Ambedkar Jayanti",779,779
Penthouse Cave,Sangareddy,Cave/Hill/Viewpoint,2025,May,Summer,May Day,918,918
Penthouse Cave,Sangareddy,Cave/Hill/Viewpoint,2025,June,Monsoon,"Bakrid/Eid-ul-Adha, Telangana Formation Day",601,601
Penthouse Cave,Sangareddy,Cave/Hill/Viewpoint,2025,July,Monsoon,Bonalu,634,634
Penthouse Cave,Sangareddy,Cave/Hill/Viewpoint,2025,August,Monsoon,"Krishna Ashtami, Vinayaka Chavithi, Independence Day",633,633
Penthouse Cave,Sangareddy,Cave/Hill/Viewpoint,2025,September,Monsoon,Bathukamma (Engili Pula to Saddula),579,579
Penthouse Cave,Sangareddy,Cave/Hill/Viewpoint,2025,October,Post-Monsoon,"Vijaya Dasami/Dussehra, Diwali/Deepavali",954,954
Penthouse Cave,Sangareddy,Cave/Hill/Viewpoint,2025,November,Post-Monsoon,No Major Festival / Public Holiday,886,886
Penthouse Cave,Sangareddy,Cave/Hill/Viewpoint,2025,December,Winter,Christmas,965,965
Phanigiri Buddhist Site,Suryapet,Religious Site - Other,2024,January,Winter,"Bhogi, Sankranti/Pongal, New Year's Day, Republic Day",1010,1010
Phanigiri Buddhist Site,Suryapet,Religious Site - Other,2024,February,Winter,No Major Festival / Public Holiday,546,546
Phanigiri Buddhist Site,Suryapet,Religious Site - Other,2024,March,Summer,"Maha Shivaratri, Holi",412,412
Phanigiri Buddhist Site,Suryapet,Religious Site - Other,2024,April,Summer,"Ugadi, Sri Rama Navami, Eid-ul-Fitr, Ambedkar Jayanti",410,410
Phanigiri Buddhist Site,Suryapet,Religious Site - Other,2024,May,Summer,May Day,422,422
Phanigiri Buddhist Site,Suryapet,Religious Site - Other,2024,June,Monsoon,"Bakrid/Eid-ul-Adha, Telangana Formation Day",252,252
Phanigiri Buddhist Site,Suryapet,Religious Site - Other,2024,July,Monsoon,Bonalu,259,259
Phanigiri Buddhist Site,Suryapet,Religious Site - Other,2024,August,Monsoon,"Raksha Bandhan, Krishna Janmashtami, Independence Day",260,260
Phanigiri Buddhist Site,Suryapet,Religious Site - Other,2024,September,Monsoon,"Ganesh Chaturthi, Engili Pula Bathukamma (start)",265,265
Phanigiri Buddhist Site,Suryapet,Religious Site - Other,2024,October,Post-Monsoon,"Bathukamma (Saddula Bathukamma), Dussehra/Vijayadashami",954,954
Phanigiri Buddhist Site,Suryapet,Religious Site - Other,2024,November,Post-Monsoon,Diwali/Deepavali,389,389
Phanigiri Buddhist Site,Suryapet,Religious Site - Other,2024,December,Winter,Christmas,460,460
Phanigiri Buddhist Site,Suryapet,Religious Site - Other,2025,January,Winter,"Bhogi, Sankranti/Pongal, New Year's Day, Republic Day",1009,1009
Phanigiri Buddhist Site,Suryapet,Religious Site - Other,2025,February,Winter,Maha Shivaratri,452,452
Phanigiri Buddhist Site,Suryapet,Religious Site - Other,2025,March,Summer,"Holi, Ugadi, Eid-ul-Fitr",407,407
Phanigiri Buddhist Site,Suryapet,Religious Site - Other,2025,April,Summer,"Sri Rama Navami, Ambedkar Jayanti",325,325
Phanigiri Buddhist Site,Suryapet,Religious Site - Other,2025,May,Summer,May Day,408,408
Phanigiri Buddhist Site,Suryapet,Religious Site - Other,2025,June,Monsoon,"Bakrid/Eid-ul-Adha, Telangana Formation Day",255,255
Phanigiri Buddhist Site,Suryapet,Religious Site - Other,2025,July,Monsoon,Bonalu,275,275
Phanigiri Buddhist Site,Suryapet,Religious Site - Other,2025,August,Monsoon,"Krishna Ashtami, Vinayaka Chavithi, Independence Day",266,266
Phanigiri Buddhist Site,Suryapet,Religious Site - Other,2025,September,Monsoon,Bathukamma (Engili Pula to Saddula),249,249
Phanigiri Buddhist Site,Suryapet,Religious Site - Other,2025,October,Post-Monsoon,"Vijaya Dasami/Dussehra, Diwali/Deepavali",1055,1055
Phanigiri Buddhist Site,Suryapet,Religious Site - Other,2025,November,Post-Monsoon,No Major Festival / Public Holiday,551,551
Phanigiri Buddhist Site,Suryapet,Religious Site - Other,2025,December,Winter,Christmas,415,415
Pillalamarri / Big Banyan Tree,Mahabubnagar,Other/Cultural Site,2024,January,Winter,"Bhogi, Sankranti/Pongal, New Year's Day, Republic Day",7223,7223
Pillalamarri / Big Banyan Tree,Mahabubnagar,Other/Cultural Site,2024,February,Winter,No Major Festival / Public Holiday,7221,7221
Pillalamarri / Big Banyan Tree,Mahabubnagar,Other/Cultural Site,2024,March,Summer,"Maha Shivaratri, Holi",5883,5883
Pillalamarri / Big Banyan Tree,Mahabubnagar,Other/Cultural Site,2024,April,Summer,"Ugadi, Sri Rama Navami, Eid-ul-Fitr, Ambedkar Jayanti",5539,5539
Pillalamarri / Big Banyan Tree,Mahabubnagar,Other/Cultural Site,2024,May,Summer,May Day,7121,7121
Pillalamarri / Big Banyan Tree,Mahabubnagar,Other/Cultural Site,2024,June,Monsoon,"Bakrid/Eid-ul-Adha, Telangana Formation Day",4341,4341
Pillalamarri / Big Banyan Tree,Mahabubnagar,Other/Cultural Site,2024,July,Monsoon,Bonalu,4403,4403
Pillalamarri / Big Banyan Tree,Mahabubnagar,Other/Cultural Site,2024,August,Monsoon,"Raksha Bandhan, Krishna Janmashtami, Independence Day",4481,4481
Pillalamarri / Big Banyan Tree,Mahabubnagar,Other/Cultural Site,2024,September,Monsoon,"Ganesh Chaturthi, Engili Pula Bathukamma (start)",4739,4739
Pillalamarri / Big Banyan Tree,Mahabubnagar,Other/Cultural Site,2024,October,Post-Monsoon,"Bathukamma (Saddula Bathukamma), Dussehra/Vijayadashami",7257,7257
Pillalamarri / Big Banyan Tree,Mahabubnagar,Other/Cultural Site,2024,November,Post-Monsoon,Diwali/Deepavali,6657,6657
Pillalamarri / Big Banyan Tree,Mahabubnagar,Other/Cultural Site,2024,December,Winter,Christmas,7372,7372
Pillalamarri / Big Banyan Tree,Mahabubnagar,Other/Cultural Site,2025,January,Winter,"Bhogi, Sankranti/Pongal, New Year's Day, Republic Day",7184,7184
Pillalamarri / Big Banyan Tree,Mahabubnagar,Other/Cultural Site,2025,February,Winter,Maha Shivaratri,7508,7508
Pillalamarri / Big Banyan Tree,Mahabubnagar,Other/Cultural Site,2025,March,Summer,"Holi, Ugadi, Eid-ul-Fitr",5673,5673
Pillalamarri / Big Banyan Tree,Mahabubnagar,Other/Cultural Site,2025,April,Summer,"Sri Rama Navami, Ambedkar Jayanti",5974,5974
Pillalamarri / Big Banyan Tree,Mahabubnagar,Other/Cultural Site,2025,May,Summer,May Day,7256,7256
Pillalamarri / Big Banyan Tree,Mahabubnagar,Other/Cultural Site,2025,June,Monsoon,"Bakrid/Eid-ul-Adha, Telangana Formation Day",4437,4437
Pillalamarri / Big Banyan Tree,Mahabubnagar,Other/Cultural Site,2025,July,Monsoon,Bonalu,4495,4495
Pillalamarri / Big Banyan Tree,Mahabubnagar,Other/Cultural Site,2025,August,Monsoon,"Krishna Ashtami, Vinayaka Chavithi, Independence Day",4713,4713
Pillalamarri / Big Banyan Tree,Mahabubnagar,Other/Cultural Site,2025,September,Monsoon,Bathukamma (Engili Pula to Saddula),4665,4665
Pillalamarri / Big Banyan Tree,Mahabubnagar,Other/Cultural Site,2025,October,Post-Monsoon,"Vijaya Dasami/Dussehra, Diwali/Deepavali",6489,6489
Pillalamarri / Big Banyan Tree,Mahabubnagar,Other/Cultural Site,2025,November,Post-Monsoon,No Major Festival / Public Holiday,6751,6751
Pillalamarri / Big Banyan Tree,Mahabubnagar,Other/Cultural Site,2025,December,Winter,Christmas,7429,7429
Pillalamarri Banyan Tree,Mahabubnagar,Other/Cultural Site,2024,January,Winter,"Bhogi, Sankranti/Pongal, New Year's Day, Republic Day",7230,7230
Pillalamarri Banyan Tree,Mahabubnagar,Other/Cultural Site,2024,February,Winter,No Major Festival / Public Holiday,7243,7243
Pillalamarri Banyan Tree,Mahabubnagar,Other/Cultural Site,2024,March,Summer,"Maha Shivaratri, Holi",5557,5557
Pillalamarri Banyan Tree,Mahabubnagar,Other/Cultural Site,2024,April,Summer,"Ugadi, Sri Rama Navami, Eid-ul-Fitr, Ambedkar Jayanti",5476,5476
Pillalamarri Banyan Tree,Mahabubnagar,Other/Cultural Site,2024,May,Summer,May Day,6800,6800
Pillalamarri Banyan Tree,Mahabubnagar,Other/Cultural Site,2024,June,Monsoon,"Bakrid/Eid-ul-Adha, Telangana Formation Day",4721,4721
Pillalamarri Banyan Tree,Mahabubnagar,Other/Cultural Site,2024,July,Monsoon,Bonalu,4562,4562
Pillalamarri Banyan Tree,Mahabubnagar,Other/Cultural Site,2024,August,Monsoon,"Raksha Bandhan, Krishna Janmashtami, Independence Day",4452,4452
Pillalamarri Banyan Tree,Mahabubnagar,Other/Cultural Site,2024,September,Monsoon,"Ganesh Chaturthi, Engili Pula Bathukamma (start)",4734,4734
Pillalamarri Banyan Tree,Mahabubnagar,Other/Cultural Site,2024,October,Post-Monsoon,"Bathukamma (Saddula Bathukamma), Dussehra/Vijayadashami",6526,6526
Pillalamarri Banyan Tree,Mahabubnagar,Other/Cultural Site,2024,November,Post-Monsoon,Diwali/Deepavali,6660,6660
Pillalamarri Banyan Tree,Mahabubnagar,Other/Cultural Site,2024,December,Winter,Christmas,7559,7559
Pillalamarri Banyan Tree,Mahabubnagar,Other/Cultural Site,2025,January,Winter,"Bhogi, Sankranti/Pongal, New Year's Day, Republic Day",7603,7603
Pillalamarri Banyan Tree,Mahabubnagar,Other/Cultural Site,2025,February,Winter,Maha Shivaratri,7085,7085
Pillalamarri Banyan Tree,Mahabubnagar,Other/Cultural Site,2025,March,Summer,"Holi, Ugadi, Eid-ul-Fitr",5633,5633
Pillalamarri Banyan Tree,Mahabubnagar,Other/Cultural Site,2025,April,Summer,"Sri Rama Navami, Ambedkar Jayanti",5802,5802
Pillalamarri Banyan Tree,Mahabubnagar,Other/Cultural Site,2025,May,Summer,May Day,7064,7064
Pillalamarri Banyan Tree,Mahabubnagar,Other/Cultural Site,2025,June,Monsoon,"Bakrid/Eid-ul-Adha, Telangana Formation Day",4574,4574
Pillalamarri Banyan Tree,Mahabubnagar,Other/Cultural Site,2025,July,Monsoon,Bonalu,4403,4403
Pillalamarri Banyan Tree,Mahabubnagar,Other/Cultural Site,2025,August,Monsoon,"Krishna Ashtami, Vinayaka Chavithi, Independence Day",4280,4280
Pillalamarri Banyan Tree,Mahabubnagar,Other/Cultural Site,2025,September,Monsoon,Bathukamma (Engili Pula to Saddula),4460,4460
Pillalamarri Banyan Tree,Mahabubnagar,Other/Cultural Site,2025,October,Post-Monsoon,"Vijaya Dasami/Dussehra, Diwali/Deepavali",6592,6592
Pillalamarri Banyan Tree,Mahabubnagar,Other/Cultural Site,2025,November,Post-Monsoon,No Major Festival / Public Holiday,7270,7270
Pillalamarri Banyan Tree,Mahabubnagar,Other/Cultural Site,2025,December,Winter,Christmas,7477,7477
Pillalamarri Mini Zoo,Mahabubnagar,Wildlife/National Park,2024,January,Winter,"Bhogi, Sankranti/Pongal, New Year's Day, Republic Day",10981,10981
Pillalamarri Mini Zoo,Mahabubnagar,Wildlife/National Park,2024,February,Winter,No Major Festival / Public Holiday,7068,7068
Pillalamarri Mini Zoo,Mahabubnagar,Wildlife/National Park,2024,March,Summer,"Maha Shivaratri, Holi",5872,5872
Pillalamarri Mini Zoo,Mahabubnagar,Wildlife/National Park,2024,April,Summer,"Ugadi, Sri Rama Navami, Eid-ul-Fitr, Ambedkar Jayanti",5682,5682
Pillalamarri Mini Zoo,Mahabubnagar,Wildlife/National Park,2024,May,Summer,May Day,9598,9598
Pillalamarri Mini Zoo,Mahabubnagar,Wildlife/National Park,2024,June,Monsoon,"Bakrid/Eid-ul-Adha, Telangana Formation Day",4233,4233
Pillalamarri Mini Zoo,Mahabubnagar,Wildlife/National Park,2024,July,Monsoon,Bonalu,4672,4672
Pillalamarri Mini Zoo,Mahabubnagar,Wildlife/National Park,2024,August,Monsoon,"Raksha Bandhan, Krishna Janmashtami, Independence Day",4424,4424
Pillalamarri Mini Zoo,Mahabubnagar,Wildlife/National Park,2024,September,Monsoon,"Ganesh Chaturthi, Engili Pula Bathukamma (start)",4522,4522
Pillalamarri Mini Zoo,Mahabubnagar,Wildlife/National Park,2024,October,Post-Monsoon,"Bathukamma (Saddula Bathukamma), Dussehra/Vijayadashami",7046,7046
Pillalamarri Mini Zoo,Mahabubnagar,Wildlife/National Park,2024,November,Post-Monsoon,Diwali/Deepavali,7067,7067
Pillalamarri Mini Zoo,Mahabubnagar,Wildlife/National Park,2024,December,Winter,Christmas,11074,11074
Pillalamarri Mini Zoo,Mahabubnagar,Wildlife/National Park,2025,January,Winter,"Bhogi, Sankranti/Pongal, New Year's Day, Republic Day",10539,10539
Pillalamarri Mini Zoo,Mahabubnagar,Wildlife/National Park,2025,February,Winter,Maha Shivaratri,7409,7409
Pillalamarri Mini Zoo,Mahabubnagar,Wildlife/National Park,2025,March,Summer,"Holi, Ugadi, Eid-ul-Fitr",6010,6010
Pillalamarri Mini Zoo,Mahabubnagar,Wildlife/National Park,2025,April,Summer,"Sri Rama Navami, Ambedkar Jayanti",5797,5797
Pillalamarri Mini Zoo,Mahabubnagar,Wildlife/National Park,2025,May,Summer,May Day,9426,9426
Pillalamarri Mini Zoo,Mahabubnagar,Wildlife/National Park,2025,June,Monsoon,"Bakrid/Eid-ul-Adha, Telangana Formation Day",4298,4298
Pillalamarri Mini Zoo,Mahabubnagar,Wildlife/National Park,2025,July,Monsoon,Bonalu,4684,4684
Pillalamarri Mini Zoo,Mahabubnagar,Wildlife/National Park,2025,August,Monsoon,"Krishna Ashtami, Vinayaka Chavithi, Independence Day",4425,4425
Pillalamarri Mini Zoo,Mahabubnagar,Wildlife/National Park,2025,September,Monsoon,Bathukamma (Engili Pula to Saddula),4586,4586
Pillalamarri Mini Zoo,Mahabubnagar,Wildlife/National Park,2025,October,Post-Monsoon,"Vijaya Dasami/Dussehra, Diwali/Deepavali",6875,6875
Pillalamarri Mini Zoo,Mahabubnagar,Wildlife/National Park,2025,November,Post-Monsoon,No Major Festival / Public Holiday,6650,6650
Pillalamarri Mini Zoo,Mahabubnagar,Wildlife/National Park,2025,December,Winter,Christmas,10628,10628
Pillalamarri Temple,Suryapet,Temple,2024,January,Winter,"Bhogi, Sankranti/Pongal, New Year's Day, Republic Day",17178,17178
Pillalamarri Temple,Suryapet,Temple,2024,February,Winter,No Major Festival / Public Holiday,9519,9519
Pillalamarri Temple,Suryapet,Temple,2024,March,Summer,"Maha Shivaratri, Holi",7347,7347
Pillalamarri Temple,Suryapet,Temple,2024,April,Summer,"Ugadi, Sri Rama Navami, Eid-ul-Fitr, Ambedkar Jayanti",7383,7383
Pillalamarri Temple,Suryapet,Temple,2024,May,Summer,May Day,6616,6616
Pillalamarri Temple,Suryapet,Temple,2024,June,Monsoon,"Bakrid/Eid-ul-Adha, Telangana Formation Day",4246,4246
Pillalamarri Temple,Suryapet,Temple,2024,July,Monsoon,Bonalu,4741,4741
Pillalamarri Temple,Suryapet,Temple,2024,August,Monsoon,"Raksha Bandhan, Krishna Janmashtami, Independence Day",4359,4359
Pillalamarri Temple,Suryapet,Temple,2024,September,Monsoon,"Ganesh Chaturthi, Engili Pula Bathukamma (start)",4359,4359
Pillalamarri Temple,Suryapet,Temple,2024,October,Post-Monsoon,"Bathukamma (Saddula Bathukamma), Dussehra/Vijayadashami",16387,16387
Pillalamarri Temple,Suryapet,Temple,2024,November,Post-Monsoon,Diwali/Deepavali,7254,7254
Pillalamarri Temple,Suryapet,Temple,2024,December,Winter,Christmas,7571,7571
Pillalamarri Temple,Suryapet,Temple,2025,January,Winter,"Bhogi, Sankranti/Pongal, New Year's Day, Republic Day",16830,16830
Pillalamarri Temple,Suryapet,Temple,2025,February,Winter,Maha Shivaratri,7870,7870
Pillalamarri Temple,Suryapet,Temple,2025,March,Summer,"Holi, Ugadi, Eid-ul-Fitr",7272,7272
Pillalamarri Temple,Suryapet,Temple,2025,April,Summer,"Sri Rama Navami, Ambedkar Jayanti",5783,5783
Pillalamarri Temple,Suryapet,Temple,2025,May,Summer,May Day,6518,6518
Pillalamarri Temple,Suryapet,Temple,2025,June,Monsoon,"Bakrid/Eid-ul-Adha, Telangana Formation Day",4330,4330
Pillalamarri Temple,Suryapet,Temple,2025,July,Monsoon,Bonalu,4678,4678
Pillalamarri Temple,Suryapet,Temple,2025,August,Monsoon,"Krishna Ashtami, Vinayaka Chavithi, Independence Day",4644,4644
Pillalamarri Temple,Suryapet,Temple,2025,September,Monsoon,Bathukamma (Engili Pula to Saddula),4419,4419
Pillalamarri Temple,Suryapet,Temple,2025,October,Post-Monsoon,"Vijaya Dasami/Dussehra, Diwali/Deepavali",16994,16994
Pillalamarri Temple,Suryapet,Temple,2025,November,Post-Monsoon,No Major Festival / Public Holiday,9006,9006
Pillalamarri Temple,Suryapet,Temple,2025,December,Winter,Christmas,7050,7050
Pochampad Dam,Nirmal,Dam/Barrage,2024,January,Winter,"Bhogi, Sankranti/Pongal, New Year's Day, Republic Day",503,503
Pochampad Dam,Nirmal,Dam/Barrage,2024,February,Winter,No Major Festival / Public Holiday,519,519
Pochampad Dam,Nirmal,Dam/Barrage,2024,March,Summer,"Maha Shivaratri, Holi",400,400
Pochampad Dam,Nirmal,Dam/Barrage,2024,April,Summer,"Ugadi, Sri Rama Navami, Eid-ul-Fitr, Ambedkar Jayanti",393,393
Pochampad Dam,Nirmal,Dam/Barrage,2024,May,Summer,May Day,465,465
Pochampad Dam,Nirmal,Dam/Barrage,2024,June,Monsoon,"Bakrid/Eid-ul-Adha, Telangana Formation Day",299,299
Pochampad Dam,Nirmal,Dam/Barrage,2024,July,Monsoon,Bonalu,283,283
Pochampad Dam,Nirmal,Dam/Barrage,2024,August,Monsoon,"Raksha Bandhan, Krishna Janmashtami, Independence Day",317,317
Pochampad Dam,Nirmal,Dam/Barrage,2024,September,Monsoon,"Ganesh Chaturthi, Engili Pula Bathukamma (start)",295,295
Pochampad Dam,Nirmal,Dam/Barrage,2024,October,Post-Monsoon,"Bathukamma (Saddula Bathukamma), Dussehra/Vijayadashami",440,440
Pochampad Dam,Nirmal,Dam/Barrage,2024,November,Post-Monsoon,Diwali/Deepavali,469,469
Pochampad Dam,Nirmal,Dam/Barrage,2024,December,Winter,Christmas,487,487
Pochampad Dam,Nirmal,Dam/Barrage,2025,January,Winter,"Bhogi, Sankranti/Pongal, New Year's Day, Republic Day",505,505
Pochampad Dam,Nirmal,Dam/Barrage,2025,February,Winter,Maha Shivaratri,505,505
Pochampad Dam,Nirmal,Dam/Barrage,2025,March,Summer,"Holi, Ugadi, Eid-ul-Fitr",377,377
Pochampad Dam,Nirmal,Dam/Barrage,2025,April,Summer,"Sri Rama Navami, Ambedkar Jayanti",395,395
Pochampad Dam,Nirmal,Dam/Barrage,2025,May,Summer,May Day,447,447
Pochampad Dam,Nirmal,Dam/Barrage,2025,June,Monsoon,"Bakrid/Eid-ul-Adha, Telangana Formation Day",298,298
Pochampad Dam,Nirmal,Dam/Barrage,2025,July,Monsoon,Bonalu,301,301
Pochampad Dam,Nirmal,Dam/Barrage,2025,August,Monsoon,"Krishna Ashtami, Vinayaka Chavithi, Independence Day",305,305
Pochampad Dam,Nirmal,Dam/Barrage,2025,September,Monsoon,Bathukamma (Engili Pula to Saddula),310,310
Pochampad Dam,Nirmal,Dam/Barrage,2025,October,Post-Monsoon,"Vijaya Dasami/Dussehra, Diwali/Deepavali",454,454
Pochampad Dam,Nirmal,Dam/Barrage,2025,November,Post-Monsoon,No Major Festival / Public Holiday,468,468
Pochampad Dam,Nirmal,Dam/Barrage,2025,December,Winter,Christmas,479,479
Pochampally Handloom Park,Yadadri Bhuvanagiri,Park/Garden,2024,January,Winter,"Bhogi, Sankranti/Pongal, New Year's Day, Republic Day",7254,7254
Pochampally Handloom Park,Yadadri Bhuvanagiri,Park/Garden,2024,February,Winter,No Major Festival / Public Holiday,4848,4848
Pochampally Handloom Park,Yadadri Bhuvanagiri,Park/Garden,2024,March,Summer,"Maha Shivaratri, Holi",3982,3982
Pochampally Handloom Park,Yadadri Bhuvanagiri,Park/Garden,2024,April,Summer,"Ugadi, Sri Rama Navami, Eid-ul-Fitr, Ambedkar Jayanti",3987,3987
Pochampally Handloom Park,Yadadri Bhuvanagiri,Park/Garden,2024,May,Summer,May Day,6782,6782
Pochampally Handloom Park,Yadadri Bhuvanagiri,Park/Garden,2024,June,Monsoon,"Bakrid/Eid-ul-Adha, Telangana Formation Day",3007,3007
Pochampally Handloom Park,Yadadri Bhuvanagiri,Park/Garden,2024,July,Monsoon,Bonalu,3063,3063
Pochampally Handloom Park,Yadadri Bhuvanagiri,Park/Garden,2024,August,Monsoon,"Raksha Bandhan, Krishna Janmashtami, Independence Day",3100,3100
Pochampally Handloom Park,Yadadri Bhuvanagiri,Park/Garden,2024,September,Monsoon,"Ganesh Chaturthi, Engili Pula Bathukamma (start)",2867,2867
Pochampally Handloom Park,Yadadri Bhuvanagiri,Park/Garden,2024,October,Post-Monsoon,"Bathukamma (Saddula Bathukamma), Dussehra/Vijayadashami",4655,4655
Pochampally Handloom Park,Yadadri Bhuvanagiri,Park/Garden,2024,November,Post-Monsoon,Diwali/Deepavali,4342,4342
Pochampally Handloom Park,Yadadri Bhuvanagiri,Park/Garden,2024,December,Winter,Christmas,6997,6997
Pochampally Handloom Park,Yadadri Bhuvanagiri,Park/Garden,2025,January,Winter,"Bhogi, Sankranti/Pongal, New Year's Day, Republic Day",6710,6710
Pochampally Handloom Park,Yadadri Bhuvanagiri,Park/Garden,2025,February,Winter,Maha Shivaratri,4809,4809
Pochampally Handloom Park,Yadadri Bhuvanagiri,Park/Garden,2025,March,Summer,"Holi, Ugadi, Eid-ul-Fitr",3738,3738
Pochampally Handloom Park,Yadadri Bhuvanagiri,Park/Garden,2025,April,Summer,"Sri Rama Navami, Ambedkar Jayanti",3769,3769
Pochampally Handloom Park,Yadadri Bhuvanagiri,Park/Garden,2025,May,Summer,May Day,6535,6535
Pochampally Handloom Park,Yadadri Bhuvanagiri,Park/Garden,2025,June,Monsoon,"Bakrid/Eid-ul-Adha, Telangana Formation Day",2846,2846
Pochampally Handloom Park,Yadadri Bhuvanagiri,Park/Garden,2025,July,Monsoon,Bonalu,3001,3001
Pochampally Handloom Park,Yadadri Bhuvanagiri,Park/Garden,2025,August,Monsoon,"Krishna Ashtami, Vinayaka Chavithi, Independence Day",2885,2885
Pochampally Handloom Park,Yadadri Bhuvanagiri,Park/Garden,2025,September,Monsoon,Bathukamma (Engili Pula to Saddula),3026,3026
Pochampally Handloom Park,Yadadri Bhuvanagiri,Park/Garden,2025,October,Post-Monsoon,"Vijaya Dasami/Dussehra, Diwali/Deepavali",4675,4675
Pochampally Handloom Park,Yadadri Bhuvanagiri,Park/Garden,2025,November,Post-Monsoon,No Major Festival / Public Holiday,4631,4631
Pochampally Handloom Park,Yadadri Bhuvanagiri,Park/Garden,2025,December,Winter,Christmas,7200,7200
Pocharam Dam & Wildlife Sanctuary,Medak,Dam/Barrage,2024,January,Winter,"Bhogi, Sankranti/Pongal, New Year's Day, Republic Day",511,511
Pocharam Dam & Wildlife Sanctuary,Medak,Dam/Barrage,2024,January,Winter,"Bhogi, Sankranti/Pongal, New Year's Day, Republic Day",477,477
Pocharam Dam & Wildlife Sanctuary,Medak,Dam/Barrage,2024,February,Winter,No Major Festival / Public Holiday,491,491
Pocharam Dam & Wildlife Sanctuary,Medak,Dam/Barrage,2024,February,Winter,No Major Festival / Public Holiday,505,505
Pocharam Dam & Wildlife Sanctuary,Medak,Dam/Barrage,2024,March,Summer,"Maha Shivaratri, Holi",395,395
Pocharam Dam & Wildlife Sanctuary,Medak,Dam/Barrage,2024,March,Summer,"Maha Shivaratri, Holi",359,359
Pocharam Dam & Wildlife Sanctuary,Medak,Dam/Barrage,2024,April,Summer,"Ugadi, Sri Rama Navami, Eid-ul-Fitr, Ambedkar Jayanti",367,367
Pocharam Dam & Wildlife Sanctuary,Medak,Dam/Barrage,2024,April,Summer,"Ugadi, Sri Rama Navami, Eid-ul-Fitr, Ambedkar Jayanti",397,397
Pocharam Dam & Wildlife Sanctuary,Medak,Dam/Barrage,2024,May,Summer,May Day,432,432
Pocharam Dam & Wildlife Sanctuary,Medak,Dam/Barrage,2024,May,Summer,May Day,443,443
Pocharam Dam & Wildlife Sanctuary,Medak,Dam/Barrage,2024,June,Monsoon,"Bakrid/Eid-ul-Adha, Telangana Formation Day",316,316
Pocharam Dam & Wildlife Sanctuary,Medak,Dam/Barrage,2024,June,Monsoon,"Bakrid/Eid-ul-Adha, Telangana Formation Day",304,304
Pocharam Dam & Wildlife Sanctuary,Medak,Dam/Barrage,2024,July,Monsoon,Bonalu,291,291
Pocharam Dam & Wildlife Sanctuary,Medak,Dam/Barrage,2024,July,Monsoon,Bonalu,284,284
Pocharam Dam & Wildlife Sanctuary,Medak,Dam/Barrage,2024,August,Monsoon,"Raksha Bandhan, Krishna Janmashtami, Independence Day",283,283
Pocharam Dam & Wildlife Sanctuary,Medak,Dam/Barrage,2024,August,Monsoon,"Raksha Bandhan, Krishna Janmashtami, Independence Day",290,290
Pocharam Dam & Wildlife Sanctuary,Medak,Dam/Barrage,2024,September,Monsoon,"Ganesh Chaturthi, Engili Pula Bathukamma (start)",313,313
Pocharam Dam & Wildlife Sanctuary,Medak,Dam/Barrage,2024,September,Monsoon,"Ganesh Chaturthi, Engili Pula Bathukamma (start)",296,296
Pocharam Dam & Wildlife Sanctuary,Medak,Dam/Barrage,2024,October,Post-Monsoon,"Bathukamma (Saddula Bathukamma), Dussehra/Vijayadashami",472,472
Pocharam Dam & Wildlife Sanctuary,Medak,Dam/Barrage,2024,October,Post-Monsoon,"Bathukamma (Saddula Bathukamma), Dussehra/Vijayadashami",483,483
Pocharam Dam & Wildlife Sanctuary,Medak,Dam/Barrage,2024,November,Post-Monsoon,Diwali/Deepavali,454,454
Pocharam Dam & Wildlife Sanctuary,Medak,Dam/Barrage,2024,November,Post-Monsoon,Diwali/Deepavali,442,442
Pocharam Dam & Wildlife Sanctuary,Medak,Dam/Barrage,2024,December,Winter,Christmas,501,501
Pocharam Dam & Wildlife Sanctuary,Medak,Dam/Barrage,2024,December,Winter,Christmas,524,524
Pocharam Dam & Wildlife Sanctuary,Medak,Dam/Barrage,2025,January,Winter,"Bhogi, Sankranti/Pongal, New Year's Day, Republic Day",518,518
Pocharam Dam & Wildlife Sanctuary,Medak,Dam/Barrage,2025,January,Winter,"Bhogi, Sankranti/Pongal, New Year's Day, Republic Day",473,473
Pocharam Dam & Wildlife Sanctuary,Medak,Dam/Barrage,2025,February,Winter,Maha Shivaratri,511,511
Pocharam Dam & Wildlife Sanctuary,Medak,Dam/Barrage,2025,February,Winter,Maha Shivaratri,504,504
Pocharam Dam & Wildlife Sanctuary,Medak,Dam/Barrage,2025,March,Summer,"Holi, Ugadi, Eid-ul-Fitr",398,398
Pocharam Dam & Wildlife Sanctuary,Medak,Dam/Barrage,2025,March,Summer,"Holi, Ugadi, Eid-ul-Fitr",362,362
Pocharam Dam & Wildlife Sanctuary,Medak,Dam/Barrage,2025,April,Summer,"Sri Rama Navami, Ambedkar Jayanti",381,381
Pocharam Dam & Wildlife Sanctuary,Medak,Dam/Barrage,2025,April,Summer,"Sri Rama Navami, Ambedkar Jayanti",397,397
Pocharam Dam & Wildlife Sanctuary,Medak,Dam/Barrage,2025,May,Summer,May Day,455,455
Pocharam Dam & Wildlife Sanctuary,Medak,Dam/Barrage,2025,May,Summer,May Day,459,459
Pocharam Dam & Wildlife Sanctuary,Medak,Dam/Barrage,2025,June,Monsoon,"Bakrid/Eid-ul-Adha, Telangana Formation Day",284,284
Pocharam Dam & Wildlife Sanctuary,Medak,Dam/Barrage,2025,June,Monsoon,"Bakrid/Eid-ul-Adha, Telangana Formation Day",292,292
Pocharam Dam & Wildlife Sanctuary,Medak,Dam/Barrage,2025,July,Monsoon,Bonalu,293,293
Pocharam Dam & Wildlife Sanctuary,Medak,Dam/Barrage,2025,July,Monsoon,Bonalu,316,316
Pocharam Dam & Wildlife Sanctuary,Medak,Dam/Barrage,2025,August,Monsoon,"Krishna Ashtami, Vinayaka Chavithi, Independence Day",292,292
Pocharam Dam & Wildlife Sanctuary,Medak,Dam/Barrage,2025,August,Monsoon,"Krishna Ashtami, Vinayaka Chavithi, Independence Day",298,298
Pocharam Dam & Wildlife Sanctuary,Medak,Dam/Barrage,2025,September,Monsoon,Bathukamma (Engili Pula to Saddula),306,306
Pocharam Dam & Wildlife Sanctuary,Medak,Dam/Barrage,2025,September,Monsoon,Bathukamma (Engili Pula to Saddula),287,287
Pocharam Dam & Wildlife Sanctuary,Medak,Dam/Barrage,2025,October,Post-Monsoon,"Vijaya Dasami/Dussehra, Diwali/Deepavali",459,459
Pocharam Dam & Wildlife Sanctuary,Medak,Dam/Barrage,2025,October,Post-Monsoon,"Vijaya Dasami/Dussehra, Diwali/Deepavali",473,473
Pocharam Dam & Wildlife Sanctuary,Medak,Dam/Barrage,2025,November,Post-Monsoon,No Major Festival / Public Holiday,480,480
Pocharam Dam & Wildlife Sanctuary,Medak,Dam/Barrage,2025,November,Post-Monsoon,No Major Festival / Public Holiday,466,466
Pocharam Dam & Wildlife Sanctuary,Medak,Dam/Barrage,2025,December,Winter,Christmas,510,510
Pocharam Dam & Wildlife Sanctuary,Medak,Dam/Barrage,2025,December,Winter,Christmas,477,477
Pocharam Wildlife Sanctuary,Kamareddy,Wildlife/National Park,2024,January,Winter,"Bhogi, Sankranti/Pongal, New Year's Day, Republic Day",6280,6280
Pocharam Wildlife Sanctuary,Kamareddy,Wildlife/National Park,2024,February,Winter,No Major Festival / Public Holiday,4139,4139
Pocharam Wildlife Sanctuary,Kamareddy,Wildlife/National Park,2024,March,Summer,"Maha Shivaratri, Holi",3468,3468
Pocharam Wildlife Sanctuary,Kamareddy,Wildlife/National Park,2024,April,Summer,"Ugadi, Sri Rama Navami, Eid-ul-Fitr, Ambedkar Jayanti",3308,3308
Pocharam Wildlife Sanctuary,Kamareddy,Wildlife/National Park,2024,May,Summer,May Day,5474,5474
Pocharam Wildlife Sanctuary,Kamareddy,Wildlife/National Park,2024,June,Monsoon,"Bakrid/Eid-ul-Adha, Telangana Formation Day",2543,2543
Pocharam Wildlife Sanctuary,Kamareddy,Wildlife/National Park,2024,July,Monsoon,Bonalu,2619,2619
Pocharam Wildlife Sanctuary,Kamareddy,Wildlife/National Park,2024,August,Monsoon,"Raksha Bandhan, Krishna Janmashtami, Independence Day",2746,2746
Pocharam Wildlife Sanctuary,Kamareddy,Wildlife/National Park,2024,September,Monsoon,"Ganesh Chaturthi, Engili Pula Bathukamma (start)",2586,2586
Pocharam Wildlife Sanctuary,Kamareddy,Wildlife/National Park,2024,October,Post-Monsoon,"Bathukamma (Saddula Bathukamma), Dussehra/Vijayadashami",4145,4145
Pocharam Wildlife Sanctuary,Kamareddy,Wildlife/National Park,2024,November,Post-Monsoon,Diwali/Deepavali,3830,3830
Pocharam Wildlife Sanctuary,Kamareddy,Wildlife/National Park,2024,December,Winter,Christmas,6107,6107
Pocharam Wildlife Sanctuary,Kamareddy,Wildlife/National Park,2025,January,Winter,"Bhogi, Sankranti/Pongal, New Year's Day, Republic Day",6486,6486
Pocharam Wildlife Sanctuary,Kamareddy,Wildlife/National Park,2025,February,Winter,Maha Shivaratri,4516,4516
Pocharam Wildlife Sanctuary,Kamareddy,Wildlife/National Park,2025,March,Summer,"Holi, Ugadi, Eid-ul-Fitr",3209,3209
Pocharam Wildlife Sanctuary,Kamareddy,Wildlife/National Park,2025,April,Summer,"Sri Rama Navami, Ambedkar Jayanti",3325,3325
Pocharam Wildlife Sanctuary,Kamareddy,Wildlife/National Park,2025,May,Summer,May Day,5454,5454
Pocharam Wildlife Sanctuary,Kamareddy,Wildlife/National Park,2025,June,Monsoon,"Bakrid/Eid-ul-Adha, Telangana Formation Day",2596,2596
Pocharam Wildlife Sanctuary,Kamareddy,Wildlife/National Park,2025,July,Monsoon,Bonalu,2713,2713
Pocharam Wildlife Sanctuary,Kamareddy,Wildlife/National Park,2025,August,Monsoon,"Krishna Ashtami, Vinayaka Chavithi, Independence Day",2710,2710
Pocharam Wildlife Sanctuary,Kamareddy,Wildlife/National Park,2025,September,Monsoon,Bathukamma (Engili Pula to Saddula),2539,2539
Pocharam Wildlife Sanctuary,Kamareddy,Wildlife/National Park,2025,October,Post-Monsoon,"Vijaya Dasami/Dussehra, Diwali/Deepavali",4228,4228
Pocharam Wildlife Sanctuary,Kamareddy,Wildlife/National Park,2025,November,Post-Monsoon,No Major Festival / Public Holiday,4069,4069
Pocharam Wildlife Sanctuary,Kamareddy,Wildlife/National Park,2025,December,Winter,Christmas,6036,6036
Pochera Waterfalls,Adilabad,Waterfall,2024,January,Winter,"Bhogi, Sankranti/Pongal, New Year's Day, Republic Day",6766,6766
Pochera Waterfalls,Adilabad,Waterfall,2024,February,Winter,No Major Festival / Public Holiday,6574,6574
Pochera Waterfalls,Adilabad,Waterfall,2024,March,Summer,"Maha Shivaratri, Holi",1309,1309
Pochera Waterfalls,Adilabad,Waterfall,2024,April,Summer,"Ugadi, Sri Rama Navami, Eid-ul-Fitr, Ambedkar Jayanti",1245,1245
Pochera Waterfalls,Adilabad,Waterfall,2024,May,Summer,May Day,1663,1663
Pochera Waterfalls,Adilabad,Waterfall,2024,June,Monsoon,"Bakrid/Eid-ul-Adha, Telangana Formation Day",13889,13889
Pochera Waterfalls,Adilabad,Waterfall,2024,July,Monsoon,Bonalu,14009,14009
Pochera Waterfalls,Adilabad,Waterfall,2024,August,Monsoon,"Raksha Bandhan, Krishna Janmashtami, Independence Day",14275,14275
Pochera Waterfalls,Adilabad,Waterfall,2024,September,Monsoon,"Ganesh Chaturthi, Engili Pula Bathukamma (start)",14235,14235
Pochera Waterfalls,Adilabad,Waterfall,2024,October,Post-Monsoon,"Bathukamma (Saddula Bathukamma), Dussehra/Vijayadashami",22920,22920
Pochera Waterfalls,Adilabad,Waterfall,2024,November,Post-Monsoon,Diwali/Deepavali,22021,22021
Pochera Waterfalls,Adilabad,Waterfall,2024,December,Winter,Christmas,6603,6603
Pochera Waterfalls,Adilabad,Waterfall,2025,January,Winter,"Bhogi, Sankranti/Pongal, New Year's Day, Republic Day",6682,6682
Pochera Waterfalls,Adilabad,Waterfall,2025,February,Winter,Maha Shivaratri,6882,6882
Pochera Waterfalls,Adilabad,Waterfall,2025,March,Summer,"Holi, Ugadi, Eid-ul-Fitr",1250,1250
Pochera Waterfalls,Adilabad,Waterfall,2025,April,Summer,"Sri Rama Navami, Ambedkar Jayanti",1323,1323
Pochera Waterfalls,Adilabad,Waterfall,2025,May,Summer,May Day,1593,1593
Pochera Waterfalls,Adilabad,Waterfall,2025,June,Monsoon,"Bakrid/Eid-ul-Adha, Telangana Formation Day",14809,14809
Pochera Waterfalls,Adilabad,Waterfall,2025,July,Monsoon,Bonalu,15195,15195
Pochera Waterfalls,Adilabad,Waterfall,2025,August,Monsoon,"Krishna Ashtami, Vinayaka Chavithi, Independence Day",15151,15151
Pochera Waterfalls,Adilabad,Waterfall,2025,September,Monsoon,Bathukamma (Engili Pula to Saddula),15210,15210
Pochera Waterfalls,Adilabad,Waterfall,2025,October,Post-Monsoon,"Vijaya Dasami/Dussehra, Diwali/Deepavali",21459,21459
Pochera Waterfalls,Adilabad,Waterfall,2025,November,Post-Monsoon,No Major Festival / Public Holiday,21158,21158
Pochera Waterfalls,Adilabad,Waterfall,2025,December,Winter,Christmas,6711,6711
Pranahita WLS,Mancherial,Other/Cultural Site,2024,January,Winter,"Bhogi, Sankranti/Pongal, New Year's Day, Republic Day",443,443
Pranahita WLS,Mancherial,Other/Cultural Site,2024,February,Winter,No Major Festival / Public Holiday,456,456
Pranahita WLS,Mancherial,Other/Cultural Site,2024,March,Summer,"Maha Shivaratri, Holi",338,338
Pranahita WLS,Mancherial,Other/Cultural Site,2024,April,Summer,"Ugadi, Sri Rama Navami, Eid-ul-Fitr, Ambedkar Jayanti",329,329
Pranahita WLS,Mancherial,Other/Cultural Site,2024,May,Summer,May Day,417,417
Pranahita WLS,Mancherial,Other/Cultural Site,2024,June,Monsoon,"Bakrid/Eid-ul-Adha, Telangana Formation Day",275,275
Pranahita WLS,Mancherial,Other/Cultural Site,2024,July,Monsoon,Bonalu,250,250
Pranahita WLS,Mancherial,Other/Cultural Site,2024,August,Monsoon,"Raksha Bandhan, Krishna Janmashtami, Independence Day",263,263
Pranahita WLS,Mancherial,Other/Cultural Site,2024,September,Monsoon,"Ganesh Chaturthi, Engili Pula Bathukamma (start)",255,255
Pranahita WLS,Mancherial,Other/Cultural Site,2024,October,Post-Monsoon,"Bathukamma (Saddula Bathukamma), Dussehra/Vijayadashami",380,380
Pranahita WLS,Mancherial,Other/Cultural Site,2024,November,Post-Monsoon,Diwali/Deepavali,410,410
Pranahita WLS,Mancherial,Other/Cultural Site,2024,December,Winter,Christmas,456,456
Pranahita WLS,Mancherial,Other/Cultural Site,2025,January,Winter,"Bhogi, Sankranti/Pongal, New Year's Day, Republic Day",419,419
Pranahita WLS,Mancherial,Other/Cultural Site,2025,February,Winter,Maha Shivaratri,453,453
Pranahita WLS,Mancherial,Other/Cultural Site,2025,March,Summer,"Holi, Ugadi, Eid-ul-Fitr",346,346
Pranahita WLS,Mancherial,Other/Cultural Site,2025,April,Summer,"Sri Rama Navami, Ambedkar Jayanti",349,349
Pranahita WLS,Mancherial,Other/Cultural Site,2025,May,Summer,May Day,391,391
Pranahita WLS,Mancherial,Other/Cultural Site,2025,June,Monsoon,"Bakrid/Eid-ul-Adha, Telangana Formation Day",275,275
Pranahita WLS,Mancherial,Other/Cultural Site,2025,July,Monsoon,Bonalu,256,256
Pranahita WLS,Mancherial,Other/Cultural Site,2025,August,Monsoon,"Krishna Ashtami, Vinayaka Chavithi, Independence Day",264,264
Pranahita WLS,Mancherial,Other/Cultural Site,2025,September,Monsoon,Bathukamma (Engili Pula to Saddula),248,248
Pranahita WLS,Mancherial,Other/Cultural Site,2025,October,Post-Monsoon,"Vijaya Dasami/Dussehra, Diwali/Deepavali",380,380
Pranahita WLS,Mancherial,Other/Cultural Site,2025,November,Post-Monsoon,No Major Festival / Public Holiday,413,413
Pranahita WLS,Mancherial,Other/Cultural Site,2025,December,Winter,Christmas,434,434
Priyadarshini Jurala Dam,Jogulamba Gadwal,Dam/Barrage,2024,January,Winter,"Bhogi, Sankranti/Pongal, New Year's Day, Republic Day",508,508
Priyadarshini Jurala Dam,Jogulamba Gadwal,Dam/Barrage,2024,February,Winter,No Major Festival / Public Holiday,471,471
Priyadarshini Jurala Dam,Jogulamba Gadwal,Dam/Barrage,2024,March,Summer,"Maha Shivaratri, Holi",376,376
Priyadarshini Jurala Dam,Jogulamba Gadwal,Dam/Barrage,2024,April,Summer,"Ugadi, Sri Rama Navami, Eid-ul-Fitr, Ambedkar Jayanti",397,397
Priyadarshini Jurala Dam,Jogulamba Gadwal,Dam/Barrage,2024,May,Summer,May Day,449,449
Priyadarshini Jurala Dam,Jogulamba Gadwal,Dam/Barrage,2024,June,Monsoon,"Bakrid/Eid-ul-Adha, Telangana Formation Day",285,285
Priyadarshini Jurala Dam,Jogulamba Gadwal,Dam/Barrage,2024,July,Monsoon,Bonalu,309,309
Priyadarshini Jurala Dam,Jogulamba Gadwal,Dam/Barrage,2024,August,Monsoon,"Raksha Bandhan, Krishna Janmashtami, Independence Day",303,303
Priyadarshini Jurala Dam,Jogulamba Gadwal,Dam/Barrage,2024,September,Monsoon,"Ganesh Chaturthi, Engili Pula Bathukamma (start)",302,302
Priyadarshini Jurala Dam,Jogulamba Gadwal,Dam/Barrage,2024,October,Post-Monsoon,"Bathukamma (Saddula Bathukamma), Dussehra/Vijayadashami",435,435
Priyadarshini Jurala Dam,Jogulamba Gadwal,Dam/Barrage,2024,November,Post-Monsoon,Diwali/Deepavali,440,440
Priyadarshini Jurala Dam,Jogulamba Gadwal,Dam/Barrage,2024,December,Winter,Christmas,507,507
Priyadarshini Jurala Dam,Jogulamba Gadwal,Dam/Barrage,2025,January,Winter,"Bhogi, Sankranti/Pongal, New Year's Day, Republic Day",482,482
Priyadarshini Jurala Dam,Jogulamba Gadwal,Dam/Barrage,2025,February,Winter,Maha Shivaratri,500,500
Priyadarshini Jurala Dam,Jogulamba Gadwal,Dam/Barrage,2025,March,Summer,"Holi, Ugadi, Eid-ul-Fitr",382,382
Priyadarshini Jurala Dam,Jogulamba Gadwal,Dam/Barrage,2025,April,Summer,"Sri Rama Navami, Ambedkar Jayanti",370,370
Priyadarshini Jurala Dam,Jogulamba Gadwal,Dam/Barrage,2025,May,Summer,May Day,484,484
Priyadarshini Jurala Dam,Jogulamba Gadwal,Dam/Barrage,2025,June,Monsoon,"Bakrid/Eid-ul-Adha, Telangana Formation Day",312,312
Priyadarshini Jurala Dam,Jogulamba Gadwal,Dam/Barrage,2025,July,Monsoon,Bonalu,308,308
Priyadarshini Jurala Dam,Jogulamba Gadwal,Dam/Barrage,2025,August,Monsoon,"Krishna Ashtami, Vinayaka Chavithi, Independence Day",284,284
Priyadarshini Jurala Dam,Jogulamba Gadwal,Dam/Barrage,2025,September,Monsoon,Bathukamma (Engili Pula to Saddula),285,285
Priyadarshini Jurala Dam,Jogulamba Gadwal,Dam/Barrage,2025,October,Post-Monsoon,"Vijaya Dasami/Dussehra, Diwali/Deepavali",459,459
Priyadarshini Jurala Dam,Jogulamba Gadwal,Dam/Barrage,2025,November,Post-Monsoon,No Major Festival / Public Holiday,441,441
Priyadarshini Jurala Dam,Jogulamba Gadwal,Dam/Barrage,2025,December,Winter,Christmas,528,528
Public Garden,Hanumakonda,Park/Garden,2024,January,Winter,"Bhogi, Sankranti/Pongal, New Year's Day, Republic Day",7243,7243
Public Garden,Hanumakonda,Park/Garden,2024,February,Winter,No Major Festival / Public Holiday,4718,4718
Public Garden,Hanumakonda,Park/Garden,2024,March,Summer,"Maha Shivaratri, Holi",4012,4012
Public Garden,Hanumakonda,Park/Garden,2024,April,Summer,"Ugadi, Sri Rama Navami, Eid-ul-Fitr, Ambedkar Jayanti",3812,3812
Public Garden,Hanumakonda,Park/Garden,2024,May,Summer,May Day,6287,6287
Public Garden,Hanumakonda,Park/Garden,2024,June,Monsoon,"Bakrid/Eid-ul-Adha, Telangana Formation Day",2950,2950
Public Garden,Hanumakonda,Park/Garden,2024,July,Monsoon,Bonalu,2843,2843
Public Garden,Hanumakonda,Park/Garden,2024,August,Monsoon,"Raksha Bandhan, Krishna Janmashtami, Independence Day",3176,3176
Public Garden,Hanumakonda,Park/Garden,2024,September,Monsoon,"Ganesh Chaturthi, Engili Pula Bathukamma (start)",2834,2834
Public Garden,Hanumakonda,Park/Garden,2024,October,Post-Monsoon,"Bathukamma (Saddula Bathukamma), Dussehra/Vijayadashami",4685,4685
Public Garden,Hanumakonda,Park/Garden,2024,November,Post-Monsoon,Diwali/Deepavali,4568,4568
Public Garden,Hanumakonda,Park/Garden,2024,December,Winter,Christmas,7377,7377
Public Garden,Hanumakonda,Park/Garden,2025,January,Winter,"Bhogi, Sankranti/Pongal, New Year's Day, Republic Day",6786,6786
Public Garden,Hanumakonda,Park/Garden,2025,February,Winter,Maha Shivaratri,5019,5019
Public Garden,Hanumakonda,Park/Garden,2025,March,Summer,"Holi, Ugadi, Eid-ul-Fitr",3791,3791
Public Garden,Hanumakonda,Park/Garden,2025,April,Summer,"Sri Rama Navami, Ambedkar Jayanti",3892,3892
Public Garden,Hanumakonda,Park/Garden,2025,May,Summer,May Day,6106,6106
Public Garden,Hanumakonda,Park/Garden,2025,June,Monsoon,"Bakrid/Eid-ul-Adha, Telangana Formation Day",2889,2889
Public Garden,Hanumakonda,Park/Garden,2025,July,Monsoon,Bonalu,2897,2897
Public Garden,Hanumakonda,Park/Garden,2025,August,Monsoon,"Krishna Ashtami, Vinayaka Chavithi, Independence Day",3085,3085
Public Garden,Hanumakonda,Park/Garden,2025,September,Monsoon,Bathukamma (Engili Pula to Saddula),2888,2888
Public Garden,Hanumakonda,Park/Garden,2025,October,Post-Monsoon,"Vijaya Dasami/Dussehra, Diwali/Deepavali",4640,4640
Public Garden,Hanumakonda,Park/Garden,2025,November,Post-Monsoon,No Major Festival / Public Holiday,4442,4442
Public Garden,Hanumakonda,Park/Garden,2025,December,Winter,Christmas,7303,7303
Public Gardens,Hyderabad,Park/Garden,2024,January,Winter,"Bhogi, Sankranti/Pongal, New Year's Day, Republic Day",7010,7010
Public Gardens,Hyderabad,Park/Garden,2024,February,Winter,No Major Festival / Public Holiday,4860,4860
Public Gardens,Hyderabad,Park/Garden,2024,March,Summer,"Maha Shivaratri, Holi",3779,3779
Public Gardens,Hyderabad,Park/Garden,2024,April,Summer,"Ugadi, Sri Rama Navami, Eid-ul-Fitr, Ambedkar Jayanti",3786,3786
Public Gardens,Hyderabad,Park/Garden,2024,May,Summer,May Day,6599,6599
Public Gardens,Hyderabad,Park/Garden,2024,June,Monsoon,"Bakrid/Eid-ul-Adha, Telangana Formation Day",3158,3158
Public Gardens,Hyderabad,Park/Garden,2024,July,Monsoon,Bonalu,2938,2938
Public Gardens,Hyderabad,Park/Garden,2024,August,Monsoon,"Raksha Bandhan, Krishna Janmashtami, Independence Day",2835,2835
Public Gardens,Hyderabad,Park/Garden,2024,September,Monsoon,"Ganesh Chaturthi, Engili Pula Bathukamma (start)",2998,2998
Public Gardens,Hyderabad,Park/Garden,2024,October,Post-Monsoon,"Bathukamma (Saddula Bathukamma), Dussehra/Vijayadashami",4624,4624
Public Gardens,Hyderabad,Park/Garden,2024,November,Post-Monsoon,Diwali/Deepavali,4416,4416
Public Gardens,Hyderabad,Park/Garden,2024,December,Winter,Christmas,7218,7218
Public Gardens,Hyderabad,Park/Garden,2025,January,Winter,"Bhogi, Sankranti/Pongal, New Year's Day, Republic Day",7407,7407
Public Gardens,Hyderabad,Park/Garden,2025,February,Winter,Maha Shivaratri,5267,5267
Public Gardens,Hyderabad,Park/Garden,2025,March,Summer,"Holi, Ugadi, Eid-ul-Fitr",3661,3661
Public Gardens,Hyderabad,Park/Garden,2025,April,Summer,"Sri Rama Navami, Ambedkar Jayanti",3971,3971
Public Gardens,Hyderabad,Park/Garden,2025,May,Summer,May Day,6598,6598
Public Gardens,Hyderabad,Park/Garden,2025,June,Monsoon,"Bakrid/Eid-ul-Adha, Telangana Formation Day",2983,2983
Public Gardens,Hyderabad,Park/Garden,2025,July,Monsoon,Bonalu,3014,3014
Public Gardens,Hyderabad,Park/Garden,2025,August,Monsoon,"Krishna Ashtami, Vinayaka Chavithi, Independence Day",3125,3125
Public Gardens,Hyderabad,Park/Garden,2025,September,Monsoon,Bathukamma (Engili Pula to Saddula),2992,2992
Public Gardens,Hyderabad,Park/Garden,2025,October,Post-Monsoon,"Vijaya Dasami/Dussehra, Diwali/Deepavali",4530,4530
Public Gardens,Hyderabad,Park/Garden,2025,November,Post-Monsoon,No Major Festival / Public Holiday,4596,4596
Public Gardens,Hyderabad,Park/Garden,2025,December,Winter,Christmas,7066,7066
Purana Haveli,Hyderabad,Palace/Heritage,2024,January,Winter,"Bhogi, Sankranti/Pongal, New Year's Day, Republic Day",6942,6942
Purana Haveli,Hyderabad,Palace/Heritage,2024,February,Winter,No Major Festival / Public Holiday,4804,4804
Purana Haveli,Hyderabad,Palace/Heritage,2024,March,Summer,"Maha Shivaratri, Holi",4022,4022
Purana Haveli,Hyderabad,Palace/Heritage,2024,April,Summer,"Ugadi, Sri Rama Navami, Eid-ul-Fitr, Ambedkar Jayanti",3827,3827
Purana Haveli,Hyderabad,Palace/Heritage,2024,May,Summer,May Day,4703,4703
Purana Haveli,Hyderabad,Palace/Heritage,2024,June,Monsoon,"Bakrid/Eid-ul-Adha, Telangana Formation Day",2937,2937
Purana Haveli,Hyderabad,Palace/Heritage,2024,July,Monsoon,Bonalu,2854,2854
Purana Haveli,Hyderabad,Palace/Heritage,2024,August,Monsoon,"Raksha Bandhan, Krishna Janmashtami, Independence Day",3171,3171
Purana Haveli,Hyderabad,Palace/Heritage,2024,September,Monsoon,"Ganesh Chaturthi, Engili Pula Bathukamma (start)",2923,2923
Purana Haveli,Hyderabad,Palace/Heritage,2024,October,Post-Monsoon,"Bathukamma (Saddula Bathukamma), Dussehra/Vijayadashami",6381,6381
Purana Haveli,Hyderabad,Palace/Heritage,2024,November,Post-Monsoon,Diwali/Deepavali,4682,4682
Purana Haveli,Hyderabad,Palace/Heritage,2024,December,Winter,Christmas,6600,6600
Purana Haveli,Hyderabad,Palace/Heritage,2025,January,Winter,"Bhogi, Sankranti/Pongal, New Year's Day, Republic Day",7260,7260
Purana Haveli,Hyderabad,Palace/Heritage,2025,February,Winter,Maha Shivaratri,5021,5021
Purana Haveli,Hyderabad,Palace/Heritage,2025,March,Summer,"Holi, Ugadi, Eid-ul-Fitr",3698,3698
Purana Haveli,Hyderabad,Palace/Heritage,2025,April,Summer,"Sri Rama Navami, Ambedkar Jayanti",3600,3600
Purana Haveli,Hyderabad,Palace/Heritage,2025,May,Summer,May Day,4413,4413
Purana Haveli,Hyderabad,Palace/Heritage,2025,June,Monsoon,"Bakrid/Eid-ul-Adha, Telangana Formation Day",3142,3142
Purana Haveli,Hyderabad,Palace/Heritage,2025,July,Monsoon,Bonalu,3066,3066
Purana Haveli,Hyderabad,Palace/Heritage,2025,August,Monsoon,"Krishna Ashtami, Vinayaka Chavithi, Independence Day",2909,2909
Purana Haveli,Hyderabad,Palace/Heritage,2025,September,Monsoon,Bathukamma (Engili Pula to Saddula),2843,2843
Purana Haveli,Hyderabad,Palace/Heritage,2025,October,Post-Monsoon,"Vijaya Dasami/Dussehra, Diwali/Deepavali",6587,6587
Purana Haveli,Hyderabad,Palace/Heritage,2025,November,Post-Monsoon,No Major Festival / Public Holiday,4639,4639
Purana Haveli,Hyderabad,Palace/Heritage,2025,December,Winter,Christmas,6919,6919
Purani Haveli,Hyderabad,Palace/Heritage,2024,January,Winter,"Bhogi, Sankranti/Pongal, New Year's Day, Republic Day",7690,7690
Purani Haveli,Hyderabad,Palace/Heritage,2024,February,Winter,No Major Festival / Public Holiday,5410,5410
Purani Haveli,Hyderabad,Palace/Heritage,2024,March,Summer,"Maha Shivaratri, Holi",4062,4062
Purani Haveli,Hyderabad,Palace/Heritage,2024,April,Summer,"Ugadi, Sri Rama Navami, Eid-ul-Fitr, Ambedkar Jayanti",4384,4384
Purani Haveli,Hyderabad,Palace/Heritage,2024,May,Summer,May Day,4986,4986
Purani Haveli,Hyderabad,Palace/Heritage,2024,June,Monsoon,"Bakrid/Eid-ul-Adha, Telangana Formation Day",3451,3451
Purani Haveli,Hyderabad,Palace/Heritage,2024,July,Monsoon,Bonalu,3330,3330
Purani Haveli,Hyderabad,Palace/Heritage,2024,August,Monsoon,"Raksha Bandhan, Krishna Janmashtami, Independence Day",3340,3340
Purani Haveli,Hyderabad,Palace/Heritage,2024,September,Monsoon,"Ganesh Chaturthi, Engili Pula Bathukamma (start)",3362,3362
Purani Haveli,Hyderabad,Palace/Heritage,2024,October,Post-Monsoon,"Bathukamma (Saddula Bathukamma), Dussehra/Vijayadashami",7129,7129
Purani Haveli,Hyderabad,Palace/Heritage,2024,November,Post-Monsoon,Diwali/Deepavali,4926,4926
Purani Haveli,Hyderabad,Palace/Heritage,2024,December,Winter,Christmas,7695,7695
Purani Haveli,Hyderabad,Palace/Heritage,2025,January,Winter,"Bhogi, Sankranti/Pongal, New Year's Day, Republic Day",8029,8029
Purani Haveli,Hyderabad,Palace/Heritage,2025,February,Winter,Maha Shivaratri,5736,5736
Purani Haveli,Hyderabad,Palace/Heritage,2025,March,Summer,"Holi, Ugadi, Eid-ul-Fitr",4165,4165
Purani Haveli,Hyderabad,Palace/Heritage,2025,April,Summer,"Sri Rama Navami, Ambedkar Jayanti",4254,4254
Purani Haveli,Hyderabad,Palace/Heritage,2025,May,Summer,May Day,4984,4984
Purani Haveli,Hyderabad,Palace/Heritage,2025,June,Monsoon,"Bakrid/Eid-ul-Adha, Telangana Formation Day",3257,3257
Purani Haveli,Hyderabad,Palace/Heritage,2025,July,Monsoon,Bonalu,3181,3181
Purani Haveli,Hyderabad,Palace/Heritage,2025,August,Monsoon,"Krishna Ashtami, Vinayaka Chavithi, Independence Day",3535,3535
Purani Haveli,Hyderabad,Palace/Heritage,2025,September,Monsoon,Bathukamma (Engili Pula to Saddula),3257,3257
Purani Haveli,Hyderabad,Palace/Heritage,2025,October,Post-Monsoon,"Vijaya Dasami/Dussehra, Diwali/Deepavali",7008,7008
Purani Haveli,Hyderabad,Palace/Heritage,2025,November,Post-Monsoon,No Major Festival / Public Holiday,5038,5038
Purani Haveli,Hyderabad,Palace/Heritage,2025,December,Winter,Christmas,7522,7522
Pushkar Ghat,Nirmal,Cave/Hill/Viewpoint,2024,January,Winter,"Bhogi, Sankranti/Pongal, New Year's Day, Republic Day",972,972
Pushkar Ghat,Nirmal,Cave/Hill/Viewpoint,2024,February,Winter,No Major Festival / Public Holiday,1012,1012
Pushkar Ghat,Nirmal,Cave/Hill/Viewpoint,2024,March,Summer,"Maha Shivaratri, Holi",793,793
Pushkar Ghat,Nirmal,Cave/Hill/Viewpoint,2024,April,Summer,"Ugadi, Sri Rama Navami, Eid-ul-Fitr, Ambedkar Jayanti",805,805
Pushkar Ghat,Nirmal,Cave/Hill/Viewpoint,2024,May,Summer,May Day,931,931
Pushkar Ghat,Nirmal,Cave/Hill/Viewpoint,2024,June,Monsoon,"Bakrid/Eid-ul-Adha, Telangana Formation Day",593,593
Pushkar Ghat,Nirmal,Cave/Hill/Viewpoint,2024,July,Monsoon,Bonalu,580,580
Pushkar Ghat,Nirmal,Cave/Hill/Viewpoint,2024,August,Monsoon,"Raksha Bandhan, Krishna Janmashtami, Independence Day",582,582
Pushkar Ghat,Nirmal,Cave/Hill/Viewpoint,2024,September,Monsoon,"Ganesh Chaturthi, Engili Pula Bathukamma (start)",598,598
Pushkar Ghat,Nirmal,Cave/Hill/Viewpoint,2024,October,Post-Monsoon,"Bathukamma (Saddula Bathukamma), Dussehra/Vijayadashami",905,905
Pushkar Ghat,Nirmal,Cave/Hill/Viewpoint,2024,November,Post-Monsoon,Diwali/Deepavali,965,965
Pushkar Ghat,Nirmal,Cave/Hill/Viewpoint,2024,December,Winter,Christmas,984,984
Pushkar Ghat,Nirmal,Cave/Hill/Viewpoint,2025,January,Winter,"Bhogi, Sankranti/Pongal, New Year's Day, Republic Day",984,984
Pushkar Ghat,Nirmal,Cave/Hill/Viewpoint,2025,February,Winter,Maha Shivaratri,986,986
Pushkar Ghat,Nirmal,Cave/Hill/Viewpoint,2025,March,Summer,"Holi, Ugadi, Eid-ul-Fitr",790,790
Pushkar Ghat,Nirmal,Cave/Hill/Viewpoint,2025,April,Summer,"Sri Rama Navami, Ambedkar Jayanti",773,773
Pushkar Ghat,Nirmal,Cave/Hill/Viewpoint,2025,May,Summer,May Day,932,932
Pushkar Ghat,Nirmal,Cave/Hill/Viewpoint,2025,June,Monsoon,"Bakrid/Eid-ul-Adha, Telangana Formation Day",588,588
Pushkar Ghat,Nirmal,Cave/Hill/Viewpoint,2025,July,Monsoon,Bonalu,622,622
Pushkar Ghat,Nirmal,Cave/Hill/Viewpoint,2025,August,Monsoon,"Krishna Ashtami, Vinayaka Chavithi, Independence Day",566,566
Pushkar Ghat,Nirmal,Cave/Hill/Viewpoint,2025,September,Monsoon,Bathukamma (Engili Pula to Saddula),626,626
Pushkar Ghat,Nirmal,Cave/Hill/Viewpoint,2025,October,Post-Monsoon,"Vijaya Dasami/Dussehra, Diwali/Deepavali",921,921
Pushkar Ghat,Nirmal,Cave/Hill/Viewpoint,2025,November,Post-Monsoon,No Major Festival / Public Holiday,908,908
Pushkar Ghat,Nirmal,Cave/Hill/Viewpoint,2025,December,Winter,Christmas,999,999
Qutb Shahi Tombs,Hyderabad,Monument/Tomb,2024,January,Winter,"Bhogi, Sankranti/Pongal, New Year's Day, Republic Day",1770,1770
Qutb Shahi Tombs,Hyderabad,Monument/Tomb,2024,February,Winter,No Major Festival / Public Holiday,1296,1296
Qutb Shahi Tombs,Hyderabad,Monument/Tomb,2024,March,Summer,"Maha Shivaratri, Holi",905,905
Qutb Shahi Tombs,Hyderabad,Monument/Tomb,2024,April,Summer,"Ugadi, Sri Rama Navami, Eid-ul-Fitr, Ambedkar Jayanti",938,938
Qutb Shahi Tombs,Hyderabad,Monument/Tomb,2024,May,Summer,May Day,1127,1127
Qutb Shahi Tombs,Hyderabad,Monument/Tomb,2024,June,Monsoon,"Bakrid/Eid-ul-Adha, Telangana Formation Day",756,756
Qutb Shahi Tombs,Hyderabad,Monument/Tomb,2024,July,Monsoon,Bonalu,782,782
Qutb Shahi Tombs,Hyderabad,Monument/Tomb,2024,August,Monsoon,"Raksha Bandhan, Krishna Janmashtami, Independence Day",712,712
Qutb Shahi Tombs,Hyderabad,Monument/Tomb,2024,September,Monsoon,"Ganesh Chaturthi, Engili Pula Bathukamma (start)",711,711
Qutb Shahi Tombs,Hyderabad,Monument/Tomb,2024,October,Post-Monsoon,"Bathukamma (Saddula Bathukamma), Dussehra/Vijayadashami",1677,1677
Qutb Shahi Tombs,Hyderabad,Monument/Tomb,2024,November,Post-Monsoon,Diwali/Deepavali,1110,1110
Qutb Shahi Tombs,Hyderabad,Monument/Tomb,2024,December,Winter,Christmas,1785,1785
Qutb Shahi Tombs,Hyderabad,Monument/Tomb,2025,January,Winter,"Bhogi, Sankranti/Pongal, New Year's Day, Republic Day",1759,1759
Qutb Shahi Tombs,Hyderabad,Monument/Tomb,2025,February,Winter,Maha Shivaratri,1299,1299
Qutb Shahi Tombs,Hyderabad,Monument/Tomb,2025,March,Summer,"Holi, Ugadi, Eid-ul-Fitr",907,907
Qutb Shahi Tombs,Hyderabad,Monument/Tomb,2025,April,Summer,"Sri Rama Navami, Ambedkar Jayanti",907,907
Qutb Shahi Tombs,Hyderabad,Monument/Tomb,2025,May,Summer,May Day,1157,1157
Qutb Shahi Tombs,Hyderabad,Monument/Tomb,2025,June,Monsoon,"Bakrid/Eid-ul-Adha, Telangana Formation Day",790,790
Qutb Shahi Tombs,Hyderabad,Monument/Tomb,2025,July,Monsoon,Bonalu,742,742
Qutb Shahi Tombs,Hyderabad,Monument/Tomb,2025,August,Monsoon,"Krishna Ashtami, Vinayaka Chavithi, Independence Day",734,734
Qutb Shahi Tombs,Hyderabad,Monument/Tomb,2025,September,Monsoon,Bathukamma (Engili Pula to Saddula),759,759
Qutb Shahi Tombs,Hyderabad,Monument/Tomb,2025,October,Post-Monsoon,"Vijaya Dasami/Dussehra, Diwali/Deepavali",1693,1693
Qutb Shahi Tombs,Hyderabad,Monument/Tomb,2025,November,Post-Monsoon,No Major Festival / Public Holiday,1196,1196
Qutb Shahi Tombs,Hyderabad,Monument/Tomb,2025,December,Winter,Christmas,1854,1854
Qutub Shahi Tombs,Hyderabad,Monument/Tomb,2024,January,Winter,"Bhogi, Sankranti/Pongal, New Year's Day, Republic Day",1719,1719
Qutub Shahi Tombs,Hyderabad,Monument/Tomb,2024,February,Winter,No Major Festival / Public Holiday,1266,1266
Qutub Shahi Tombs,Hyderabad,Monument/Tomb,2024,March,Summer,"Maha Shivaratri, Holi",959,959
Qutub Shahi Tombs,Hyderabad,Monument/Tomb,2024,April,Summer,"Ugadi, Sri Rama Navami, Eid-ul-Fitr, Ambedkar Jayanti",955,955
Qutub Shahi Tombs,Hyderabad,Monument/Tomb,2024,May,Summer,May Day,1169,1169
Qutub Shahi Tombs,Hyderabad,Monument/Tomb,2024,June,Monsoon,"Bakrid/Eid-ul-Adha, Telangana Formation Day",728,728
Qutub Shahi Tombs,Hyderabad,Monument/Tomb,2024,July,Monsoon,Bonalu,712,712
Qutub Shahi Tombs,Hyderabad,Monument/Tomb,2024,August,Monsoon,"Raksha Bandhan, Krishna Janmashtami, Independence Day",715,715
Qutub Shahi Tombs,Hyderabad,Monument/Tomb,2024,September,Monsoon,"Ganesh Chaturthi, Engili Pula Bathukamma (start)",725,725
Qutub Shahi Tombs,Hyderabad,Monument/Tomb,2024,October,Post-Monsoon,"Bathukamma (Saddula Bathukamma), Dussehra/Vijayadashami",1610,1610
Qutub Shahi Tombs,Hyderabad,Monument/Tomb,2024,November,Post-Monsoon,Diwali/Deepavali,1196,1196
Qutub Shahi Tombs,Hyderabad,Monument/Tomb,2024,December,Winter,Christmas,1792,1792
Qutub Shahi Tombs,Hyderabad,Monument/Tomb,2025,January,Winter,"Bhogi, Sankranti/Pongal, New Year's Day, Republic Day",1810,1810
Qutub Shahi Tombs,Hyderabad,Monument/Tomb,2025,February,Winter,Maha Shivaratri,1227,1227
Qutub Shahi Tombs,Hyderabad,Monument/Tomb,2025,March,Summer,"Holi, Ugadi, Eid-ul-Fitr",939,939
Qutub Shahi Tombs,Hyderabad,Monument/Tomb,2025,April,Summer,"Sri Rama Navami, Ambedkar Jayanti",937,937
Qutub Shahi Tombs,Hyderabad,Monument/Tomb,2025,May,Summer,May Day,1107,1107
Qutub Shahi Tombs,Hyderabad,Monument/Tomb,2025,June,Monsoon,"Bakrid/Eid-ul-Adha, Telangana Formation Day",710,710
Qutub Shahi Tombs,Hyderabad,Monument/Tomb,2025,July,Monsoon,Bonalu,758,758
Qutub Shahi Tombs,Hyderabad,Monument/Tomb,2025,August,Monsoon,"Krishna Ashtami, Vinayaka Chavithi, Independence Day",794,794
Qutub Shahi Tombs,Hyderabad,Monument/Tomb,2025,September,Monsoon,Bathukamma (Engili Pula to Saddula),720,720
Qutub Shahi Tombs,Hyderabad,Monument/Tomb,2025,October,Post-Monsoon,"Vijaya Dasami/Dussehra, Diwali/Deepavali",1522,1522
Qutub Shahi Tombs,Hyderabad,Monument/Tomb,2025,November,Post-Monsoon,No Major Festival / Public Holiday,1188,1188
Qutub Shahi Tombs,Hyderabad,Monument/Tomb,2025,December,Winter,Christmas,1698,1698
Raati Darwaza,Khammam,Fort,2024,January,Winter,"Bhogi, Sankranti/Pongal, New Year's Day, Republic Day",8997,8997
Raati Darwaza,Khammam,Fort,2024,February,Winter,No Major Festival / Public Holiday,6372,6372
Raati Darwaza,Khammam,Fort,2024,March,Summer,"Maha Shivaratri, Holi",4529,4529
Raati Darwaza,Khammam,Fort,2024,April,Summer,"Ugadi, Sri Rama Navami, Eid-ul-Fitr, Ambedkar Jayanti",4875,4875
Raati Darwaza,Khammam,Fort,2024,May,Summer,May Day,5750,5750
Raati Darwaza,Khammam,Fort,2024,June,Monsoon,"Bakrid/Eid-ul-Adha, Telangana Formation Day",3927,3927
Raati Darwaza,Khammam,Fort,2024,July,Monsoon,Bonalu,3938,3938
Raati Darwaza,Khammam,Fort,2024,August,Monsoon,"Raksha Bandhan, Krishna Janmashtami, Independence Day",3549,3549
Raati Darwaza,Khammam,Fort,2024,September,Monsoon,"Ganesh Chaturthi, Engili Pula Bathukamma (start)",3894,3894
Raati Darwaza,Khammam,Fort,2024,October,Post-Monsoon,"Bathukamma (Saddula Bathukamma), Dussehra/Vijayadashami",7603,7603
Raati Darwaza,Khammam,Fort,2024,November,Post-Monsoon,Diwali/Deepavali,5658,5658
Raati Darwaza,Khammam,Fort,2024,December,Winter,Christmas,8794,8794
Raati Darwaza,Khammam,Fort,2025,January,Winter,"Bhogi, Sankranti/Pongal, New Year's Day, Republic Day",8380,8380
Raati Darwaza,Khammam,Fort,2025,February,Winter,Maha Shivaratri,6434,6434
Raati Darwaza,Khammam,Fort,2025,March,Summer,"Holi, Ugadi, Eid-ul-Fitr",4469,4469
Raati Darwaza,Khammam,Fort,2025,April,Summer,"Sri Rama Navami, Ambedkar Jayanti",4561,4561
Raati Darwaza,Khammam,Fort,2025,May,Summer,May Day,5805,5805
Raati Darwaza,Khammam,Fort,2025,June,Monsoon,"Bakrid/Eid-ul-Adha, Telangana Formation Day",3846,3846
Raati Darwaza,Khammam,Fort,2025,July,Monsoon,Bonalu,3937,3937
Raati Darwaza,Khammam,Fort,2025,August,Monsoon,"Krishna Ashtami, Vinayaka Chavithi, Independence Day",3842,3842
Raati Darwaza,Khammam,Fort,2025,September,Monsoon,Bathukamma (Engili Pula to Saddula),3827,3827
Raati Darwaza,Khammam,Fort,2025,October,Post-Monsoon,"Vijaya Dasami/Dussehra, Diwali/Deepavali",7947,7947
Raati Darwaza,Khammam,Fort,2025,November,Post-Monsoon,No Major Festival / Public Holiday,5405,5405
Raati Darwaza,Khammam,Fort,2025,December,Winter,Christmas,8351,8351
Rachakonda Fort,Yadadri Bhuvanagiri,Fort,2024,January,Winter,"Bhogi, Sankranti/Pongal, New Year's Day, Republic Day",8444,8444
Rachakonda Fort,Yadadri Bhuvanagiri,Fort,2024,February,Winter,No Major Festival / Public Holiday,5883,5883
Rachakonda Fort,Yadadri Bhuvanagiri,Fort,2024,March,Summer,"Maha Shivaratri, Holi",5033,5033
Rachakonda Fort,Yadadri Bhuvanagiri,Fort,2024,April,Summer,"Ugadi, Sri Rama Navami, Eid-ul-Fitr, Ambedkar Jayanti",4625,4625
Rachakonda Fort,Yadadri Bhuvanagiri,Fort,2024,May,Summer,May Day,5865,5865
Rachakonda Fort,Yadadri Bhuvanagiri,Fort,2024,June,Monsoon,"Bakrid/Eid-ul-Adha, Telangana Formation Day",3604,3604
Rachakonda Fort,Yadadri Bhuvanagiri,Fort,2024,July,Monsoon,Bonalu,3786,3786
Rachakonda Fort,Yadadri Bhuvanagiri,Fort,2024,August,Monsoon,"Raksha Bandhan, Krishna Janmashtami, Independence Day",3931,3931
Rachakonda Fort,Yadadri Bhuvanagiri,Fort,2024,September,Monsoon,"Ganesh Chaturthi, Engili Pula Bathukamma (start)",3669,3669
Rachakonda Fort,Yadadri Bhuvanagiri,Fort,2024,October,Post-Monsoon,"Bathukamma (Saddula Bathukamma), Dussehra/Vijayadashami",8214,8214
Rachakonda Fort,Yadadri Bhuvanagiri,Fort,2024,November,Post-Monsoon,Diwali/Deepavali,5534,5534
Rachakonda Fort,Yadadri Bhuvanagiri,Fort,2024,December,Winter,Christmas,8881,8881
Rachakonda Fort,Yadadri Bhuvanagiri,Fort,2025,January,Winter,"Bhogi, Sankranti/Pongal, New Year's Day, Republic Day",8578,8578
Rachakonda Fort,Yadadri Bhuvanagiri,Fort,2025,February,Winter,Maha Shivaratri,6033,6033
Rachakonda Fort,Yadadri Bhuvanagiri,Fort,2025,March,Summer,"Holi, Ugadi, Eid-ul-Fitr",4643,4643
Rachakonda Fort,Yadadri Bhuvanagiri,Fort,2025,April,Summer,"Sri Rama Navami, Ambedkar Jayanti",4566,4566
Rachakonda Fort,Yadadri Bhuvanagiri,Fort,2025,May,Summer,May Day,6027,6027
Rachakonda Fort,Yadadri Bhuvanagiri,Fort,2025,June,Monsoon,"Bakrid/Eid-ul-Adha, Telangana Formation Day",3703,3703
Rachakonda Fort,Yadadri Bhuvanagiri,Fort,2025,July,Monsoon,Bonalu,3635,3635
Rachakonda Fort,Yadadri Bhuvanagiri,Fort,2025,August,Monsoon,"Krishna Ashtami, Vinayaka Chavithi, Independence Day",3726,3726
Rachakonda Fort,Yadadri Bhuvanagiri,Fort,2025,September,Monsoon,Bathukamma (Engili Pula to Saddula),3669,3669
Rachakonda Fort,Yadadri Bhuvanagiri,Fort,2025,October,Post-Monsoon,"Vijaya Dasami/Dussehra, Diwali/Deepavali",8286,8286
Rachakonda Fort,Yadadri Bhuvanagiri,Fort,2025,November,Post-Monsoon,No Major Festival / Public Holiday,6075,6075
Rachakonda Fort,Yadadri Bhuvanagiri,Fort,2025,December,Winter,Christmas,8684,8684
Railway Museum,Hyderabad,Museum/Gallery,2024,January,Winter,"Bhogi, Sankranti/Pongal, New Year's Day, Republic Day",5996,5996
Railway Museum,Hyderabad,Museum/Gallery,2024,February,Winter,No Major Festival / Public Holiday,4628,4628
Railway Museum,Hyderabad,Museum/Gallery,2024,March,Summer,"Maha Shivaratri, Holi",3391,3391
Railway Museum,Hyderabad,Museum/Gallery,2024,April,Summer,"Ugadi, Sri Rama Navami, Eid-ul-Fitr, Ambedkar Jayanti",3142,3142
Railway Museum,Hyderabad,Museum/Gallery,2024,May,Summer,May Day,3941,3941
Railway Museum,Hyderabad,Museum/Gallery,2024,June,Monsoon,"Bakrid/Eid-ul-Adha, Telangana Formation Day",2663,2663
Railway Museum,Hyderabad,Museum/Gallery,2024,July,Monsoon,Bonalu,2485,2485
Railway Museum,Hyderabad,Museum/Gallery,2024,August,Monsoon,"Raksha Bandhan, Krishna Janmashtami, Independence Day",2475,2475
Railway Museum,Hyderabad,Museum/Gallery,2024,September,Monsoon,"Ganesh Chaturthi, Engili Pula Bathukamma (start)",2609,2609
Railway Museum,Hyderabad,Museum/Gallery,2024,October,Post-Monsoon,"Bathukamma (Saddula Bathukamma), Dussehra/Vijayadashami",5521,5521
Railway Museum,Hyderabad,Museum/Gallery,2024,November,Post-Monsoon,Diwali/Deepavali,3995,3995
Railway Museum,Hyderabad,Museum/Gallery,2024,December,Winter,Christmas,5950,5950
Railway Museum,Hyderabad,Museum/Gallery,2025,January,Winter,"Bhogi, Sankranti/Pongal, New Year's Day, Republic Day",5878,5878
Railway Museum,Hyderabad,Museum/Gallery,2025,February,Winter,Maha Shivaratri,4474,4474
Railway Museum,Hyderabad,Museum/Gallery,2025,March,Summer,"Holi, Ugadi, Eid-ul-Fitr",3330,3330
Railway Museum,Hyderabad,Museum/Gallery,2025,April,Summer,"Sri Rama Navami, Ambedkar Jayanti",3205,3205
Railway Museum,Hyderabad,Museum/Gallery,2025,May,Summer,May Day,3937,3937
Railway Museum,Hyderabad,Museum/Gallery,2025,June,Monsoon,"Bakrid/Eid-ul-Adha, Telangana Formation Day",2653,2653
Railway Museum,Hyderabad,Museum/Gallery,2025,July,Monsoon,Bonalu,2490,2490
Railway Museum,Hyderabad,Museum/Gallery,2025,August,Monsoon,"Krishna Ashtami, Vinayaka Chavithi, Independence Day",2513,2513
Railway Museum,Hyderabad,Museum/Gallery,2025,September,Monsoon,Bathukamma (Engili Pula to Saddula),2490,2490
Railway Museum,Hyderabad,Museum/Gallery,2025,October,Post-Monsoon,"Vijaya Dasami/Dussehra, Diwali/Deepavali",5846,5846
Railway Museum,Hyderabad,Museum/Gallery,2025,November,Post-Monsoon,No Major Festival / Public Holiday,4146,4146
Railway Museum,Hyderabad,Museum/Gallery,2025,December,Winter,Christmas,6311,6311
Ramagiri Khilla,Peddapalli,Cave/Hill/Viewpoint,2024,January,Winter,"Bhogi, Sankranti/Pongal, New Year's Day, Republic Day",1044,1044
Ramagiri Khilla,Peddapalli,Cave/Hill/Viewpoint,2024,February,Winter,No Major Festival / Public Holiday,981,981
Ramagiri Khilla,Peddapalli,Cave/Hill/Viewpoint,2024,March,Summer,"Maha Shivaratri, Holi",784,784
Ramagiri Khilla,Peddapalli,Cave/Hill/Viewpoint,2024,April,Summer,"Ugadi, Sri Rama Navami, Eid-ul-Fitr, Ambedkar Jayanti",765,765
Ramagiri Khilla,Peddapalli,Cave/Hill/Viewpoint,2024,May,Summer,May Day,962,962
Ramagiri Khilla,Peddapalli,Cave/Hill/Viewpoint,2024,June,Monsoon,"Bakrid/Eid-ul-Adha, Telangana Formation Day",602,602
Ramagiri Khilla,Peddapalli,Cave/Hill/Viewpoint,2024,July,Monsoon,Bonalu,601,601
Ramagiri Khilla,Peddapalli,Cave/Hill/Viewpoint,2024,August,Monsoon,"Raksha Bandhan, Krishna Janmashtami, Independence Day",605,605
Ramagiri Khilla,Peddapalli,Cave/Hill/Viewpoint,2024,September,Monsoon,"Ganesh Chaturthi, Engili Pula Bathukamma (start)",617,617
Ramagiri Khilla,Peddapalli,Cave/Hill/Viewpoint,2024,October,Post-Monsoon,"Bathukamma (Saddula Bathukamma), Dussehra/Vijayadashami",971,971
Ramagiri Khilla,Peddapalli,Cave/Hill/Viewpoint,2024,November,Post-Monsoon,Diwali/Deepavali,872,872
Ramagiri Khilla,Peddapalli,Cave/Hill/Viewpoint,2024,December,Winter,Christmas,946,946
Ramagiri Khilla,Peddapalli,Cave/Hill/Viewpoint,2025,January,Winter,"Bhogi, Sankranti/Pongal, New Year's Day, Republic Day",1052,1052
Ramagiri Khilla,Peddapalli,Cave/Hill/Viewpoint,2025,February,Winter,Maha Shivaratri,1003,1003
Ramagiri Khilla,Peddapalli,Cave/Hill/Viewpoint,2025,March,Summer,"Holi, Ugadi, Eid-ul-Fitr",770,770
Ramagiri Khilla,Peddapalli,Cave/Hill/Viewpoint,2025,April,Summer,"Sri Rama Navami, Ambedkar Jayanti",758,758
Ramagiri Khilla,Peddapalli,Cave/Hill/Viewpoint,2025,May,Summer,May Day,875,875
Ramagiri Khilla,Peddapalli,Cave/Hill/Viewpoint,2025,June,Monsoon,"Bakrid/Eid-ul-Adha, Telangana Formation Day",619,619
Ramagiri Khilla,Peddapalli,Cave/Hill/Viewpoint,2025,July,Monsoon,Bonalu,617,617
Ramagiri Khilla,Peddapalli,Cave/Hill/Viewpoint,2025,August,Monsoon,"Krishna Ashtami, Vinayaka Chavithi, Independence Day",586,586
Ramagiri Khilla,Peddapalli,Cave/Hill/Viewpoint,2025,September,Monsoon,Bathukamma (Engili Pula to Saddula),586,586
Ramagiri Khilla,Peddapalli,Cave/Hill/Viewpoint,2025,October,Post-Monsoon,"Vijaya Dasami/Dussehra, Diwali/Deepavali",957,957
Ramagiri Khilla,Peddapalli,Cave/Hill/Viewpoint,2025,November,Post-Monsoon,No Major Festival / Public Holiday,872,872
Ramagiri Khilla,Peddapalli,Cave/Hill/Viewpoint,2025,December,Winter,Christmas,1045,1045
Ramalingeshwara Temple,Jagtial,Temple,2024,January,Winter,"Bhogi, Sankranti/Pongal, New Year's Day, Republic Day",15607,15607
Ramalingeshwara Temple,Jagtial,Temple,2024,February,Winter,No Major Festival / Public Holiday,9201,9201
Ramalingeshwara Temple,Jagtial,Temple,2024,March,Summer,"Maha Shivaratri, Holi",7458,7458
Ramalingeshwara Temple,Jagtial,Temple,2024,April,Summer,"Ugadi, Sri Rama Navami, Eid-ul-Fitr, Ambedkar Jayanti",23516,23516
Ramalingeshwara Temple,Jagtial,Temple,2024,May,Summer,May Day,6930,6930
Ramalingeshwara Temple,Jagtial,Temple,2024,June,Monsoon,"Bakrid/Eid-ul-Adha, Telangana Formation Day",4684,4684
Ramalingeshwara Temple,Jagtial,Temple,2024,July,Monsoon,Bonalu,4248,4248
Ramalingeshwara Temple,Jagtial,Temple,2024,August,Monsoon,"Raksha Bandhan, Krishna Janmashtami, Independence Day",4428,4428
Ramalingeshwara Temple,Jagtial,Temple,2024,September,Monsoon,"Ganesh Chaturthi, Engili Pula Bathukamma (start)",4358,4358
Ramalingeshwara Temple,Jagtial,Temple,2024,October,Post-Monsoon,"Bathukamma (Saddula Bathukamma), Dussehra/Vijayadashami",17140,17140
Ramalingeshwara Temple,Jagtial,Temple,2024,November,Post-Monsoon,Diwali/Deepavali,6545,6545
Ramalingeshwara Temple,Jagtial,Temple,2024,December,Winter,Christmas,7908,7908
Ramalingeshwara Temple,Jagtial,Temple,2025,January,Winter,"Bhogi, Sankranti/Pongal, New Year's Day, Republic Day",15952,15952
Ramalingeshwara Temple,Jagtial,Temple,2025,February,Winter,Maha Shivaratri,7880,7880
Ramalingeshwara Temple,Jagtial,Temple,2025,March,Summer,"Holi, Ugadi, Eid-ul-Fitr",7344,7344
Ramalingeshwara Temple,Jagtial,Temple,2025,April,Summer,"Sri Rama Navami, Ambedkar Jayanti",24128,24128
Ramalingeshwara Temple,Jagtial,Temple,2025,May,Summer,May Day,6944,6944
Ramalingeshwara Temple,Jagtial,Temple,2025,June,Monsoon,"Bakrid/Eid-ul-Adha, Telangana Formation Day",4732,4732
Ramalingeshwara Temple,Jagtial,Temple,2025,July,Monsoon,Bonalu,4232,4232
Ramalingeshwara Temple,Jagtial,Temple,2025,August,Monsoon,"Krishna Ashtami, Vinayaka Chavithi, Independence Day",4634,4634
Ramalingeshwara Temple,Jagtial,Temple,2025,September,Monsoon,Bathukamma (Engili Pula to Saddula),4717,4717
Ramalingeshwara Temple,Jagtial,Temple,2025,October,Post-Monsoon,"Vijaya Dasami/Dussehra, Diwali/Deepavali",16504,16504
Ramalingeshwara Temple,Jagtial,Temple,2025,November,Post-Monsoon,No Major Festival / Public Holiday,8535,8535
Ramalingeshwara Temple,Jagtial,Temple,2025,December,Winter,Christmas,7432,7432
Ramappa Lake,Mulugu,Lake/Reservoir,2024,January,Winter,"Bhogi, Sankranti/Pongal, New Year's Day, Republic Day",759,759
Ramappa Lake,Mulugu,Lake/Reservoir,2024,February,Winter,No Major Festival / Public Holiday,719,719
Ramappa Lake,Mulugu,Lake/Reservoir,2024,March,Summer,"Maha Shivaratri, Holi",586,586
Ramappa Lake,Mulugu,Lake/Reservoir,2024,April,Summer,"Ugadi, Sri Rama Navami, Eid-ul-Fitr, Ambedkar Jayanti",556,556
Ramappa Lake,Mulugu,Lake/Reservoir,2024,May,Summer,May Day,686,686
Ramappa Lake,Mulugu,Lake/Reservoir,2024,June,Monsoon,"Bakrid/Eid-ul-Adha, Telangana Formation Day",455,455
Ramappa Lake,Mulugu,Lake/Reservoir,2024,July,Monsoon,Bonalu,432,432
Ramappa Lake,Mulugu,Lake/Reservoir,2024,August,Monsoon,"Raksha Bandhan, Krishna Janmashtami, Independence Day",463,463
Ramappa Lake,Mulugu,Lake/Reservoir,2024,September,Monsoon,"Ganesh Chaturthi, Engili Pula Bathukamma (start)",439,439
Ramappa Lake,Mulugu,Lake/Reservoir,2024,October,Post-Monsoon,"Bathukamma (Saddula Bathukamma), Dussehra/Vijayadashami",703,703
Ramappa Lake,Mulugu,Lake/Reservoir,2024,November,Post-Monsoon,Diwali/Deepavali,661,661
Ramappa Lake,Mulugu,Lake/Reservoir,2024,December,Winter,Christmas,766,766
Ramappa Lake,Mulugu,Lake/Reservoir,2025,January,Winter,"Bhogi, Sankranti/Pongal, New Year's Day, Republic Day",716,716
Ramappa Lake,Mulugu,Lake/Reservoir,2025,February,Winter,Maha Shivaratri,743,743
Ramappa Lake,Mulugu,Lake/Reservoir,2025,March,Summer,"Holi, Ugadi, Eid-ul-Fitr",552,552
Ramappa Lake,Mulugu,Lake/Reservoir,2025,April,Summer,"Sri Rama Navami, Ambedkar Jayanti",586,586
Ramappa Lake,Mulugu,Lake/Reservoir,2025,May,Summer,May Day,670,670
Ramappa Lake,Mulugu,Lake/Reservoir,2025,June,Monsoon,"Bakrid/Eid-ul-Adha, Telangana Formation Day",470,470
Ramappa Lake,Mulugu,Lake/Reservoir,2025,July,Monsoon,Bonalu,471,471
Ramappa Lake,Mulugu,Lake/Reservoir,2025,August,Monsoon,"Krishna Ashtami, Vinayaka Chavithi, Independence Day",433,433
Ramappa Lake,Mulugu,Lake/Reservoir,2025,September,Monsoon,Bathukamma (Engili Pula to Saddula),456,456
Ramappa Lake,Mulugu,Lake/Reservoir,2025,October,Post-Monsoon,"Vijaya Dasami/Dussehra, Diwali/Deepavali",655,655
Ramappa Lake,Mulugu,Lake/Reservoir,2025,November,Post-Monsoon,No Major Festival / Public Holiday,681,681
Ramappa Lake,Mulugu,Lake/Reservoir,2025,December,Winter,Christmas,769,769
Ramappa Temple,Mulugu,Temple,2024,January,Winter,"Bhogi, Sankranti/Pongal, New Year's Day, Republic Day",67438,67438
Ramappa Temple,Mulugu,Temple,2024,February,Winter,No Major Festival / Public Holiday,42103,42103
Ramappa Temple,Mulugu,Temple,2024,March,Summer,"Maha Shivaratri, Holi",99529,99529
Ramappa Temple,Mulugu,Temple,2024,April,Summer,"Ugadi, Sri Rama Navami, Eid-ul-Fitr, Ambedkar Jayanti",95207,95207
Ramappa Temple,Mulugu,Temple,2024,May,Summer,May Day,28596,28596
Ramappa Temple,Mulugu,Temple,2024,June,Monsoon,"Bakrid/Eid-ul-Adha, Telangana Formation Day",17694,17694
Ramappa Temple,Mulugu,Temple,2024,July,Monsoon,Bonalu,19603,19603
Ramappa Temple,Mulugu,Temple,2024,August,Monsoon,"Raksha Bandhan, Krishna Janmashtami, Independence Day",17654,17654
Ramappa Temple,Mulugu,Temple,2024,September,Monsoon,"Ganesh Chaturthi, Engili Pula Bathukamma (start)",19750,19750
Ramappa Temple,Mulugu,Temple,2024,October,Post-Monsoon,"Bathukamma (Saddula Bathukamma), Dussehra/Vijayadashami",71781,71781
Ramappa Temple,Mulugu,Temple,2024,November,Post-Monsoon,Diwali/Deepavali,28204,28204
Ramappa Temple,Mulugu,Temple,2024,December,Winter,Christmas,32840,32840
Ramappa Temple,Mulugu,Temple,2025,January,Winter,"Bhogi, Sankranti/Pongal, New Year's Day, Republic Day",64826,64826
Ramappa Temple,Mulugu,Temple,2025,February,Winter,Maha Shivaratri,126221,126221
Ramappa Temple,Mulugu,Temple,2025,March,Summer,"Holi, Ugadi, Eid-ul-Fitr",31056,31056
Ramappa Temple,Mulugu,Temple,2025,April,Summer,"Sri Rama Navami, Ambedkar Jayanti",91800,91800
Ramappa Temple,Mulugu,Temple,2025,May,Summer,May Day,28504,28504
Ramappa Temple,Mulugu,Temple,2025,June,Monsoon,"Bakrid/Eid-ul-Adha, Telangana Formation Day",19092,19092
Ramappa Temple,Mulugu,Temple,2025,July,Monsoon,Bonalu,19261,19261
Ramappa Temple,Mulugu,Temple,2025,August,Monsoon,"Krishna Ashtami, Vinayaka Chavithi, Independence Day",17626,17626
Ramappa Temple,Mulugu,Temple,2025,September,Monsoon,Bathukamma (Engili Pula to Saddula),19732,19732
Ramappa Temple,Mulugu,Temple,2025,October,Post-Monsoon,"Vijaya Dasami/Dussehra, Diwali/Deepavali",68981,68981
Ramappa Temple,Mulugu,Temple,2025,November,Post-Monsoon,No Major Festival / Public Holiday,36180,36180
Ramappa Temple,Mulugu,Temple,2025,December,Winter,Christmas,30363,30363
Ramoji Film City,Ranga Reddy,Other/Cultural Site,2024,January,Winter,"Bhogi, Sankranti/Pongal, New Year's Day, Republic Day",113098,113098
Ramoji Film City,Ranga Reddy,Other/Cultural Site,2024,February,Winter,No Major Festival / Public Holiday,117773,117773
Ramoji Film City,Ranga Reddy,Other/Cultural Site,2024,March,Summer,"Maha Shivaratri, Holi",87325,87325
Ramoji Film City,Ranga Reddy,Other/Cultural Site,2024,April,Summer,"Ugadi, Sri Rama Navami, Eid-ul-Fitr, Ambedkar Jayanti",90422,90422
Ramoji Film City,Ranga Reddy,Other/Cultural Site,2024,May,Summer,May Day,106018,106018
Ramoji Film City,Ranga Reddy,Other/Cultural Site,2024,June,Monsoon,"Bakrid/Eid-ul-Adha, Telangana Formation Day",75016,75016
Ramoji Film City,Ranga Reddy,Other/Cultural Site,2024,July,Monsoon,Bonalu,74720,74720
Ramoji Film City,Ranga Reddy,Other/Cultural Site,2024,August,Monsoon,"Raksha Bandhan, Krishna Janmashtami, Independence Day",71821,71821
Ramoji Film City,Ranga Reddy,Other/Cultural Site,2024,September,Monsoon,"Ganesh Chaturthi, Engili Pula Bathukamma (start)",70005,70005
Ramoji Film City,Ranga Reddy,Other/Cultural Site,2024,October,Post-Monsoon,"Bathukamma (Saddula Bathukamma), Dussehra/Vijayadashami",107691,107691
Ramoji Film City,Ranga Reddy,Other/Cultural Site,2024,November,Post-Monsoon,Diwali/Deepavali,108094,108094
Ramoji Film City,Ranga Reddy,Other/Cultural Site,2024,December,Winter,Christmas,121993,121993
Ramoji Film City,Ranga Reddy,Other/Cultural Site,2025,January,Winter,"Bhogi, Sankranti/Pongal, New Year's Day, Republic Day",118060,118060
Ramoji Film City,Ranga Reddy,Other/Cultural Site,2025,February,Winter,Maha Shivaratri,123833,123833
Ramoji Film City,Ranga Reddy,Other/Cultural Site,2025,March,Summer,"Holi, Ugadi, Eid-ul-Fitr",95059,95059
Ramoji Film City,Ranga Reddy,Other/Cultural Site,2025,April,Summer,"Sri Rama Navami, Ambedkar Jayanti",88473,88473
Ramoji Film City,Ranga Reddy,Other/Cultural Site,2025,May,Summer,May Day,110045,110045
Ramoji Film City,Ranga Reddy,Other/Cultural Site,2025,June,Monsoon,"Bakrid/Eid-ul-Adha, Telangana Formation Day",67787,67787
Ramoji Film City,Ranga Reddy,Other/Cultural Site,2025,July,Monsoon,Bonalu,68689,68689
Ramoji Film City,Ranga Reddy,Other/Cultural Site,2025,August,Monsoon,"Krishna Ashtami, Vinayaka Chavithi, Independence Day",70510,70510
Ramoji Film City,Ranga Reddy,Other/Cultural Site,2025,September,Monsoon,Bathukamma (Engili Pula to Saddula),68738,68738
Ramoji Film City,Ranga Reddy,Other/Cultural Site,2025,October,Post-Monsoon,"Vijaya Dasami/Dussehra, Diwali/Deepavali",114186,114186
Ramoji Film City,Ranga Reddy,Other/Cultural Site,2025,November,Post-Monsoon,No Major Festival / Public Holiday,104770,104770
Ramoji Film City,Ranga Reddy,Other/Cultural Site,2025,December,Winter,Christmas,118118,118118
Ranganayaka Sagar Reservoir,Siddipet,Lake/Reservoir,2024,January,Winter,"Bhogi, Sankranti/Pongal, New Year's Day, Republic Day",715,715
Ranganayaka Sagar Reservoir,Siddipet,Lake/Reservoir,2024,February,Winter,No Major Festival / Public Holiday,706,706
Ranganayaka Sagar Reservoir,Siddipet,Lake/Reservoir,2024,March,Summer,"Maha Shivaratri, Holi",556,556
Ranganayaka Sagar Reservoir,Siddipet,Lake/Reservoir,2024,April,Summer,"Ugadi, Sri Rama Navami, Eid-ul-Fitr, Ambedkar Jayanti",583,583
Ranganayaka Sagar Reservoir,Siddipet,Lake/Reservoir,2024,May,Summer,May Day,714,714
Ranganayaka Sagar Reservoir,Siddipet,Lake/Reservoir,2024,June,Monsoon,"Bakrid/Eid-ul-Adha, Telangana Formation Day",438,438
Ranganayaka Sagar Reservoir,Siddipet,Lake/Reservoir,2024,July,Monsoon,Bonalu,449,449
Ranganayaka Sagar Reservoir,Siddipet,Lake/Reservoir,2024,August,Monsoon,"Raksha Bandhan, Krishna Janmashtami, Independence Day",445,445
Ranganayaka Sagar Reservoir,Siddipet,Lake/Reservoir,2024,September,Monsoon,"Ganesh Chaturthi, Engili Pula Bathukamma (start)",445,445
Ranganayaka Sagar Reservoir,Siddipet,Lake/Reservoir,2024,October,Post-Monsoon,"Bathukamma (Saddula Bathukamma), Dussehra/Vijayadashami",667,667
Ranganayaka Sagar Reservoir,Siddipet,Lake/Reservoir,2024,November,Post-Monsoon,Diwali/Deepavali,659,659
Ranganayaka Sagar Reservoir,Siddipet,Lake/Reservoir,2024,December,Winter,Christmas,722,722
Ranganayaka Sagar Reservoir,Siddipet,Lake/Reservoir,2025,January,Winter,"Bhogi, Sankranti/Pongal, New Year's Day, Republic Day",709,709
Ranganayaka Sagar Reservoir,Siddipet,Lake/Reservoir,2025,February,Winter,Maha Shivaratri,722,722
Ranganayaka Sagar Reservoir,Siddipet,Lake/Reservoir,2025,March,Summer,"Holi, Ugadi, Eid-ul-Fitr",536,536
Ranganayaka Sagar Reservoir,Siddipet,Lake/Reservoir,2025,April,Summer,"Sri Rama Navami, Ambedkar Jayanti",578,578
Ranganayaka Sagar Reservoir,Siddipet,Lake/Reservoir,2025,May,Summer,May Day,674,674
Ranganayaka Sagar Reservoir,Siddipet,Lake/Reservoir,2025,June,Monsoon,"Bakrid/Eid-ul-Adha, Telangana Formation Day",475,475
Ranganayaka Sagar Reservoir,Siddipet,Lake/Reservoir,2025,July,Monsoon,Bonalu,433,433
Ranganayaka Sagar Reservoir,Siddipet,Lake/Reservoir,2025,August,Monsoon,"Krishna Ashtami, Vinayaka Chavithi, Independence Day",441,441
Ranganayaka Sagar Reservoir,Siddipet,Lake/Reservoir,2025,September,Monsoon,Bathukamma (Engili Pula to Saddula),442,442
Ranganayaka Sagar Reservoir,Siddipet,Lake/Reservoir,2025,October,Post-Monsoon,"Vijaya Dasami/Dussehra, Diwali/Deepavali",649,649
Ranganayaka Sagar Reservoir,Siddipet,Lake/Reservoir,2025,November,Post-Monsoon,No Major Festival / Public Holiday,718,718
Ranganayaka Sagar Reservoir,Siddipet,Lake/Reservoir,2025,December,Winter,Christmas,707,707
Rani Rudramadevi Statue,Warangal,Monument/Tomb,2024,January,Winter,"Bhogi, Sankranti/Pongal, New Year's Day, Republic Day",1666,1666
Rani Rudramadevi Statue,Warangal,Monument/Tomb,2024,February,Winter,No Major Festival / Public Holiday,1298,1298
Rani Rudramadevi Statue,Warangal,Monument/Tomb,2024,March,Summer,"Maha Shivaratri, Holi",916,916
Rani Rudramadevi Statue,Warangal,Monument/Tomb,2024,April,Summer,"Ugadi, Sri Rama Navami, Eid-ul-Fitr, Ambedkar Jayanti",937,937
Rani Rudramadevi Statue,Warangal,Monument/Tomb,2024,May,Summer,May Day,1124,1124
Rani Rudramadevi Statue,Warangal,Monument/Tomb,2024,June,Monsoon,"Bakrid/Eid-ul-Adha, Telangana Formation Day",741,741
Rani Rudramadevi Statue,Warangal,Monument/Tomb,2024,July,Monsoon,Bonalu,718,718
Rani Rudramadevi Statue,Warangal,Monument/Tomb,2024,August,Monsoon,"Raksha Bandhan, Krishna Janmashtami, Independence Day",750,750
Rani Rudramadevi Statue,Warangal,Monument/Tomb,2024,September,Monsoon,"Ganesh Chaturthi, Engili Pula Bathukamma (start)",777,777
Rani Rudramadevi Statue,Warangal,Monument/Tomb,2024,October,Post-Monsoon,"Bathukamma (Saddula Bathukamma), Dussehra/Vijayadashami",1598,1598
Rani Rudramadevi Statue,Warangal,Monument/Tomb,2024,November,Post-Monsoon,Diwali/Deepavali,1148,1148
Rani Rudramadevi Statue,Warangal,Monument/Tomb,2024,December,Winter,Christmas,1823,1823
Rani Rudramadevi Statue,Warangal,Monument/Tomb,2025,January,Winter,"Bhogi, Sankranti/Pongal, New Year's Day, Republic Day",1793,1793
Rani Rudramadevi Statue,Warangal,Monument/Tomb,2025,February,Winter,Maha Shivaratri,1248,1248
Rani Rudramadevi Statue,Warangal,Monument/Tomb,2025,March,Summer,"Holi, Ugadi, Eid-ul-Fitr",922,922
Rani Rudramadevi Statue,Warangal,Monument/Tomb,2025,April,Summer,"Sri Rama Navami, Ambedkar Jayanti",993,993
Rani Rudramadevi Statue,Warangal,Monument/Tomb,2025,May,Summer,May Day,1160,1160
Rani Rudramadevi Statue,Warangal,Monument/Tomb,2025,June,Monsoon,"Bakrid/Eid-ul-Adha, Telangana Formation Day",724,724
Rani Rudramadevi Statue,Warangal,Monument/Tomb,2025,July,Monsoon,Bonalu,729,729
Rani Rudramadevi Statue,Warangal,Monument/Tomb,2025,August,Monsoon,"Krishna Ashtami, Vinayaka Chavithi, Independence Day",777,777
Rani Rudramadevi Statue,Warangal,Monument/Tomb,2025,September,Monsoon,Bathukamma (Engili Pula to Saddula),708,708
Rani Rudramadevi Statue,Warangal,Monument/Tomb,2025,October,Post-Monsoon,"Vijaya Dasami/Dussehra, Diwali/Deepavali",1705,1705
Rani Rudramadevi Statue,Warangal,Monument/Tomb,2025,November,Post-Monsoon,No Major Festival / Public Holiday,1098,1098
Rani Rudramadevi Statue,Warangal,Monument/Tomb,2025,December,Winter,Christmas,1812,1812
Relampadu Balancing Reservoir Dam,Jogulamba Gadwal,Lake/Reservoir,2024,January,Winter,"Bhogi, Sankranti/Pongal, New Year's Day, Republic Day",763,763
Relampadu Balancing Reservoir Dam,Jogulamba Gadwal,Lake/Reservoir,2024,February,Winter,No Major Festival / Public Holiday,769,769
Relampadu Balancing Reservoir Dam,Jogulamba Gadwal,Lake/Reservoir,2024,March,Summer,"Maha Shivaratri, Holi",548,548
Relampadu Balancing Reservoir Dam,Jogulamba Gadwal,Lake/Reservoir,2024,April,Summer,"Ugadi, Sri Rama Navami, Eid-ul-Fitr, Ambedkar Jayanti",541,541
Relampadu Balancing Reservoir Dam,Jogulamba Gadwal,Lake/Reservoir,2024,May,Summer,May Day,726,726
Relampadu Balancing Reservoir Dam,Jogulamba Gadwal,Lake/Reservoir,2024,June,Monsoon,"Bakrid/Eid-ul-Adha, Telangana Formation Day",437,437
Relampadu Balancing Reservoir Dam,Jogulamba Gadwal,Lake/Reservoir,2024,July,Monsoon,Bonalu,469,469
Relampadu Balancing Reservoir Dam,Jogulamba Gadwal,Lake/Reservoir,2024,August,Monsoon,"Raksha Bandhan, Krishna Janmashtami, Independence Day",469,469
Relampadu Balancing Reservoir Dam,Jogulamba Gadwal,Lake/Reservoir,2024,September,Monsoon,"Ganesh Chaturthi, Engili Pula Bathukamma (start)",464,464
Relampadu Balancing Reservoir Dam,Jogulamba Gadwal,Lake/Reservoir,2024,October,Post-Monsoon,"Bathukamma (Saddula Bathukamma), Dussehra/Vijayadashami",662,662
Relampadu Balancing Reservoir Dam,Jogulamba Gadwal,Lake/Reservoir,2024,November,Post-Monsoon,Diwali/Deepavali,716,716
Relampadu Balancing Reservoir Dam,Jogulamba Gadwal,Lake/Reservoir,2024,December,Winter,Christmas,774,774
Relampadu Balancing Reservoir Dam,Jogulamba Gadwal,Lake/Reservoir,2025,January,Winter,"Bhogi, Sankranti/Pongal, New Year's Day, Republic Day",758,758
Relampadu Balancing Reservoir Dam,Jogulamba Gadwal,Lake/Reservoir,2025,February,Winter,Maha Shivaratri,735,735
Relampadu Balancing Reservoir Dam,Jogulamba Gadwal,Lake/Reservoir,2025,March,Summer,"Holi, Ugadi, Eid-ul-Fitr",553,553
Relampadu Balancing Reservoir Dam,Jogulamba Gadwal,Lake/Reservoir,2025,April,Summer,"Sri Rama Navami, Ambedkar Jayanti",544,544
Relampadu Balancing Reservoir Dam,Jogulamba Gadwal,Lake/Reservoir,2025,May,Summer,May Day,690,690
Relampadu Balancing Reservoir Dam,Jogulamba Gadwal,Lake/Reservoir,2025,June,Monsoon,"Bakrid/Eid-ul-Adha, Telangana Formation Day",454,454
Relampadu Balancing Reservoir Dam,Jogulamba Gadwal,Lake/Reservoir,2025,July,Monsoon,Bonalu,442,442
Relampadu Balancing Reservoir Dam,Jogulamba Gadwal,Lake/Reservoir,2025,August,Monsoon,"Krishna Ashtami, Vinayaka Chavithi, Independence Day",448,448
Relampadu Balancing Reservoir Dam,Jogulamba Gadwal,Lake/Reservoir,2025,September,Monsoon,Bathukamma (Engili Pula to Saddula),442,442
Relampadu Balancing Reservoir Dam,Jogulamba Gadwal,Lake/Reservoir,2025,October,Post-Monsoon,"Vijaya Dasami/Dussehra, Diwali/Deepavali",701,701
Relampadu Balancing Reservoir Dam,Jogulamba Gadwal,Lake/Reservoir,2025,November,Post-Monsoon,No Major Festival / Public Holiday,723,723
Relampadu Balancing Reservoir Dam,Jogulamba Gadwal,Lake/Reservoir,2025,December,Winter,Christmas,719,719
Sabitham Waterfalls,Peddapalli,Waterfall,2024,January,Winter,"Bhogi, Sankranti/Pongal, New Year's Day, Republic Day",5101,5101
Sabitham Waterfalls,Peddapalli,Waterfall,2024,February,Winter,No Major Festival / Public Holiday,5198,5198
Sabitham Waterfalls,Peddapalli,Waterfall,2024,March,Summer,"Maha Shivaratri, Holi",910,910
Sabitham Waterfalls,Peddapalli,Waterfall,2024,April,Summer,"Ugadi, Sri Rama Navami, Eid-ul-Fitr, Ambedkar Jayanti",897,897
Sabitham Waterfalls,Peddapalli,Waterfall,2024,May,Summer,May Day,1202,1202
Sabitham Waterfalls,Peddapalli,Waterfall,2024,June,Monsoon,"Bakrid/Eid-ul-Adha, Telangana Formation Day",10266,10266
Sabitham Waterfalls,Peddapalli,Waterfall,2024,July,Monsoon,Bonalu,10032,10032
Sabitham Waterfalls,Peddapalli,Waterfall,2024,August,Monsoon,"Raksha Bandhan, Krishna Janmashtami, Independence Day",10460,10460
Sabitham Waterfalls,Peddapalli,Waterfall,2024,September,Monsoon,"Ganesh Chaturthi, Engili Pula Bathukamma (start)",10623,10623
Sabitham Waterfalls,Peddapalli,Waterfall,2024,October,Post-Monsoon,"Bathukamma (Saddula Bathukamma), Dussehra/Vijayadashami",15193,15193
Sabitham Waterfalls,Peddapalli,Waterfall,2024,November,Post-Monsoon,Diwali/Deepavali,15665,15665
Sabitham Waterfalls,Peddapalli,Waterfall,2024,December,Winter,Christmas,4719,4719
Sabitham Waterfalls,Peddapalli,Waterfall,2025,January,Winter,"Bhogi, Sankranti/Pongal, New Year's Day, Republic Day",4952,4952
Sabitham Waterfalls,Peddapalli,Waterfall,2025,February,Winter,Maha Shivaratri,5237,5237
Sabitham Waterfalls,Peddapalli,Waterfall,2025,March,Summer,"Holi, Ugadi, Eid-ul-Fitr",1005,1005
Sabitham Waterfalls,Peddapalli,Waterfall,2025,April,Summer,"Sri Rama Navami, Ambedkar Jayanti",965,965
Sabitham Waterfalls,Peddapalli,Waterfall,2025,May,Summer,May Day,1103,1103
Sabitham Waterfalls,Peddapalli,Waterfall,2025,June,Monsoon,"Bakrid/Eid-ul-Adha, Telangana Formation Day",11011,11011
Sabitham Waterfalls,Peddapalli,Waterfall,2025,July,Monsoon,Bonalu,10520,10520
Sabitham Waterfalls,Peddapalli,Waterfall,2025,August,Monsoon,"Krishna Ashtami, Vinayaka Chavithi, Independence Day",10063,10063
Sabitham Waterfalls,Peddapalli,Waterfall,2025,September,Monsoon,Bathukamma (Engili Pula to Saddula),11031,11031
Sabitham Waterfalls,Peddapalli,Waterfall,2025,October,Post-Monsoon,"Vijaya Dasami/Dussehra, Diwali/Deepavali",16597,16597
Sabitham Waterfalls,Peddapalli,Waterfall,2025,November,Post-Monsoon,No Major Festival / Public Holiday,16547,16547
Sabitham Waterfalls,Peddapalli,Waterfall,2025,December,Winter,Christmas,5125,5125
Saigeetha Ashramam,Medchal-Malkajgiri,Religious Site - Other,2024,January,Winter,"Bhogi, Sankranti/Pongal, New Year's Day, Republic Day",1337,1337
Saigeetha Ashramam,Medchal-Malkajgiri,Religious Site - Other,2024,February,Winter,No Major Festival / Public Holiday,794,794
Saigeetha Ashramam,Medchal-Malkajgiri,Religious Site - Other,2024,March,Summer,"Maha Shivaratri, Holi",589,589
Saigeetha Ashramam,Medchal-Malkajgiri,Religious Site - Other,2024,April,Summer,"Ugadi, Sri Rama Navami, Eid-ul-Fitr, Ambedkar Jayanti",1848,1848
Saigeetha Ashramam,Medchal-Malkajgiri,Religious Site - Other,2024,May,Summer,May Day,554,554
Saigeetha Ashramam,Medchal-Malkajgiri,Religious Site - Other,2024,June,Monsoon,"Bakrid/Eid-ul-Adha, Telangana Formation Day",372,372
Saigeetha Ashramam,Medchal-Malkajgiri,Religious Site - Other,2024,July,Monsoon,Bonalu,393,393
Saigeetha Ashramam,Medchal-Malkajgiri,Religious Site - Other,2024,August,Monsoon,"Raksha Bandhan, Krishna Janmashtami, Independence Day",357,357
Saigeetha Ashramam,Medchal-Malkajgiri,Religious Site - Other,2024,September,Monsoon,"Ganesh Chaturthi, Engili Pula Bathukamma (start)",384,384
Saigeetha Ashramam,Medchal-Malkajgiri,Religious Site - Other,2024,October,Post-Monsoon,"Bathukamma (Saddula Bathukamma), Dussehra/Vijayadashami",1469,1469
Saigeetha Ashramam,Medchal-Malkajgiri,Religious Site - Other,2024,November,Post-Monsoon,Diwali/Deepavali,547,547
Saigeetha Ashramam,Medchal-Malkajgiri,Religious Site - Other,2024,December,Winter,Christmas,656,656
Saigeetha Ashramam,Medchal-Malkajgiri,Religious Site - Other,2025,January,Winter,"Bhogi, Sankranti/Pongal, New Year's Day, Republic Day",1386,1386
Saigeetha Ashramam,Medchal-Malkajgiri,Religious Site - Other,2025,February,Winter,Maha Shivaratri,614,614
Saigeetha Ashramam,Medchal-Malkajgiri,Religious Site - Other,2025,March,Summer,"Holi, Ugadi, Eid-ul-Fitr",636,636
Saigeetha Ashramam,Medchal-Malkajgiri,Religious Site - Other,2025,April,Summer,"Sri Rama Navami, Ambedkar Jayanti",1844,1844
Saigeetha Ashramam,Medchal-Malkajgiri,Religious Site - Other,2025,May,Summer,May Day,588,588
Saigeetha Ashramam,Medchal-Malkajgiri,Religious Site - Other,2025,June,Monsoon,"Bakrid/Eid-ul-Adha, Telangana Formation Day",354,354
Saigeetha Ashramam,Medchal-Malkajgiri,Religious Site - Other,2025,July,Monsoon,Bonalu,390,390
Saigeetha Ashramam,Medchal-Malkajgiri,Religious Site - Other,2025,August,Monsoon,"Krishna Ashtami, Vinayaka Chavithi, Independence Day",372,372
Saigeetha Ashramam,Medchal-Malkajgiri,Religious Site - Other,2025,September,Monsoon,Bathukamma (Engili Pula to Saddula),381,381
Saigeetha Ashramam,Medchal-Malkajgiri,Religious Site - Other,2025,October,Post-Monsoon,"Vijaya Dasami/Dussehra, Diwali/Deepavali",1389,1389
Saigeetha Ashramam,Medchal-Malkajgiri,Religious Site - Other,2025,November,Post-Monsoon,No Major Festival / Public Holiday,763,763
Saigeetha Ashramam,Medchal-Malkajgiri,Religious Site - Other,2025,December,Winter,Christmas,645,645
Salar Jung Museum,Hyderabad,Museum/Gallery,2024,January,Winter,"Bhogi, Sankranti/Pongal, New Year's Day, Republic Day",157961,157961
Salar Jung Museum,Hyderabad,Museum/Gallery,2024,February,Winter,No Major Festival / Public Holiday,116632,116632
Salar Jung Museum,Hyderabad,Museum/Gallery,2024,March,Summer,"Maha Shivaratri, Holi",83996,83996
Salar Jung Museum,Hyderabad,Museum/Gallery,2024,April,Summer,"Ugadi, Sri Rama Navami, Eid-ul-Fitr, Ambedkar Jayanti",86959,86959
Salar Jung Museum,Hyderabad,Museum/Gallery,2024,May,Summer,May Day,100340,100340
Salar Jung Museum,Hyderabad,Museum/Gallery,2024,June,Monsoon,"Bakrid/Eid-ul-Adha, Telangana Formation Day",64335,64335
Salar Jung Museum,Hyderabad,Museum/Gallery,2024,July,Monsoon,Bonalu,69884,69884
Salar Jung Museum,Hyderabad,Museum/Gallery,2024,August,Monsoon,"Raksha Bandhan, Krishna Janmashtami, Independence Day",64251,64251
Salar Jung Museum,Hyderabad,Museum/Gallery,2024,September,Monsoon,"Ganesh Chaturthi, Engili Pula Bathukamma (start)",65648,65648
Salar Jung Museum,Hyderabad,Museum/Gallery,2024,October,Post-Monsoon,"Bathukamma (Saddula Bathukamma), Dussehra/Vijayadashami",151074,151074
Salar Jung Museum,Hyderabad,Museum/Gallery,2024,November,Post-Monsoon,Diwali/Deepavali,101593,101593
Salar Jung Museum,Hyderabad,Museum/Gallery,2024,December,Winter,Christmas,166440,166440
Salar Jung Museum,Hyderabad,Museum/Gallery,2025,January,Winter,"Bhogi, Sankranti/Pongal, New Year's Day, Republic Day",166566,166566
Salar Jung Museum,Hyderabad,Museum/Gallery,2025,February,Winter,Maha Shivaratri,109371,109371
Salar Jung Museum,Hyderabad,Museum/Gallery,2025,March,Summer,"Holi, Ugadi, Eid-ul-Fitr",80790,80790
Salar Jung Museum,Hyderabad,Museum/Gallery,2025,April,Summer,"Sri Rama Navami, Ambedkar Jayanti",87603,87603
Salar Jung Museum,Hyderabad,Museum/Gallery,2025,May,Summer,May Day,102891,102891
Salar Jung Museum,Hyderabad,Museum/Gallery,2025,June,Monsoon,"Bakrid/Eid-ul-Adha, Telangana Formation Day",64266,64266
Salar Jung Museum,Hyderabad,Museum/Gallery,2025,July,Monsoon,Bonalu,69180,69180
Salar Jung Museum,Hyderabad,Museum/Gallery,2025,August,Monsoon,"Krishna Ashtami, Vinayaka Chavithi, Independence Day",63702,63702
Salar Jung Museum,Hyderabad,Museum/Gallery,2025,September,Monsoon,Bathukamma (Engili Pula to Saddula),70498,70498
Salar Jung Museum,Hyderabad,Museum/Gallery,2025,October,Post-Monsoon,"Vijaya Dasami/Dussehra, Diwali/Deepavali",138616,138616
Salar Jung Museum,Hyderabad,Museum/Gallery,2025,November,Post-Monsoon,No Major Festival / Public Holiday,98871,98871
Salar Jung Museum,Hyderabad,Museum/Gallery,2025,December,Winter,Christmas,151370,151370
Sammakka Barrage,Mulugu,Dam/Barrage,2024,January,Winter,"Bhogi, Sankranti/Pongal, New Year's Day, Republic Day",527,527
Sammakka Barrage,Mulugu,Dam/Barrage,2024,February,Winter,No Major Festival / Public Holiday,470,470
Sammakka Barrage,Mulugu,Dam/Barrage,2024,March,Summer,"Maha Shivaratri, Holi",379,379
Sammakka Barrage,Mulugu,Dam/Barrage,2024,April,Summer,"Ugadi, Sri Rama Navami, Eid-ul-Fitr, Ambedkar Jayanti",372,372
Sammakka Barrage,Mulugu,Dam/Barrage,2024,May,Summer,May Day,457,457
Sammakka Barrage,Mulugu,Dam/Barrage,2024,June,Monsoon,"Bakrid/Eid-ul-Adha, Telangana Formation Day",302,302
Sammakka Barrage,Mulugu,Dam/Barrage,2024,July,Monsoon,Bonalu,297,297
Sammakka Barrage,Mulugu,Dam/Barrage,2024,August,Monsoon,"Raksha Bandhan, Krishna Janmashtami, Independence Day",296,296
Sammakka Barrage,Mulugu,Dam/Barrage,2024,September,Monsoon,"Ganesh Chaturthi, Engili Pula Bathukamma (start)",308,308
Sammakka Barrage,Mulugu,Dam/Barrage,2024,October,Post-Monsoon,"Bathukamma (Saddula Bathukamma), Dussehra/Vijayadashami",470,470
Sammakka Barrage,Mulugu,Dam/Barrage,2024,November,Post-Monsoon,Diwali/Deepavali,478,478
Sammakka Barrage,Mulugu,Dam/Barrage,2024,December,Winter,Christmas,484,484
Sammakka Barrage,Mulugu,Dam/Barrage,2025,January,Winter,"Bhogi, Sankranti/Pongal, New Year's Day, Republic Day",506,506
Sammakka Barrage,Mulugu,Dam/Barrage,2025,February,Winter,Maha Shivaratri,505,505
Sammakka Barrage,Mulugu,Dam/Barrage,2025,March,Summer,"Holi, Ugadi, Eid-ul-Fitr",374,374
Sammakka Barrage,Mulugu,Dam/Barrage,2025,April,Summer,"Sri Rama Navami, Ambedkar Jayanti",379,379
Sammakka Barrage,Mulugu,Dam/Barrage,2025,May,Summer,May Day,449,449
Sammakka Barrage,Mulugu,Dam/Barrage,2025,June,Monsoon,"Bakrid/Eid-ul-Adha, Telangana Formation Day",287,287
Sammakka Barrage,Mulugu,Dam/Barrage,2025,July,Monsoon,Bonalu,289,289
Sammakka Barrage,Mulugu,Dam/Barrage,2025,August,Monsoon,"Krishna Ashtami, Vinayaka Chavithi, Independence Day",285,285
Sammakka Barrage,Mulugu,Dam/Barrage,2025,September,Monsoon,Bathukamma (Engili Pula to Saddula),306,306
Sammakka Barrage,Mulugu,Dam/Barrage,2025,October,Post-Monsoon,"Vijaya Dasami/Dussehra, Diwali/Deepavali",468,468
Sammakka Barrage,Mulugu,Dam/Barrage,2025,November,Post-Monsoon,No Major Festival / Public Holiday,484,484
Sammakka Barrage,Mulugu,Dam/Barrage,2025,December,Winter,Christmas,513,513
Sanghi Temple,Ranga Reddy,Temple,2024,January,Winter,"Bhogi, Sankranti/Pongal, New Year's Day, Republic Day",57087,57087
Sanghi Temple,Ranga Reddy,Temple,2024,February,Winter,No Major Festival / Public Holiday,34404,34404
Sanghi Temple,Ranga Reddy,Temple,2024,March,Summer,"Maha Shivaratri, Holi",24370,24370
Sanghi Temple,Ranga Reddy,Temple,2024,April,Summer,"Ugadi, Sri Rama Navami, Eid-ul-Fitr, Ambedkar Jayanti",23358,23358
Sanghi Temple,Ranga Reddy,Temple,2024,May,Summer,May Day,23831,23831
Sanghi Temple,Ranga Reddy,Temple,2024,June,Monsoon,"Bakrid/Eid-ul-Adha, Telangana Formation Day",15187,15187
Sanghi Temple,Ranga Reddy,Temple,2024,July,Monsoon,Bonalu,14457,14457
Sanghi Temple,Ranga Reddy,Temple,2024,August,Monsoon,"Raksha Bandhan, Krishna Janmashtami, Independence Day",14990,14990
Sanghi Temple,Ranga Reddy,Temple,2024,September,Monsoon,"Ganesh Chaturthi, Engili Pula Bathukamma (start)",15436,15436
Sanghi Temple,Ranga Reddy,Temple,2024,October,Post-Monsoon,"Bathukamma (Saddula Bathukamma), Dussehra/Vijayadashami",59365,59365
Sanghi Temple,Ranga Reddy,Temple,2024,November,Post-Monsoon,Diwali/Deepavali,22998,22998
Sanghi Temple,Ranga Reddy,Temple,2024,December,Winter,Christmas,24415,24415
Sanghi Temple,Ranga Reddy,Temple,2025,January,Winter,"Bhogi, Sankranti/Pongal, New Year's Day, Republic Day",58126,58126
Sanghi Temple,Ranga Reddy,Temple,2025,February,Winter,Maha Shivaratri,25490,25490
Sanghi Temple,Ranga Reddy,Temple,2025,March,Summer,"Holi, Ugadi, Eid-ul-Fitr",24428,24428
Sanghi Temple,Ranga Reddy,Temple,2025,April,Summer,"Sri Rama Navami, Ambedkar Jayanti",18499,18499
Sanghi Temple,Ranga Reddy,Temple,2025,May,Summer,May Day,23637,23637
Sanghi Temple,Ranga Reddy,Temple,2025,June,Monsoon,"Bakrid/Eid-ul-Adha, Telangana Formation Day",14535,14535
Sanghi Temple,Ranga Reddy,Temple,2025,July,Monsoon,Bonalu,14409,14409
Sanghi Temple,Ranga Reddy,Temple,2025,August,Monsoon,"Krishna Ashtami, Vinayaka Chavithi, Independence Day",15053,15053
Sanghi Temple,Ranga Reddy,Temple,2025,September,Monsoon,Bathukamma (Engili Pula to Saddula),14621,14621
Sanghi Temple,Ranga Reddy,Temple,2025,October,Post-Monsoon,"Vijaya Dasami/Dussehra, Diwali/Deepavali",58389,58389
Sanghi Temple,Ranga Reddy,Temple,2025,November,Post-Monsoon,No Major Festival / Public Holiday,28529,28529
Sanghi Temple,Ranga Reddy,Temple,2025,December,Winter,Christmas,25464,25464
Sanjeevaiah Park,Hyderabad,Park/Garden,2024,January,Winter,"Bhogi, Sankranti/Pongal, New Year's Day, Republic Day",6912,6912
Sanjeevaiah Park,Hyderabad,Park/Garden,2024,February,Winter,No Major Festival / Public Holiday,5278,5278
Sanjeevaiah Park,Hyderabad,Park/Garden,2024,March,Summer,"Maha Shivaratri, Holi",3817,3817
Sanjeevaiah Park,Hyderabad,Park/Garden,2024,April,Summer,"Ugadi, Sri Rama Navami, Eid-ul-Fitr, Ambedkar Jayanti",3703,3703
Sanjeevaiah Park,Hyderabad,Park/Garden,2024,May,Summer,May Day,6146,6146
Sanjeevaiah Park,Hyderabad,Park/Garden,2024,June,Monsoon,"Bakrid/Eid-ul-Adha, Telangana Formation Day",3073,3073
Sanjeevaiah Park,Hyderabad,Park/Garden,2024,July,Monsoon,Bonalu,3052,3052
Sanjeevaiah Park,Hyderabad,Park/Garden,2024,August,Monsoon,"Raksha Bandhan, Krishna Janmashtami, Independence Day",2954,2954
Sanjeevaiah Park,Hyderabad,Park/Garden,2024,September,Monsoon,"Ganesh Chaturthi, Engili Pula Bathukamma (start)",3162,3162
Sanjeevaiah Park,Hyderabad,Park/Garden,2024,October,Post-Monsoon,"Bathukamma (Saddula Bathukamma), Dussehra/Vijayadashami",4336,4336
Sanjeevaiah Park,Hyderabad,Park/Garden,2024,November,Post-Monsoon,Diwali/Deepavali,4491,4491
Sanjeevaiah Park,Hyderabad,Park/Garden,2024,December,Winter,Christmas,7353,7353
Sanjeevaiah Park,Hyderabad,Park/Garden,2025,January,Winter,"Bhogi, Sankranti/Pongal, New Year's Day, Republic Day",6849,6849
Sanjeevaiah Park,Hyderabad,Park/Garden,2025,February,Winter,Maha Shivaratri,4851,4851
Sanjeevaiah Park,Hyderabad,Park/Garden,2025,March,Summer,"Holi, Ugadi, Eid-ul-Fitr",3815,3815
Sanjeevaiah Park,Hyderabad,Park/Garden,2025,April,Summer,"Sri Rama Navami, Ambedkar Jayanti",3947,3947
Sanjeevaiah Park,Hyderabad,Park/Garden,2025,May,Summer,May Day,6133,6133
Sanjeevaiah Park,Hyderabad,Park/Garden,2025,June,Monsoon,"Bakrid/Eid-ul-Adha, Telangana Formation Day",3159,3159
Sanjeevaiah Park,Hyderabad,Park/Garden,2025,July,Monsoon,Bonalu,3106,3106
Sanjeevaiah Park,Hyderabad,Park/Garden,2025,August,Monsoon,"Krishna Ashtami, Vinayaka Chavithi, Independence Day",2885,2885
Sanjeevaiah Park,Hyderabad,Park/Garden,2025,September,Monsoon,Bathukamma (Engili Pula to Saddula),3076,3076
Sanjeevaiah Park,Hyderabad,Park/Garden,2025,October,Post-Monsoon,"Vijaya Dasami/Dussehra, Diwali/Deepavali",4536,4536
Sanjeevaiah Park,Hyderabad,Park/Garden,2025,November,Post-Monsoon,No Major Festival / Public Holiday,4546,4546
Sanjeevaiah Park,Hyderabad,Park/Garden,2025,December,Winter,Christmas,7237,7237
Sanjeeviah Park,Hyderabad,Park/Garden,2024,January,Winter,"Bhogi, Sankranti/Pongal, New Year's Day, Republic Day",6988,6988
Sanjeeviah Park,Hyderabad,Park/Garden,2024,February,Winter,No Major Festival / Public Holiday,4879,4879
Sanjeeviah Park,Hyderabad,Park/Garden,2024,March,Summer,"Maha Shivaratri, Holi",3862,3862
Sanjeeviah Park,Hyderabad,Park/Garden,2024,April,Summer,"Ugadi, Sri Rama Navami, Eid-ul-Fitr, Ambedkar Jayanti",3703,3703
Sanjeeviah Park,Hyderabad,Park/Garden,2024,May,Summer,May Day,6235,6235
Sanjeeviah Park,Hyderabad,Park/Garden,2024,June,Monsoon,"Bakrid/Eid-ul-Adha, Telangana Formation Day",3082,3082
Sanjeeviah Park,Hyderabad,Park/Garden,2024,July,Monsoon,Bonalu,2834,2834
Sanjeeviah Park,Hyderabad,Park/Garden,2024,August,Monsoon,"Raksha Bandhan, Krishna Janmashtami, Independence Day",2854,2854
Sanjeeviah Park,Hyderabad,Park/Garden,2024,September,Monsoon,"Ganesh Chaturthi, Engili Pula Bathukamma (start)",2822,2822
Sanjeeviah Park,Hyderabad,Park/Garden,2024,October,Post-Monsoon,"Bathukamma (Saddula Bathukamma), Dussehra/Vijayadashami",4408,4408
Sanjeeviah Park,Hyderabad,Park/Garden,2024,November,Post-Monsoon,Diwali/Deepavali,4362,4362
Sanjeeviah Park,Hyderabad,Park/Garden,2024,December,Winter,Christmas,7416,7416
Sanjeeviah Park,Hyderabad,Park/Garden,2025,January,Winter,"Bhogi, Sankranti/Pongal, New Year's Day, Republic Day",6822,6822
Sanjeeviah Park,Hyderabad,Park/Garden,2025,February,Winter,Maha Shivaratri,4789,4789
Sanjeeviah Park,Hyderabad,Park/Garden,2025,March,Summer,"Holi, Ugadi, Eid-ul-Fitr",3681,3681
Sanjeeviah Park,Hyderabad,Park/Garden,2025,April,Summer,"Sri Rama Navami, Ambedkar Jayanti",3998,3998
Sanjeeviah Park,Hyderabad,Park/Garden,2025,May,Summer,May Day,6455,6455
Sanjeeviah Park,Hyderabad,Park/Garden,2025,June,Monsoon,"Bakrid/Eid-ul-Adha, Telangana Formation Day",2951,2951
Sanjeeviah Park,Hyderabad,Park/Garden,2025,July,Monsoon,Bonalu,3134,3134
Sanjeeviah Park,Hyderabad,Park/Garden,2025,August,Monsoon,"Krishna Ashtami, Vinayaka Chavithi, Independence Day",2962,2962
Sanjeeviah Park,Hyderabad,Park/Garden,2025,September,Monsoon,Bathukamma (Engili Pula to Saddula),2940,2940
Sanjeeviah Park,Hyderabad,Park/Garden,2025,October,Post-Monsoon,"Vijaya Dasami/Dussehra, Diwali/Deepavali",4438,4438
Sanjeeviah Park,Hyderabad,Park/Garden,2025,November,Post-Monsoon,No Major Festival / Public Holiday,4532,4532
Sanjeeviah Park,Hyderabad,Park/Garden,2025,December,Winter,Christmas,6846,6846
Sarala Sagar Project,Wanaparthy,Lake/Reservoir,2024,January,Winter,"Bhogi, Sankranti/Pongal, New Year's Day, Republic Day",732,732
Sarala Sagar Project,Wanaparthy,Lake/Reservoir,2024,February,Winter,No Major Festival / Public Holiday,719,719
Sarala Sagar Project,Wanaparthy,Lake/Reservoir,2024,March,Summer,"Maha Shivaratri, Holi",547,547
Sarala Sagar Project,Wanaparthy,Lake/Reservoir,2024,April,Summer,"Ugadi, Sri Rama Navami, Eid-ul-Fitr, Ambedkar Jayanti",587,587
Sarala Sagar Project,Wanaparthy,Lake/Reservoir,2024,May,Summer,May Day,649,649
Sarala Sagar Project,Wanaparthy,Lake/Reservoir,2024,June,Monsoon,"Bakrid/Eid-ul-Adha, Telangana Formation Day",453,453
Sarala Sagar Project,Wanaparthy,Lake/Reservoir,2024,July,Monsoon,Bonalu,443,443
Sarala Sagar Project,Wanaparthy,Lake/Reservoir,2024,August,Monsoon,"Raksha Bandhan, Krishna Janmashtami, Independence Day",450,450
Sarala Sagar Project,Wanaparthy,Lake/Reservoir,2024,September,Monsoon,"Ganesh Chaturthi, Engili Pula Bathukamma (start)",453,453
Sarala Sagar Project,Wanaparthy,Lake/Reservoir,2024,October,Post-Monsoon,"Bathukamma (Saddula Bathukamma), Dussehra/Vijayadashami",674,674
Sarala Sagar Project,Wanaparthy,Lake/Reservoir,2024,November,Post-Monsoon,Diwali/Deepavali,673,673
Sarala Sagar Project,Wanaparthy,Lake/Reservoir,2024,December,Winter,Christmas,771,771
Sarala Sagar Project,Wanaparthy,Lake/Reservoir,2025,January,Winter,"Bhogi, Sankranti/Pongal, New Year's Day, Republic Day",783,783
Sarala Sagar Project,Wanaparthy,Lake/Reservoir,2025,February,Winter,Maha Shivaratri,722,722
Sarala Sagar Project,Wanaparthy,Lake/Reservoir,2025,March,Summer,"Holi, Ugadi, Eid-ul-Fitr",542,542
Sarala Sagar Project,Wanaparthy,Lake/Reservoir,2025,April,Summer,"Sri Rama Navami, Ambedkar Jayanti",597,597
Sarala Sagar Project,Wanaparthy,Lake/Reservoir,2025,May,Summer,May Day,677,677
Sarala Sagar Project,Wanaparthy,Lake/Reservoir,2025,June,Monsoon,"Bakrid/Eid-ul-Adha, Telangana Formation Day",452,452
Sarala Sagar Project,Wanaparthy,Lake/Reservoir,2025,July,Monsoon,Bonalu,442,442
Sarala Sagar Project,Wanaparthy,Lake/Reservoir,2025,August,Monsoon,"Krishna Ashtami, Vinayaka Chavithi, Independence Day",429,429
Sarala Sagar Project,Wanaparthy,Lake/Reservoir,2025,September,Monsoon,Bathukamma (Engili Pula to Saddula),454,454
Sarala Sagar Project,Wanaparthy,Lake/Reservoir,2025,October,Post-Monsoon,"Vijaya Dasami/Dussehra, Diwali/Deepavali",692,692
Sarala Sagar Project,Wanaparthy,Lake/Reservoir,2025,November,Post-Monsoon,No Major Festival / Public Holiday,665,665
Sarala Sagar Project,Wanaparthy,Lake/Reservoir,2025,December,Winter,Christmas,745,745
Sarangapur Hanuman Temple,Nizamabad,Temple,2024,January,Winter,"Bhogi, Sankranti/Pongal, New Year's Day, Republic Day",16169,16169
Sarangapur Hanuman Temple,Nizamabad,Temple,2024,February,Winter,No Major Festival / Public Holiday,9948,9948
Sarangapur Hanuman Temple,Nizamabad,Temple,2024,March,Summer,"Maha Shivaratri, Holi",7157,7157
Sarangapur Hanuman Temple,Nizamabad,Temple,2024,April,Summer,"Ugadi, Sri Rama Navami, Eid-ul-Fitr, Ambedkar Jayanti",7490,7490
Sarangapur Hanuman Temple,Nizamabad,Temple,2024,May,Summer,May Day,7242,7242
Sarangapur Hanuman Temple,Nizamabad,Temple,2024,June,Monsoon,"Bakrid/Eid-ul-Adha, Telangana Formation Day",4660,4660
Sarangapur Hanuman Temple,Nizamabad,Temple,2024,July,Monsoon,Bonalu,4727,4727
Sarangapur Hanuman Temple,Nizamabad,Temple,2024,August,Monsoon,"Raksha Bandhan, Krishna Janmashtami, Independence Day",4758,4758
Sarangapur Hanuman Temple,Nizamabad,Temple,2024,September,Monsoon,"Ganesh Chaturthi, Engili Pula Bathukamma (start)",4235,4235
Sarangapur Hanuman Temple,Nizamabad,Temple,2024,October,Post-Monsoon,"Bathukamma (Saddula Bathukamma), Dussehra/Vijayadashami",17504,17504
Sarangapur Hanuman Temple,Nizamabad,Temple,2024,November,Post-Monsoon,Diwali/Deepavali,6827,6827
Sarangapur Hanuman Temple,Nizamabad,Temple,2024,December,Winter,Christmas,7823,7823
Sarangapur Hanuman Temple,Nizamabad,Temple,2025,January,Winter,"Bhogi, Sankranti/Pongal, New Year's Day, Republic Day",16008,16008
Sarangapur Hanuman Temple,Nizamabad,Temple,2025,February,Winter,Maha Shivaratri,7932,7932
Sarangapur Hanuman Temple,Nizamabad,Temple,2025,March,Summer,"Holi, Ugadi, Eid-ul-Fitr",7511,7511
Sarangapur Hanuman Temple,Nizamabad,Temple,2025,April,Summer,"Sri Rama Navami, Ambedkar Jayanti",5900,5900
Sarangapur Hanuman Temple,Nizamabad,Temple,2025,May,Summer,May Day,6556,6556
Sarangapur Hanuman Temple,Nizamabad,Temple,2025,June,Monsoon,"Bakrid/Eid-ul-Adha, Telangana Formation Day",4329,4329
Sarangapur Hanuman Temple,Nizamabad,Temple,2025,July,Monsoon,Bonalu,4639,4639
Sarangapur Hanuman Temple,Nizamabad,Temple,2025,August,Monsoon,"Krishna Ashtami, Vinayaka Chavithi, Independence Day",4241,4241
Sarangapur Hanuman Temple,Nizamabad,Temple,2025,September,Monsoon,Bathukamma (Engili Pula to Saddula),4671,4671
Sarangapur Hanuman Temple,Nizamabad,Temple,2025,October,Post-Monsoon,"Vijaya Dasami/Dussehra, Diwali/Deepavali",16243,16243
Sarangapur Hanuman Temple,Nizamabad,Temple,2025,November,Post-Monsoon,No Major Festival / Public Holiday,9139,9139
Sarangapur Hanuman Temple,Nizamabad,Temple,2025,December,Winter,Christmas,7378,7378
Shamir Pet,Medchal-Malkajgiri,Other/Cultural Site,2024,January,Winter,"Bhogi, Sankranti/Pongal, New Year's Day, Republic Day",428,428
Shamir Pet,Medchal-Malkajgiri,Other/Cultural Site,2024,February,Winter,No Major Festival / Public Holiday,462,462
Shamir Pet,Medchal-Malkajgiri,Other/Cultural Site,2024,March,Summer,"Maha Shivaratri, Holi",347,347
Shamir Pet,Medchal-Malkajgiri,Other/Cultural Site,2024,April,Summer,"Ugadi, Sri Rama Navami, Eid-ul-Fitr, Ambedkar Jayanti",325,325
Shamir Pet,Medchal-Malkajgiri,Other/Cultural Site,2024,May,Summer,May Day,406,406
Shamir Pet,Medchal-Malkajgiri,Other/Cultural Site,2024,June,Monsoon,"Bakrid/Eid-ul-Adha, Telangana Formation Day",273,273
Shamir Pet,Medchal-Malkajgiri,Other/Cultural Site,2024,July,Monsoon,Bonalu,260,260
Shamir Pet,Medchal-Malkajgiri,Other/Cultural Site,2024,August,Monsoon,"Raksha Bandhan, Krishna Janmashtami, Independence Day",247,247
Shamir Pet,Medchal-Malkajgiri,Other/Cultural Site,2024,September,Monsoon,"Ganesh Chaturthi, Engili Pula Bathukamma (start)",249,249
Shamir Pet,Medchal-Malkajgiri,Other/Cultural Site,2024,October,Post-Monsoon,"Bathukamma (Saddula Bathukamma), Dussehra/Vijayadashami",403,403
Shamir Pet,Medchal-Malkajgiri,Other/Cultural Site,2024,November,Post-Monsoon,Diwali/Deepavali,425,425
Shamir Pet,Medchal-Malkajgiri,Other/Cultural Site,2024,December,Winter,Christmas,447,447
Shamir Pet,Medchal-Malkajgiri,Other/Cultural Site,2025,January,Winter,"Bhogi, Sankranti/Pongal, New Year's Day, Republic Day",414,414
Shamir Pet,Medchal-Malkajgiri,Other/Cultural Site,2025,February,Winter,Maha Shivaratri,421,421
Shamir Pet,Medchal-Malkajgiri,Other/Cultural Site,2025,March,Summer,"Holi, Ugadi, Eid-ul-Fitr",343,343
Shamir Pet,Medchal-Malkajgiri,Other/Cultural Site,2025,April,Summer,"Sri Rama Navami, Ambedkar Jayanti",346,346
Shamir Pet,Medchal-Malkajgiri,Other/Cultural Site,2025,May,Summer,May Day,408,408
Shamir Pet,Medchal-Malkajgiri,Other/Cultural Site,2025,June,Monsoon,"Bakrid/Eid-ul-Adha, Telangana Formation Day",267,267
Shamir Pet,Medchal-Malkajgiri,Other/Cultural Site,2025,July,Monsoon,Bonalu,247,247
Shamir Pet,Medchal-Malkajgiri,Other/Cultural Site,2025,August,Monsoon,"Krishna Ashtami, Vinayaka Chavithi, Independence Day",272,272
Shamir Pet,Medchal-Malkajgiri,Other/Cultural Site,2025,September,Monsoon,Bathukamma (Engili Pula to Saddula),271,271
Shamir Pet,Medchal-Malkajgiri,Other/Cultural Site,2025,October,Post-Monsoon,"Vijaya Dasami/Dussehra, Diwali/Deepavali",390,390
Shamir Pet,Medchal-Malkajgiri,Other/Cultural Site,2025,November,Post-Monsoon,No Major Festival / Public Holiday,412,412
Shamir Pet,Medchal-Malkajgiri,Other/Cultural Site,2025,December,Winter,Christmas,422,422
Shilpa Kala Vedika,Hyderabad,Other/Cultural Site,2024,January,Winter,"Bhogi, Sankranti/Pongal, New Year's Day, Republic Day",456,456
Shilpa Kala Vedika,Hyderabad,Other/Cultural Site,2024,February,Winter,No Major Festival / Public Holiday,450,450
Shilpa Kala Vedika,Hyderabad,Other/Cultural Site,2024,March,Summer,"Maha Shivaratri, Holi",346,346
Shilpa Kala Vedika,Hyderabad,Other/Cultural Site,2024,April,Summer,"Ugadi, Sri Rama Navami, Eid-ul-Fitr, Ambedkar Jayanti",332,332
Shilpa Kala Vedika,Hyderabad,Other/Cultural Site,2024,May,Summer,May Day,384,384
Shilpa Kala Vedika,Hyderabad,Other/Cultural Site,2024,June,Monsoon,"Bakrid/Eid-ul-Adha, Telangana Formation Day",268,268
Shilpa Kala Vedika,Hyderabad,Other/Cultural Site,2024,July,Monsoon,Bonalu,253,253
Shilpa Kala Vedika,Hyderabad,Other/Cultural Site,2024,August,Monsoon,"Raksha Bandhan, Krishna Janmashtami, Independence Day",260,260
Shilpa Kala Vedika,Hyderabad,Other/Cultural Site,2024,September,Monsoon,"Ganesh Chaturthi, Engili Pula Bathukamma (start)",248,248
Shilpa Kala Vedika,Hyderabad,Other/Cultural Site,2024,October,Post-Monsoon,"Bathukamma (Saddula Bathukamma), Dussehra/Vijayadashami",418,418
Shilpa Kala Vedika,Hyderabad,Other/Cultural Site,2024,November,Post-Monsoon,Diwali/Deepavali,384,384
Shilpa Kala Vedika,Hyderabad,Other/Cultural Site,2024,December,Winter,Christmas,458,458
Shilpa Kala Vedika,Hyderabad,Other/Cultural Site,2025,January,Winter,"Bhogi, Sankranti/Pongal, New Year's Day, Republic Day",456,456
Shilpa Kala Vedika,Hyderabad,Other/Cultural Site,2025,February,Winter,Maha Shivaratri,435,435
Shilpa Kala Vedika,Hyderabad,Other/Cultural Site,2025,March,Summer,"Holi, Ugadi, Eid-ul-Fitr",342,342
Shilpa Kala Vedika,Hyderabad,Other/Cultural Site,2025,April,Summer,"Sri Rama Navami, Ambedkar Jayanti",337,337
Shilpa Kala Vedika,Hyderabad,Other/Cultural Site,2025,May,Summer,May Day,417,417
Shilpa Kala Vedika,Hyderabad,Other/Cultural Site,2025,June,Monsoon,"Bakrid/Eid-ul-Adha, Telangana Formation Day",260,260
Shilpa Kala Vedika,Hyderabad,Other/Cultural Site,2025,July,Monsoon,Bonalu,271,271
Shilpa Kala Vedika,Hyderabad,Other/Cultural Site,2025,August,Monsoon,"Krishna Ashtami, Vinayaka Chavithi, Independence Day",261,261
Shilpa Kala Vedika,Hyderabad,Other/Cultural Site,2025,September,Monsoon,Bathukamma (Engili Pula to Saddula),276,276
Shilpa Kala Vedika,Hyderabad,Other/Cultural Site,2025,October,Post-Monsoon,"Vijaya Dasami/Dussehra, Diwali/Deepavali",401,401
Shilpa Kala Vedika,Hyderabad,Other/Cultural Site,2025,November,Post-Monsoon,No Major Festival / Public Holiday,400,400
Shilpa Kala Vedika,Hyderabad,Other/Cultural Site,2025,December,Winter,Christmas,452,452
Shilparamam,Ranga Reddy,Other/Cultural Site,2024,January,Winter,"Bhogi, Sankranti/Pongal, New Year's Day, Republic Day",84686,84686
Shilparamam,Ranga Reddy,Other/Cultural Site,2024,February,Winter,No Major Festival / Public Holiday,81721,81721
Shilparamam,Ranga Reddy,Other/Cultural Site,2024,March,Summer,"Maha Shivaratri, Holi",59507,59507
Shilparamam,Ranga Reddy,Other/Cultural Site,2024,April,Summer,"Ugadi, Sri Rama Navami, Eid-ul-Fitr, Ambedkar Jayanti",60395,60395
Shilparamam,Ranga Reddy,Other/Cultural Site,2024,May,Summer,May Day,72793,72793
Shilparamam,Ranga Reddy,Other/Cultural Site,2024,June,Monsoon,"Bakrid/Eid-ul-Adha, Telangana Formation Day",48930,48930
Shilparamam,Ranga Reddy,Other/Cultural Site,2024,July,Monsoon,Bonalu,46127,46127
Shilparamam,Ranga Reddy,Other/Cultural Site,2024,August,Monsoon,"Raksha Bandhan, Krishna Janmashtami, Independence Day",46752,46752
Shilparamam,Ranga Reddy,Other/Cultural Site,2024,September,Monsoon,"Ganesh Chaturthi, Engili Pula Bathukamma (start)",50579,50579
Shilparamam,Ranga Reddy,Other/Cultural Site,2024,October,Post-Monsoon,"Bathukamma (Saddula Bathukamma), Dussehra/Vijayadashami",71454,71454
Shilparamam,Ranga Reddy,Other/Cultural Site,2024,November,Post-Monsoon,Diwali/Deepavali,72358,72358
Shilparamam,Ranga Reddy,Other/Cultural Site,2024,December,Winter,Christmas,80795,80795
Shilparamam,Ranga Reddy,Other/Cultural Site,2025,January,Winter,"Bhogi, Sankranti/Pongal, New Year's Day, Republic Day",81416,81416
Shilparamam,Ranga Reddy,Other/Cultural Site,2025,February,Winter,Maha Shivaratri,83820,83820
Shilparamam,Ranga Reddy,Other/Cultural Site,2025,March,Summer,"Holi, Ugadi, Eid-ul-Fitr",61359,61359
Shilparamam,Ranga Reddy,Other/Cultural Site,2025,April,Summer,"Sri Rama Navami, Ambedkar Jayanti",63897,63897
Shilparamam,Ranga Reddy,Other/Cultural Site,2025,May,Summer,May Day,75811,75811
Shilparamam,Ranga Reddy,Other/Cultural Site,2025,June,Monsoon,"Bakrid/Eid-ul-Adha, Telangana Formation Day",46486,46486
Shilparamam,Ranga Reddy,Other/Cultural Site,2025,July,Monsoon,Bonalu,46739,46739
Shilparamam,Ranga Reddy,Other/Cultural Site,2025,August,Monsoon,"Krishna Ashtami, Vinayaka Chavithi, Independence Day",48381,48381
Shilparamam,Ranga Reddy,Other/Cultural Site,2025,September,Monsoon,Bathukamma (Engili Pula to Saddula),48146,48146
Shilparamam,Ranga Reddy,Other/Cultural Site,2025,October,Post-Monsoon,"Vijaya Dasami/Dussehra, Diwali/Deepavali",76934,76934
Shilparamam,Ranga Reddy,Other/Cultural Site,2025,November,Post-Monsoon,No Major Festival / Public Holiday,75474,75474
Shilparamam,Ranga Reddy,Other/Cultural Site,2025,December,Winter,Christmas,80159,80159
Shiva Parvathi Statue,Hanumakonda,Monument/Tomb,2024,January,Winter,"Bhogi, Sankranti/Pongal, New Year's Day, Republic Day",1769,1769
Shiva Parvathi Statue,Hanumakonda,Monument/Tomb,2024,February,Winter,No Major Festival / Public Holiday,1188,1188
Shiva Parvathi Statue,Hanumakonda,Monument/Tomb,2024,March,Summer,"Maha Shivaratri, Holi",962,962
Shiva Parvathi Statue,Hanumakonda,Monument/Tomb,2024,April,Summer,"Ugadi, Sri Rama Navami, Eid-ul-Fitr, Ambedkar Jayanti",903,903
Shiva Parvathi Statue,Hanumakonda,Monument/Tomb,2024,May,Summer,May Day,1213,1213
Shiva Parvathi Statue,Hanumakonda,Monument/Tomb,2024,June,Monsoon,"Bakrid/Eid-ul-Adha, Telangana Formation Day",769,769
Shiva Parvathi Statue,Hanumakonda,Monument/Tomb,2024,July,Monsoon,Bonalu,775,775
Shiva Parvathi Statue,Hanumakonda,Monument/Tomb,2024,August,Monsoon,"Raksha Bandhan, Krishna Janmashtami, Independence Day",768,768
Shiva Parvathi Statue,Hanumakonda,Monument/Tomb,2024,September,Monsoon,"Ganesh Chaturthi, Engili Pula Bathukamma (start)",758,758
Shiva Parvathi Statue,Hanumakonda,Monument/Tomb,2024,October,Post-Monsoon,"Bathukamma (Saddula Bathukamma), Dussehra/Vijayadashami",1600,1600
Shiva Parvathi Statue,Hanumakonda,Monument/Tomb,2024,November,Post-Monsoon,Diwali/Deepavali,1199,1199
Shiva Parvathi Statue,Hanumakonda,Monument/Tomb,2024,December,Winter,Christmas,1845,1845
Shiva Parvathi Statue,Hanumakonda,Monument/Tomb,2025,January,Winter,"Bhogi, Sankranti/Pongal, New Year's Day, Republic Day",1749,1749
Shiva Parvathi Statue,Hanumakonda,Monument/Tomb,2025,February,Winter,Maha Shivaratri,1314,1314
Shiva Parvathi Statue,Hanumakonda,Monument/Tomb,2025,March,Summer,"Holi, Ugadi, Eid-ul-Fitr",959,959
Shiva Parvathi Statue,Hanumakonda,Monument/Tomb,2025,April,Summer,"Sri Rama Navami, Ambedkar Jayanti",954,954
Shiva Parvathi Statue,Hanumakonda,Monument/Tomb,2025,May,Summer,May Day,1143,1143
Shiva Parvathi Statue,Hanumakonda,Monument/Tomb,2025,June,Monsoon,"Bakrid/Eid-ul-Adha, Telangana Formation Day",723,723
Shiva Parvathi Statue,Hanumakonda,Monument/Tomb,2025,July,Monsoon,Bonalu,705,705
Shiva Parvathi Statue,Hanumakonda,Monument/Tomb,2025,August,Monsoon,"Krishna Ashtami, Vinayaka Chavithi, Independence Day",726,726
Shiva Parvathi Statue,Hanumakonda,Monument/Tomb,2025,September,Monsoon,Bathukamma (Engili Pula to Saddula),750,750
Shiva Parvathi Statue,Hanumakonda,Monument/Tomb,2025,October,Post-Monsoon,"Vijaya Dasami/Dussehra, Diwali/Deepavali",1586,1586
Shiva Parvathi Statue,Hanumakonda,Monument/Tomb,2025,November,Post-Monsoon,No Major Festival / Public Holiday,1142,1142
Shiva Parvathi Statue,Hanumakonda,Monument/Tomb,2025,December,Winter,Christmas,1850,1850
Shyam Mandir Temple / Veeranna Gutta,Hyderabad,Temple,2024,January,Winter,"Bhogi, Sankranti/Pongal, New Year's Day, Republic Day",15768,15768
Shyam Mandir Temple / Veeranna Gutta,Hyderabad,Temple,2024,February,Winter,No Major Festival / Public Holiday,9526,9526
Shyam Mandir Temple / Veeranna Gutta,Hyderabad,Temple,2024,March,Summer,"Maha Shivaratri, Holi",7069,7069
Shyam Mandir Temple / Veeranna Gutta,Hyderabad,Temple,2024,April,Summer,"Ugadi, Sri Rama Navami, Eid-ul-Fitr, Ambedkar Jayanti",7842,7842
Shyam Mandir Temple / Veeranna Gutta,Hyderabad,Temple,2024,May,Summer,May Day,6741,6741
Shyam Mandir Temple / Veeranna Gutta,Hyderabad,Temple,2024,June,Monsoon,"Bakrid/Eid-ul-Adha, Telangana Formation Day",4300,4300
Shyam Mandir Temple / Veeranna Gutta,Hyderabad,Temple,2024,July,Monsoon,Bonalu,4337,4337
Shyam Mandir Temple / Veeranna Gutta,Hyderabad,Temple,2024,August,Monsoon,"Raksha Bandhan, Krishna Janmashtami, Independence Day",4547,4547
Shyam Mandir Temple / Veeranna Gutta,Hyderabad,Temple,2024,September,Monsoon,"Ganesh Chaturthi, Engili Pula Bathukamma (start)",4264,4264
Shyam Mandir Temple / Veeranna Gutta,Hyderabad,Temple,2024,October,Post-Monsoon,"Bathukamma (Saddula Bathukamma), Dussehra/Vijayadashami",18000,18000
Shyam Mandir Temple / Veeranna Gutta,Hyderabad,Temple,2024,November,Post-Monsoon,Diwali/Deepavali,7282,7282
Shyam Mandir Temple / Veeranna Gutta,Hyderabad,Temple,2024,December,Winter,Christmas,7272,7272
Shyam Mandir Temple / Veeranna Gutta,Hyderabad,Temple,2025,January,Winter,"Bhogi, Sankranti/Pongal, New Year's Day, Republic Day",16401,16401
Shyam Mandir Temple / Veeranna Gutta,Hyderabad,Temple,2025,February,Winter,Maha Shivaratri,7069,7069
Shyam Mandir Temple / Veeranna Gutta,Hyderabad,Temple,2025,March,Summer,"Holi, Ugadi, Eid-ul-Fitr",7535,7535
Shyam Mandir Temple / Veeranna Gutta,Hyderabad,Temple,2025,April,Summer,"Sri Rama Navami, Ambedkar Jayanti",5641,5641
Shyam Mandir Temple / Veeranna Gutta,Hyderabad,Temple,2025,May,Summer,May Day,6709,6709
Shyam Mandir Temple / Veeranna Gutta,Hyderabad,Temple,2025,June,Monsoon,"Bakrid/Eid-ul-Adha, Telangana Formation Day",4341,4341
Shyam Mandir Temple / Veeranna Gutta,Hyderabad,Temple,2025,July,Monsoon,Bonalu,4583,4583
Shyam Mandir Temple / Veeranna Gutta,Hyderabad,Temple,2025,August,Monsoon,"Krishna Ashtami, Vinayaka Chavithi, Independence Day",4454,4454
Shyam Mandir Temple / Veeranna Gutta,Hyderabad,Temple,2025,September,Monsoon,Bathukamma (Engili Pula to Saddula),4327,4327
Shyam Mandir Temple / Veeranna Gutta,Hyderabad,Temple,2025,October,Post-Monsoon,"Vijaya Dasami/Dussehra, Diwali/Deepavali",17641,17641
Shyam Mandir Temple / Veeranna Gutta,Hyderabad,Temple,2025,November,Post-Monsoon,No Major Festival / Public Holiday,9040,9040
Shyam Mandir Temple / Veeranna Gutta,Hyderabad,Temple,2025,December,Winter,Christmas,7822,7822
Shyamgarh Fort,Nirmal,Fort,2024,January,Winter,"Bhogi, Sankranti/Pongal, New Year's Day, Republic Day",9235,9235
Shyamgarh Fort,Nirmal,Fort,2024,February,Winter,No Major Festival / Public Holiday,6551,6551
Shyamgarh Fort,Nirmal,Fort,2024,March,Summer,"Maha Shivaratri, Holi",4619,4619
Shyamgarh Fort,Nirmal,Fort,2024,April,Summer,"Ugadi, Sri Rama Navami, Eid-ul-Fitr, Ambedkar Jayanti",4923,4923
Shyamgarh Fort,Nirmal,Fort,2024,May,Summer,May Day,6091,6091
Shyamgarh Fort,Nirmal,Fort,2024,June,Monsoon,"Bakrid/Eid-ul-Adha, Telangana Formation Day",3638,3638
Shyamgarh Fort,Nirmal,Fort,2024,July,Monsoon,Bonalu,3721,3721
Shyamgarh Fort,Nirmal,Fort,2024,August,Monsoon,"Raksha Bandhan, Krishna Janmashtami, Independence Day",3759,3759
Shyamgarh Fort,Nirmal,Fort,2024,September,Monsoon,"Ganesh Chaturthi, Engili Pula Bathukamma (start)",3657,3657
Shyamgarh Fort,Nirmal,Fort,2024,October,Post-Monsoon,"Bathukamma (Saddula Bathukamma), Dussehra/Vijayadashami",7581,7581
Shyamgarh Fort,Nirmal,Fort,2024,November,Post-Monsoon,Diwali/Deepavali,5556,5556
Shyamgarh Fort,Nirmal,Fort,2024,December,Winter,Christmas,8521,8521
Shyamgarh Fort,Nirmal,Fort,2025,January,Winter,"Bhogi, Sankranti/Pongal, New Year's Day, Republic Day",8690,8690
Shyamgarh Fort,Nirmal,Fort,2025,February,Winter,Maha Shivaratri,6003,6003
Shyamgarh Fort,Nirmal,Fort,2025,March,Summer,"Holi, Ugadi, Eid-ul-Fitr",4962,4962
Shyamgarh Fort,Nirmal,Fort,2025,April,Summer,"Sri Rama Navami, Ambedkar Jayanti",4866,4866
Shyamgarh Fort,Nirmal,Fort,2025,May,Summer,May Day,5463,5463
Shyamgarh Fort,Nirmal,Fort,2025,June,Monsoon,"Bakrid/Eid-ul-Adha, Telangana Formation Day",3817,3817
Shyamgarh Fort,Nirmal,Fort,2025,July,Monsoon,Bonalu,3819,3819
Shyamgarh Fort,Nirmal,Fort,2025,August,Monsoon,"Krishna Ashtami, Vinayaka Chavithi, Independence Day",3955,3955
Shyamgarh Fort,Nirmal,Fort,2025,September,Monsoon,Bathukamma (Engili Pula to Saddula),3526,3526
Shyamgarh Fort,Nirmal,Fort,2025,October,Post-Monsoon,"Vijaya Dasami/Dussehra, Diwali/Deepavali",7806,7806
Shyamgarh Fort,Nirmal,Fort,2025,November,Post-Monsoon,No Major Festival / Public Holiday,6045,6045
Shyamgarh Fort,Nirmal,Fort,2025,December,Winter,Christmas,9203,9203
Siddeswara Temple,Hanumakonda,Temple,2024,January,Winter,"Bhogi, Sankranti/Pongal, New Year's Day, Republic Day",17478,17478
Siddeswara Temple,Hanumakonda,Temple,2024,February,Winter,No Major Festival / Public Holiday,9815,9815
Siddeswara Temple,Hanumakonda,Temple,2024,March,Summer,"Maha Shivaratri, Holi",7116,7116
Siddeswara Temple,Hanumakonda,Temple,2024,April,Summer,"Ugadi, Sri Rama Navami, Eid-ul-Fitr, Ambedkar Jayanti",7246,7246
Siddeswara Temple,Hanumakonda,Temple,2024,May,Summer,May Day,6837,6837
Siddeswara Temple,Hanumakonda,Temple,2024,June,Monsoon,"Bakrid/Eid-ul-Adha, Telangana Formation Day",4397,4397
Siddeswara Temple,Hanumakonda,Temple,2024,July,Monsoon,Bonalu,4381,4381
Siddeswara Temple,Hanumakonda,Temple,2024,August,Monsoon,"Raksha Bandhan, Krishna Janmashtami, Independence Day",4755,4755
Siddeswara Temple,Hanumakonda,Temple,2024,September,Monsoon,"Ganesh Chaturthi, Engili Pula Bathukamma (start)",4312,4312
Siddeswara Temple,Hanumakonda,Temple,2024,October,Post-Monsoon,"Bathukamma (Saddula Bathukamma), Dussehra/Vijayadashami",17732,17732
Siddeswara Temple,Hanumakonda,Temple,2024,November,Post-Monsoon,Diwali/Deepavali,6486,6486
Siddeswara Temple,Hanumakonda,Temple,2024,December,Winter,Christmas,7586,7586
Siddeswara Temple,Hanumakonda,Temple,2025,January,Winter,"Bhogi, Sankranti/Pongal, New Year's Day, Republic Day",17323,17323
Siddeswara Temple,Hanumakonda,Temple,2025,February,Winter,Maha Shivaratri,7309,7309
Siddeswara Temple,Hanumakonda,Temple,2025,March,Summer,"Holi, Ugadi, Eid-ul-Fitr",7130,7130
Siddeswara Temple,Hanumakonda,Temple,2025,April,Summer,"Sri Rama Navami, Ambedkar Jayanti",5803,5803
Siddeswara Temple,Hanumakonda,Temple,2025,May,Summer,May Day,7076,7076
Siddeswara Temple,Hanumakonda,Temple,2025,June,Monsoon,"Bakrid/Eid-ul-Adha, Telangana Formation Day",4601,4601
Siddeswara Temple,Hanumakonda,Temple,2025,July,Monsoon,Bonalu,4402,4402
Siddeswara Temple,Hanumakonda,Temple,2025,August,Monsoon,"Krishna Ashtami, Vinayaka Chavithi, Independence Day",4366,4366
Siddeswara Temple,Hanumakonda,Temple,2025,September,Monsoon,Bathukamma (Engili Pula to Saddula),4746,4746
Siddeswara Temple,Hanumakonda,Temple,2025,October,Post-Monsoon,"Vijaya Dasami/Dussehra, Diwali/Deepavali",18126,18126
Siddeswara Temple,Hanumakonda,Temple,2025,November,Post-Monsoon,No Major Festival / Public Holiday,8924,8924
Siddeswara Temple,Hanumakonda,Temple,2025,December,Winter,Christmas,7811,7811
Singur Dam,Sangareddy,Dam/Barrage,2024,January,Winter,"Bhogi, Sankranti/Pongal, New Year's Day, Republic Day",503,503
Singur Dam,Sangareddy,Dam/Barrage,2024,January,Winter,"Bhogi, Sankranti/Pongal, New Year's Day, Republic Day",517,517
Singur Dam,Sangareddy,Dam/Barrage,2024,February,Winter,No Major Festival / Public Holiday,502,502
Singur Dam,Sangareddy,Dam/Barrage,2024,February,Winter,No Major Festival / Public Holiday,489,489
Singur Dam,Sangareddy,Dam/Barrage,2024,March,Summer,"Maha Shivaratri, Holi",363,363
Singur Dam,Sangareddy,Dam/Barrage,2024,March,Summer,"Maha Shivaratri, Holi",397,397
Singur Dam,Sangareddy,Dam/Barrage,2024,April,Summer,"Ugadi, Sri Rama Navami, Eid-ul-Fitr, Ambedkar Jayanti",378,378
Singur Dam,Sangareddy,Dam/Barrage,2024,April,Summer,"Ugadi, Sri Rama Navami, Eid-ul-Fitr, Ambedkar Jayanti",397,397
Singur Dam,Sangareddy,Dam/Barrage,2024,May,Summer,May Day,464,464
Singur Dam,Sangareddy,Dam/Barrage,2024,May,Summer,May Day,469,469
Singur Dam,Sangareddy,Dam/Barrage,2024,June,Monsoon,"Bakrid/Eid-ul-Adha, Telangana Formation Day",310,310
Singur Dam,Sangareddy,Dam/Barrage,2024,June,Monsoon,"Bakrid/Eid-ul-Adha, Telangana Formation Day",305,305
Singur Dam,Sangareddy,Dam/Barrage,2024,July,Monsoon,Bonalu,296,296
Singur Dam,Sangareddy,Dam/Barrage,2024,July,Monsoon,Bonalu,300,300
Singur Dam,Sangareddy,Dam/Barrage,2024,August,Monsoon,"Raksha Bandhan, Krishna Janmashtami, Independence Day",310,310
Singur Dam,Sangareddy,Dam/Barrage,2024,August,Monsoon,"Raksha Bandhan, Krishna Janmashtami, Independence Day",295,295
Singur Dam,Sangareddy,Dam/Barrage,2024,September,Monsoon,"Ganesh Chaturthi, Engili Pula Bathukamma (start)",295,295
Singur Dam,Sangareddy,Dam/Barrage,2024,September,Monsoon,"Ganesh Chaturthi, Engili Pula Bathukamma (start)",285,285
Singur Dam,Sangareddy,Dam/Barrage,2024,October,Post-Monsoon,"Bathukamma (Saddula Bathukamma), Dussehra/Vijayadashami",482,482
Singur Dam,Sangareddy,Dam/Barrage,2024,October,Post-Monsoon,"Bathukamma (Saddula Bathukamma), Dussehra/Vijayadashami",437,437
Singur Dam,Sangareddy,Dam/Barrage,2024,November,Post-Monsoon,Diwali/Deepavali,468,468
Singur Dam,Sangareddy,Dam/Barrage,2024,November,Post-Monsoon,Diwali/Deepavali,455,455
Singur Dam,Sangareddy,Dam/Barrage,2024,December,Winter,Christmas,494,494
Singur Dam,Sangareddy,Dam/Barrage,2024,December,Winter,Christmas,510,510
Singur Dam,Sangareddy,Dam/Barrage,2025,January,Winter,"Bhogi, Sankranti/Pongal, New Year's Day, Republic Day",474,474
Singur Dam,Sangareddy,Dam/Barrage,2025,January,Winter,"Bhogi, Sankranti/Pongal, New Year's Day, Republic Day",505,505
Singur Dam,Sangareddy,Dam/Barrage,2025,February,Winter,Maha Shivaratri,516,516
Singur Dam,Sangareddy,Dam/Barrage,2025,February,Winter,Maha Shivaratri,519,519
Singur Dam,Sangareddy,Dam/Barrage,2025,March,Summer,"Holi, Ugadi, Eid-ul-Fitr",364,364
Singur Dam,Sangareddy,Dam/Barrage,2025,March,Summer,"Holi, Ugadi, Eid-ul-Fitr",398,398
Singur Dam,Sangareddy,Dam/Barrage,2025,April,Summer,"Sri Rama Navami, Ambedkar Jayanti",387,387
Singur Dam,Sangareddy,Dam/Barrage,2025,April,Summer,"Sri Rama Navami, Ambedkar Jayanti",397,397
Singur Dam,Sangareddy,Dam/Barrage,2025,May,Summer,May Day,459,459
Singur Dam,Sangareddy,Dam/Barrage,2025,May,Summer,May Day,462,462
Singur Dam,Sangareddy,Dam/Barrage,2025,June,Monsoon,"Bakrid/Eid-ul-Adha, Telangana Formation Day",315,315
Singur Dam,Sangareddy,Dam/Barrage,2025,June,Monsoon,"Bakrid/Eid-ul-Adha, Telangana Formation Day",314,314
Singur Dam,Sangareddy,Dam/Barrage,2025,July,Monsoon,Bonalu,298,298
Singur Dam,Sangareddy,Dam/Barrage,2025,July,Monsoon,Bonalu,291,291
Singur Dam,Sangareddy,Dam/Barrage,2025,August,Monsoon,"Krishna Ashtami, Vinayaka Chavithi, Independence Day",296,296
Singur Dam,Sangareddy,Dam/Barrage,2025,August,Monsoon,"Krishna Ashtami, Vinayaka Chavithi, Independence Day",295,295
Singur Dam,Sangareddy,Dam/Barrage,2025,September,Monsoon,Bathukamma (Engili Pula to Saddula),292,292
Singur Dam,Sangareddy,Dam/Barrage,2025,September,Monsoon,Bathukamma (Engili Pula to Saddula),291,291
Singur Dam,Sangareddy,Dam/Barrage,2025,October,Post-Monsoon,"Vijaya Dasami/Dussehra, Diwali/Deepavali",479,479
Singur Dam,Sangareddy,Dam/Barrage,2025,October,Post-Monsoon,"Vijaya Dasami/Dussehra, Diwali/Deepavali",436,436
Singur Dam,Sangareddy,Dam/Barrage,2025,November,Post-Monsoon,No Major Festival / Public Holiday,469,469
Singur Dam,Sangareddy,Dam/Barrage,2025,November,Post-Monsoon,No Major Festival / Public Holiday,441,441
Singur Dam,Sangareddy,Dam/Barrage,2025,December,Winter,Christmas,490,490
Singur Dam,Sangareddy,Dam/Barrage,2025,December,Winter,Christmas,473,473
Spanish Mosque,Hyderabad,Other/Cultural Site,2024,January,Winter,"Bhogi, Sankranti/Pongal, New Year's Day, Republic Day",434,434
Spanish Mosque,Hyderabad,Other/Cultural Site,2024,February,Winter,No Major Festival / Public Holiday,432,432
Spanish Mosque,Hyderabad,Other/Cultural Site,2024,March,Summer,"Maha Shivaratri, Holi",339,339
Spanish Mosque,Hyderabad,Other/Cultural Site,2024,April,Summer,"Ugadi, Sri Rama Navami, Eid-ul-Fitr, Ambedkar Jayanti",322,322
Spanish Mosque,Hyderabad,Other/Cultural Site,2024,May,Summer,May Day,409,409
Spanish Mosque,Hyderabad,Other/Cultural Site,2024,June,Monsoon,"Bakrid/Eid-ul-Adha, Telangana Formation Day",274,274
Spanish Mosque,Hyderabad,Other/Cultural Site,2024,July,Monsoon,Bonalu,259,259
Spanish Mosque,Hyderabad,Other/Cultural Site,2024,August,Monsoon,"Raksha Bandhan, Krishna Janmashtami, Independence Day",275,275
Spanish Mosque,Hyderabad,Other/Cultural Site,2024,September,Monsoon,"Ganesh Chaturthi, Engili Pula Bathukamma (start)",278,278
Spanish Mosque,Hyderabad,Other/Cultural Site,2024,October,Post-Monsoon,"Bathukamma (Saddula Bathukamma), Dussehra/Vijayadashami",383,383
Spanish Mosque,Hyderabad,Other/Cultural Site,2024,November,Post-Monsoon,Diwali/Deepavali,389,389
Spanish Mosque,Hyderabad,Other/Cultural Site,2024,December,Winter,Christmas,461,461
Spanish Mosque,Hyderabad,Other/Cultural Site,2025,January,Winter,"Bhogi, Sankranti/Pongal, New Year's Day, Republic Day",461,461
Spanish Mosque,Hyderabad,Other/Cultural Site,2025,February,Winter,Maha Shivaratri,416,416
Spanish Mosque,Hyderabad,Other/Cultural Site,2025,March,Summer,"Holi, Ugadi, Eid-ul-Fitr",313,313
Spanish Mosque,Hyderabad,Other/Cultural Site,2025,April,Summer,"Sri Rama Navami, Ambedkar Jayanti",318,318
Spanish Mosque,Hyderabad,Other/Cultural Site,2025,May,Summer,May Day,426,426
Spanish Mosque,Hyderabad,Other/Cultural Site,2025,June,Monsoon,"Bakrid/Eid-ul-Adha, Telangana Formation Day",252,252
Spanish Mosque,Hyderabad,Other/Cultural Site,2025,July,Monsoon,Bonalu,262,262
Spanish Mosque,Hyderabad,Other/Cultural Site,2025,August,Monsoon,"Krishna Ashtami, Vinayaka Chavithi, Independence Day",273,273
Spanish Mosque,Hyderabad,Other/Cultural Site,2025,September,Monsoon,Bathukamma (Engili Pula to Saddula),247,247
Spanish Mosque,Hyderabad,Other/Cultural Site,2025,October,Post-Monsoon,"Vijaya Dasami/Dussehra, Diwali/Deepavali",407,407
Spanish Mosque,Hyderabad,Other/Cultural Site,2025,November,Post-Monsoon,No Major Festival / Public Holiday,391,391
Spanish Mosque,Hyderabad,Other/Cultural Site,2025,December,Winter,Christmas,456,456
Sri Abhaya Anjaneya Temple,Bhadradri Kothagudem,Temple,2024,January,Winter,"Bhogi, Sankranti/Pongal, New Year's Day, Republic Day",17147,17147
Sri Abhaya Anjaneya Temple,Bhadradri Kothagudem,Temple,2024,February,Winter,No Major Festival / Public Holiday,9662,9662
Sri Abhaya Anjaneya Temple,Bhadradri Kothagudem,Temple,2024,March,Summer,"Maha Shivaratri, Holi",7210,7210
Sri Abhaya Anjaneya Temple,Bhadradri Kothagudem,Temple,2024,April,Summer,"Ugadi, Sri Rama Navami, Eid-ul-Fitr, Ambedkar Jayanti",7201,7201
Sri Abhaya Anjaneya Temple,Bhadradri Kothagudem,Temple,2024,May,Summer,May Day,6929,6929
Sri Abhaya Anjaneya Temple,Bhadradri Kothagudem,Temple,2024,June,Monsoon,"Bakrid/Eid-ul-Adha, Telangana Formation Day",4472,4472
Sri Abhaya Anjaneya Temple,Bhadradri Kothagudem,Temple,2024,July,Monsoon,Bonalu,4467,4467
Sri Abhaya Anjaneya Temple,Bhadradri Kothagudem,Temple,2024,August,Monsoon,"Raksha Bandhan, Krishna Janmashtami, Independence Day",4279,4279
Sri Abhaya Anjaneya Temple,Bhadradri Kothagudem,Temple,2024,September,Monsoon,"Ganesh Chaturthi, Engili Pula Bathukamma (start)",4618,4618
Sri Abhaya Anjaneya Temple,Bhadradri Kothagudem,Temple,2024,October,Post-Monsoon,"Bathukamma (Saddula Bathukamma), Dussehra/Vijayadashami",16657,16657
Sri Abhaya Anjaneya Temple,Bhadradri Kothagudem,Temple,2024,November,Post-Monsoon,Diwali/Deepavali,6649,6649
Sri Abhaya Anjaneya Temple,Bhadradri Kothagudem,Temple,2024,December,Winter,Christmas,7421,7421
Sri Abhaya Anjaneya Temple,Bhadradri Kothagudem,Temple,2025,January,Winter,"Bhogi, Sankranti/Pongal, New Year's Day, Republic Day",15961,15961
Sri Abhaya Anjaneya Temple,Bhadradri Kothagudem,Temple,2025,February,Winter,Maha Shivaratri,7575,7575
Sri Abhaya Anjaneya Temple,Bhadradri Kothagudem,Temple,2025,March,Summer,"Holi, Ugadi, Eid-ul-Fitr",7295,7295
Sri Abhaya Anjaneya Temple,Bhadradri Kothagudem,Temple,2025,April,Summer,"Sri Rama Navami, Ambedkar Jayanti",5665,5665
Sri Abhaya Anjaneya Temple,Bhadradri Kothagudem,Temple,2025,May,Summer,May Day,6930,6930
Sri Abhaya Anjaneya Temple,Bhadradri Kothagudem,Temple,2025,June,Monsoon,"Bakrid/Eid-ul-Adha, Telangana Formation Day",4339,4339
Sri Abhaya Anjaneya Temple,Bhadradri Kothagudem,Temple,2025,July,Monsoon,Bonalu,4314,4314
Sri Abhaya Anjaneya Temple,Bhadradri Kothagudem,Temple,2025,August,Monsoon,"Krishna Ashtami, Vinayaka Chavithi, Independence Day",4705,4705
Sri Abhaya Anjaneya Temple,Bhadradri Kothagudem,Temple,2025,September,Monsoon,Bathukamma (Engili Pula to Saddula),4464,4464
Sri Abhaya Anjaneya Temple,Bhadradri Kothagudem,Temple,2025,October,Post-Monsoon,"Vijaya Dasami/Dussehra, Diwali/Deepavali",17068,17068
Sri Abhaya Anjaneya Temple,Bhadradri Kothagudem,Temple,2025,November,Post-Monsoon,No Major Festival / Public Holiday,8470,8470
Sri Abhaya Anjaneya Temple,Bhadradri Kothagudem,Temple,2025,December,Winter,Christmas,7498,7498
Sri Gnana Saraswathi Temple,Nirmal,Temple,2024,January,Winter,"Bhogi, Sankranti/Pongal, New Year's Day, Republic Day",15794,15794
Sri Gnana Saraswathi Temple,Nirmal,Temple,2024,February,Winter,No Major Festival / Public Holiday,9995,9995
Sri Gnana Saraswathi Temple,Nirmal,Temple,2024,March,Summer,"Maha Shivaratri, Holi",7439,7439
Sri Gnana Saraswathi Temple,Nirmal,Temple,2024,April,Summer,"Ugadi, Sri Rama Navami, Eid-ul-Fitr, Ambedkar Jayanti",7093,7093
Sri Gnana Saraswathi Temple,Nirmal,Temple,2024,May,Summer,May Day,6493,6493
Sri Gnana Saraswathi Temple,Nirmal,Temple,2024,June,Monsoon,"Bakrid/Eid-ul-Adha, Telangana Formation Day",4666,4666
Sri Gnana Saraswathi Temple,Nirmal,Temple,2024,July,Monsoon,Bonalu,4325,4325
Sri Gnana Saraswathi Temple,Nirmal,Temple,2024,August,Monsoon,"Raksha Bandhan, Krishna Janmashtami, Independence Day",4557,4557
Sri Gnana Saraswathi Temple,Nirmal,Temple,2024,September,Monsoon,"Ganesh Chaturthi, Engili Pula Bathukamma (start)",4411,4411
Sri Gnana Saraswathi Temple,Nirmal,Temple,2024,October,Post-Monsoon,"Bathukamma (Saddula Bathukamma), Dussehra/Vijayadashami",17426,17426
Sri Gnana Saraswathi Temple,Nirmal,Temple,2024,November,Post-Monsoon,Diwali/Deepavali,6747,6747
Sri Gnana Saraswathi Temple,Nirmal,Temple,2024,December,Winter,Christmas,7128,7128
Sri Gnana Saraswathi Temple,Nirmal,Temple,2025,January,Winter,"Bhogi, Sankranti/Pongal, New Year's Day, Republic Day",15951,15951
Sri Gnana Saraswathi Temple,Nirmal,Temple,2025,February,Winter,Maha Shivaratri,7219,7219
Sri Gnana Saraswathi Temple,Nirmal,Temple,2025,March,Summer,"Holi, Ugadi, Eid-ul-Fitr",7345,7345
Sri Gnana Saraswathi Temple,Nirmal,Temple,2025,April,Summer,"Sri Rama Navami, Ambedkar Jayanti",5808,5808
Sri Gnana Saraswathi Temple,Nirmal,Temple,2025,May,Summer,May Day,6704,6704
Sri Gnana Saraswathi Temple,Nirmal,Temple,2025,June,Monsoon,"Bakrid/Eid-ul-Adha, Telangana Formation Day",4236,4236
Sri Gnana Saraswathi Temple,Nirmal,Temple,2025,July,Monsoon,Bonalu,4510,4510
Sri Gnana Saraswathi Temple,Nirmal,Temple,2025,August,Monsoon,"Krishna Ashtami, Vinayaka Chavithi, Independence Day",4557,4557
Sri Gnana Saraswathi Temple,Nirmal,Temple,2025,September,Monsoon,Bathukamma (Engili Pula to Saddula),4749,4749
Sri Gnana Saraswathi Temple,Nirmal,Temple,2025,October,Post-Monsoon,"Vijaya Dasami/Dussehra, Diwali/Deepavali",17435,17435
Sri Gnana Saraswathi Temple,Nirmal,Temple,2025,November,Post-Monsoon,No Major Festival / Public Holiday,8938,8938
Sri Gnana Saraswathi Temple,Nirmal,Temple,2025,December,Winter,Christmas,7566,7566
Sri Laxmi Narshima Swamy Temple - Jankampet,Nizamabad,Temple,2024,January,Winter,"Bhogi, Sankranti/Pongal, New Year's Day, Republic Day",16824,16824
Sri Laxmi Narshima Swamy Temple - Jankampet,Nizamabad,Temple,2024,February,Winter,No Major Festival / Public Holiday,9664,9664
Sri Laxmi Narshima Swamy Temple - Jankampet,Nizamabad,Temple,2024,March,Summer,"Maha Shivaratri, Holi",7756,7756
Sri Laxmi Narshima Swamy Temple - Jankampet,Nizamabad,Temple,2024,April,Summer,"Ugadi, Sri Rama Navami, Eid-ul-Fitr, Ambedkar Jayanti",7716,7716
Sri Laxmi Narshima Swamy Temple - Jankampet,Nizamabad,Temple,2024,May,Summer,May Day,6921,6921
Sri Laxmi Narshima Swamy Temple - Jankampet,Nizamabad,Temple,2024,June,Monsoon,"Bakrid/Eid-ul-Adha, Telangana Formation Day",4603,4603
Sri Laxmi Narshima Swamy Temple - Jankampet,Nizamabad,Temple,2024,July,Monsoon,Bonalu,4707,4707
Sri Laxmi Narshima Swamy Temple - Jankampet,Nizamabad,Temple,2024,August,Monsoon,"Raksha Bandhan, Krishna Janmashtami, Independence Day",4497,4497
Sri Laxmi Narshima Swamy Temple - Jankampet,Nizamabad,Temple,2024,September,Monsoon,"Ganesh Chaturthi, Engili Pula Bathukamma (start)",4399,4399
Sri Laxmi Narshima Swamy Temple - Jankampet,Nizamabad,Temple,2024,October,Post-Monsoon,"Bathukamma (Saddula Bathukamma), Dussehra/Vijayadashami",17775,17775
Sri Laxmi Narshima Swamy Temple - Jankampet,Nizamabad,Temple,2024,November,Post-Monsoon,Diwali/Deepavali,6668,6668
Sri Laxmi Narshima Swamy Temple - Jankampet,Nizamabad,Temple,2024,December,Winter,Christmas,7399,7399
Sri Laxmi Narshima Swamy Temple - Jankampet,Nizamabad,Temple,2025,January,Winter,"Bhogi, Sankranti/Pongal, New Year's Day, Republic Day",17224,17224
Sri Laxmi Narshima Swamy Temple - Jankampet,Nizamabad,Temple,2025,February,Winter,Maha Shivaratri,7701,7701
Sri Laxmi Narshima Swamy Temple - Jankampet,Nizamabad,Temple,2025,March,Summer,"Holi, Ugadi, Eid-ul-Fitr",7324,7324
Sri Laxmi Narshima Swamy Temple - Jankampet,Nizamabad,Temple,2025,April,Summer,"Sri Rama Navami, Ambedkar Jayanti",5504,5504
Sri Laxmi Narshima Swamy Temple - Jankampet,Nizamabad,Temple,2025,May,Summer,May Day,6780,6780
Sri Laxmi Narshima Swamy Temple - Jankampet,Nizamabad,Temple,2025,June,Monsoon,"Bakrid/Eid-ul-Adha, Telangana Formation Day",4383,4383
Sri Laxmi Narshima Swamy Temple - Jankampet,Nizamabad,Temple,2025,July,Monsoon,Bonalu,4325,4325
Sri Laxmi Narshima Swamy Temple - Jankampet,Nizamabad,Temple,2025,August,Monsoon,"Krishna Ashtami, Vinayaka Chavithi, Independence Day",4631,4631
Sri Laxmi Narshima Swamy Temple - Jankampet,Nizamabad,Temple,2025,September,Monsoon,Bathukamma (Engili Pula to Saddula),4366,4366
Sri Laxmi Narshima Swamy Temple - Jankampet,Nizamabad,Temple,2025,October,Post-Monsoon,"Vijaya Dasami/Dussehra, Diwali/Deepavali",17155,17155
Sri Laxmi Narshima Swamy Temple - Jankampet,Nizamabad,Temple,2025,November,Post-Monsoon,No Major Festival / Public Holiday,8847,8847
Sri Laxmi Narshima Swamy Temple - Jankampet,Nizamabad,Temple,2025,December,Winter,Christmas,7933,7933
Sri Neelakanteshwara Temple,Nizamabad,Temple,2024,January,Winter,"Bhogi, Sankranti/Pongal, New Year's Day, Republic Day",15754,15754
Sri Neelakanteshwara Temple,Nizamabad,Temple,2024,February,Winter,No Major Festival / Public Holiday,9283,9283
Sri Neelakanteshwara Temple,Nizamabad,Temple,2024,March,Summer,"Maha Shivaratri, Holi",7507,7507
Sri Neelakanteshwara Temple,Nizamabad,Temple,2024,April,Summer,"Ugadi, Sri Rama Navami, Eid-ul-Fitr, Ambedkar Jayanti",7140,7140
Sri Neelakanteshwara Temple,Nizamabad,Temple,2024,May,Summer,May Day,6694,6694
Sri Neelakanteshwara Temple,Nizamabad,Temple,2024,June,Monsoon,"Bakrid/Eid-ul-Adha, Telangana Formation Day",4323,4323
Sri Neelakanteshwara Temple,Nizamabad,Temple,2024,July,Monsoon,Bonalu,4747,4747
Sri Neelakanteshwara Temple,Nizamabad,Temple,2024,August,Monsoon,"Raksha Bandhan, Krishna Janmashtami, Independence Day",4691,4691
Sri Neelakanteshwara Temple,Nizamabad,Temple,2024,September,Monsoon,"Ganesh Chaturthi, Engili Pula Bathukamma (start)",4354,4354
Sri Neelakanteshwara Temple,Nizamabad,Temple,2024,October,Post-Monsoon,"Bathukamma (Saddula Bathukamma), Dussehra/Vijayadashami",16893,16893
Sri Neelakanteshwara Temple,Nizamabad,Temple,2024,November,Post-Monsoon,Diwali/Deepavali,6659,6659
Sri Neelakanteshwara Temple,Nizamabad,Temple,2024,December,Winter,Christmas,7492,7492
Sri Neelakanteshwara Temple,Nizamabad,Temple,2025,January,Winter,"Bhogi, Sankranti/Pongal, New Year's Day, Republic Day",15548,15548
Sri Neelakanteshwara Temple,Nizamabad,Temple,2025,February,Winter,Maha Shivaratri,7654,7654
Sri Neelakanteshwara Temple,Nizamabad,Temple,2025,March,Summer,"Holi, Ugadi, Eid-ul-Fitr",7430,7430
Sri Neelakanteshwara Temple,Nizamabad,Temple,2025,April,Summer,"Sri Rama Navami, Ambedkar Jayanti",5972,5972
Sri Neelakanteshwara Temple,Nizamabad,Temple,2025,May,Summer,May Day,6622,6622
Sri Neelakanteshwara Temple,Nizamabad,Temple,2025,June,Monsoon,"Bakrid/Eid-ul-Adha, Telangana Formation Day",4664,4664
Sri Neelakanteshwara Temple,Nizamabad,Temple,2025,July,Monsoon,Bonalu,4657,4657
Sri Neelakanteshwara Temple,Nizamabad,Temple,2025,August,Monsoon,"Krishna Ashtami, Vinayaka Chavithi, Independence Day",4298,4298
Sri Neelakanteshwara Temple,Nizamabad,Temple,2025,September,Monsoon,Bathukamma (Engili Pula to Saddula),4445,4445
Sri Neelakanteshwara Temple,Nizamabad,Temple,2025,October,Post-Monsoon,"Vijaya Dasami/Dussehra, Diwali/Deepavali",16567,16567
Sri Neelakanteshwara Temple,Nizamabad,Temple,2025,November,Post-Monsoon,No Major Festival / Public Holiday,8705,8705
Sri Neelakanteshwara Temple,Nizamabad,Temple,2025,December,Winter,Christmas,7286,7286
Sri Rama Chandra Temple - Ammapalli,Ranga Reddy,Temple,2024,January,Winter,"Bhogi, Sankranti/Pongal, New Year's Day, Republic Day",16631,16631
Sri Rama Chandra Temple - Ammapalli,Ranga Reddy,Temple,2024,February,Winter,No Major Festival / Public Holiday,9716,9716
Sri Rama Chandra Temple - Ammapalli,Ranga Reddy,Temple,2024,March,Summer,"Maha Shivaratri, Holi",7406,7406
Sri Rama Chandra Temple - Ammapalli,Ranga Reddy,Temple,2024,April,Summer,"Ugadi, Sri Rama Navami, Eid-ul-Fitr, Ambedkar Jayanti",23435,23435
Sri Rama Chandra Temple - Ammapalli,Ranga Reddy,Temple,2024,May,Summer,May Day,6558,6558
Sri Rama Chandra Temple - Ammapalli,Ranga Reddy,Temple,2024,June,Monsoon,"Bakrid/Eid-ul-Adha, Telangana Formation Day",4590,4590
Sri Rama Chandra Temple - Ammapalli,Ranga Reddy,Temple,2024,July,Monsoon,Bonalu,4713,4713
Sri Rama Chandra Temple - Ammapalli,Ranga Reddy,Temple,2024,August,Monsoon,"Raksha Bandhan, Krishna Janmashtami, Independence Day",4261,4261
Sri Rama Chandra Temple - Ammapalli,Ranga Reddy,Temple,2024,September,Monsoon,"Ganesh Chaturthi, Engili Pula Bathukamma (start)",4305,4305
Sri Rama Chandra Temple - Ammapalli,Ranga Reddy,Temple,2024,October,Post-Monsoon,"Bathukamma (Saddula Bathukamma), Dussehra/Vijayadashami",17698,17698
Sri Rama Chandra Temple - Ammapalli,Ranga Reddy,Temple,2024,November,Post-Monsoon,Diwali/Deepavali,6848,6848
Sri Rama Chandra Temple - Ammapalli,Ranga Reddy,Temple,2024,December,Winter,Christmas,7413,7413
Sri Rama Chandra Temple - Ammapalli,Ranga Reddy,Temple,2025,January,Winter,"Bhogi, Sankranti/Pongal, New Year's Day, Republic Day",15781,15781
Sri Rama Chandra Temple - Ammapalli,Ranga Reddy,Temple,2025,February,Winter,Maha Shivaratri,7506,7506
Sri Rama Chandra Temple - Ammapalli,Ranga Reddy,Temple,2025,March,Summer,"Holi, Ugadi, Eid-ul-Fitr",7077,7077
Sri Rama Chandra Temple - Ammapalli,Ranga Reddy,Temple,2025,April,Summer,"Sri Rama Navami, Ambedkar Jayanti",22736,22736
Sri Rama Chandra Temple - Ammapalli,Ranga Reddy,Temple,2025,May,Summer,May Day,7118,7118
Sri Rama Chandra Temple - Ammapalli,Ranga Reddy,Temple,2025,June,Monsoon,"Bakrid/Eid-ul-Adha, Telangana Formation Day",4369,4369
Sri Rama Chandra Temple - Ammapalli,Ranga Reddy,Temple,2025,July,Monsoon,Bonalu,4489,4489
Sri Rama Chandra Temple - Ammapalli,Ranga Reddy,Temple,2025,August,Monsoon,"Krishna Ashtami, Vinayaka Chavithi, Independence Day",4765,4765
Sri Rama Chandra Temple - Ammapalli,Ranga Reddy,Temple,2025,September,Monsoon,Bathukamma (Engili Pula to Saddula),4600,4600
Sri Rama Chandra Temple - Ammapalli,Ranga Reddy,Temple,2025,October,Post-Monsoon,"Vijaya Dasami/Dussehra, Diwali/Deepavali",17956,17956
Sri Rama Chandra Temple - Ammapalli,Ranga Reddy,Temple,2025,November,Post-Monsoon,No Major Festival / Public Holiday,8878,8878
Sri Rama Chandra Temple - Ammapalli,Ranga Reddy,Temple,2025,December,Winter,Christmas,7741,7741
Sri Sita Rama Temple,Bhadradri Kothagudem,Temple,2024,January,Winter,"Bhogi, Sankranti/Pongal, New Year's Day, Republic Day",15676,15676
Sri Sita Rama Temple,Bhadradri Kothagudem,Temple,2024,February,Winter,No Major Festival / Public Holiday,10326,10326
Sri Sita Rama Temple,Bhadradri Kothagudem,Temple,2024,March,Summer,"Maha Shivaratri, Holi",7078,7078
Sri Sita Rama Temple,Bhadradri Kothagudem,Temple,2024,April,Summer,"Ugadi, Sri Rama Navami, Eid-ul-Fitr, Ambedkar Jayanti",21629,21629
Sri Sita Rama Temple,Bhadradri Kothagudem,Temple,2024,May,Summer,May Day,7213,7213
Sri Sita Rama Temple,Bhadradri Kothagudem,Temple,2024,June,Monsoon,"Bakrid/Eid-ul-Adha, Telangana Formation Day",4392,4392
Sri Sita Rama Temple,Bhadradri Kothagudem,Temple,2024,July,Monsoon,Bonalu,4581,4581
Sri Sita Rama Temple,Bhadradri Kothagudem,Temple,2024,August,Monsoon,"Raksha Bandhan, Krishna Janmashtami, Independence Day",4407,4407
Sri Sita Rama Temple,Bhadradri Kothagudem,Temple,2024,September,Monsoon,"Ganesh Chaturthi, Engili Pula Bathukamma (start)",4441,4441
Sri Sita Rama Temple,Bhadradri Kothagudem,Temple,2024,October,Post-Monsoon,"Bathukamma (Saddula Bathukamma), Dussehra/Vijayadashami",16757,16757
Sri Sita Rama Temple,Bhadradri Kothagudem,Temple,2024,November,Post-Monsoon,Diwali/Deepavali,6770,6770
Sri Sita Rama Temple,Bhadradri Kothagudem,Temple,2024,December,Winter,Christmas,7419,7419
Sri Sita Rama Temple,Bhadradri Kothagudem,Temple,2025,January,Winter,"Bhogi, Sankranti/Pongal, New Year's Day, Republic Day",16936,16936
Sri Sita Rama Temple,Bhadradri Kothagudem,Temple,2025,February,Winter,Maha Shivaratri,7510,7510
Sri Sita Rama Temple,Bhadradri Kothagudem,Temple,2025,March,Summer,"Holi, Ugadi, Eid-ul-Fitr",7804,7804
Sri Sita Rama Temple,Bhadradri Kothagudem,Temple,2025,April,Summer,"Sri Rama Navami, Ambedkar Jayanti",21546,21546
Sri Sita Rama Temple,Bhadradri Kothagudem,Temple,2025,May,Summer,May Day,6902,6902
Sri Sita Rama Temple,Bhadradri Kothagudem,Temple,2025,June,Monsoon,"Bakrid/Eid-ul-Adha, Telangana Formation Day",4545,4545
Sri Sita Rama Temple,Bhadradri Kothagudem,Temple,2025,July,Monsoon,Bonalu,4726,4726
Sri Sita Rama Temple,Bhadradri Kothagudem,Temple,2025,August,Monsoon,"Krishna Ashtami, Vinayaka Chavithi, Independence Day",4256,4256
Sri Sita Rama Temple,Bhadradri Kothagudem,Temple,2025,September,Monsoon,Bathukamma (Engili Pula to Saddula),4539,4539
Sri Sita Rama Temple,Bhadradri Kothagudem,Temple,2025,October,Post-Monsoon,"Vijaya Dasami/Dussehra, Diwali/Deepavali",17982,17982
Sri Sita Rama Temple,Bhadradri Kothagudem,Temple,2025,November,Post-Monsoon,No Major Festival / Public Holiday,8692,8692
Sri Sita Rama Temple,Bhadradri Kothagudem,Temple,2025,December,Winter,Christmas,7838,7838
Sri Someswara Temple - Kolanupaka,Yadadri Bhuvanagiri,Temple,2024,January,Winter,"Bhogi, Sankranti/Pongal, New Year's Day, Republic Day",15934,15934
Sri Someswara Temple - Kolanupaka,Yadadri Bhuvanagiri,Temple,2024,February,Winter,No Major Festival / Public Holiday,9240,9240
Sri Someswara Temple - Kolanupaka,Yadadri Bhuvanagiri,Temple,2024,March,Summer,"Maha Shivaratri, Holi",7476,7476
Sri Someswara Temple - Kolanupaka,Yadadri Bhuvanagiri,Temple,2024,April,Summer,"Ugadi, Sri Rama Navami, Eid-ul-Fitr, Ambedkar Jayanti",7518,7518
Sri Someswara Temple - Kolanupaka,Yadadri Bhuvanagiri,Temple,2024,May,Summer,May Day,6904,6904
Sri Someswara Temple - Kolanupaka,Yadadri Bhuvanagiri,Temple,2024,June,Monsoon,"Bakrid/Eid-ul-Adha, Telangana Formation Day",4671,4671
Sri Someswara Temple - Kolanupaka,Yadadri Bhuvanagiri,Temple,2024,July,Monsoon,Bonalu,4694,4694
Sri Someswara Temple - Kolanupaka,Yadadri Bhuvanagiri,Temple,2024,August,Monsoon,"Raksha Bandhan, Krishna Janmashtami, Independence Day",4562,4562
Sri Someswara Temple - Kolanupaka,Yadadri Bhuvanagiri,Temple,2024,September,Monsoon,"Ganesh Chaturthi, Engili Pula Bathukamma (start)",4236,4236
Sri Someswara Temple - Kolanupaka,Yadadri Bhuvanagiri,Temple,2024,October,Post-Monsoon,"Bathukamma (Saddula Bathukamma), Dussehra/Vijayadashami",17654,17654
Sri Someswara Temple - Kolanupaka,Yadadri Bhuvanagiri,Temple,2024,November,Post-Monsoon,Diwali/Deepavali,6832,6832
Sri Someswara Temple - Kolanupaka,Yadadri Bhuvanagiri,Temple,2024,December,Winter,Christmas,7559,7559
Sri Someswara Temple - Kolanupaka,Yadadri Bhuvanagiri,Temple,2025,January,Winter,"Bhogi, Sankranti/Pongal, New Year's Day, Republic Day",16795,16795
Sri Someswara Temple - Kolanupaka,Yadadri Bhuvanagiri,Temple,2025,February,Winter,Maha Shivaratri,7365,7365
Sri Someswara Temple - Kolanupaka,Yadadri Bhuvanagiri,Temple,2025,March,Summer,"Holi, Ugadi, Eid-ul-Fitr",7780,7780
Sri Someswara Temple - Kolanupaka,Yadadri Bhuvanagiri,Temple,2025,April,Summer,"Sri Rama Navami, Ambedkar Jayanti",5449,5449
Sri Someswara Temple - Kolanupaka,Yadadri Bhuvanagiri,Temple,2025,May,Summer,May Day,7042,7042
Sri Someswara Temple - Kolanupaka,Yadadri Bhuvanagiri,Temple,2025,June,Monsoon,"Bakrid/Eid-ul-Adha, Telangana Formation Day",4232,4232
Sri Someswara Temple - Kolanupaka,Yadadri Bhuvanagiri,Temple,2025,July,Monsoon,Bonalu,4729,4729
Sri Someswara Temple - Kolanupaka,Yadadri Bhuvanagiri,Temple,2025,August,Monsoon,"Krishna Ashtami, Vinayaka Chavithi, Independence Day",4290,4290
Sri Someswara Temple - Kolanupaka,Yadadri Bhuvanagiri,Temple,2025,September,Monsoon,Bathukamma (Engili Pula to Saddula),4281,4281
Sri Someswara Temple - Kolanupaka,Yadadri Bhuvanagiri,Temple,2025,October,Post-Monsoon,"Vijaya Dasami/Dussehra, Diwali/Deepavali",16904,16904
Sri Someswara Temple - Kolanupaka,Yadadri Bhuvanagiri,Temple,2025,November,Post-Monsoon,No Major Festival / Public Holiday,8833,8833
Sri Someswara Temple - Kolanupaka,Yadadri Bhuvanagiri,Temple,2025,December,Winter,Christmas,7242,7242
Sri Veeranarayana Temple,Yadadri Bhuvanagiri,Temple,2024,January,Winter,"Bhogi, Sankranti/Pongal, New Year's Day, Republic Day",17451,17451
Sri Veeranarayana Temple,Yadadri Bhuvanagiri,Temple,2024,February,Winter,No Major Festival / Public Holiday,9742,9742
Sri Veeranarayana Temple,Yadadri Bhuvanagiri,Temple,2024,March,Summer,"Maha Shivaratri, Holi",6974,6974
Sri Veeranarayana Temple,Yadadri Bhuvanagiri,Temple,2024,April,Summer,"Ugadi, Sri Rama Navami, Eid-ul-Fitr, Ambedkar Jayanti",7089,7089
Sri Veeranarayana Temple,Yadadri Bhuvanagiri,Temple,2024,May,Summer,May Day,6752,6752
Sri Veeranarayana Temple,Yadadri Bhuvanagiri,Temple,2024,June,Monsoon,"Bakrid/Eid-ul-Adha, Telangana Formation Day",4542,4542
Sri Veeranarayana Temple,Yadadri Bhuvanagiri,Temple,2024,July,Monsoon,Bonalu,4270,4270
Sri Veeranarayana Temple,Yadadri Bhuvanagiri,Temple,2024,August,Monsoon,"Raksha Bandhan, Krishna Janmashtami, Independence Day",4739,4739
Sri Veeranarayana Temple,Yadadri Bhuvanagiri,Temple,2024,September,Monsoon,"Ganesh Chaturthi, Engili Pula Bathukamma (start)",4427,4427
Sri Veeranarayana Temple,Yadadri Bhuvanagiri,Temple,2024,October,Post-Monsoon,"Bathukamma (Saddula Bathukamma), Dussehra/Vijayadashami",18104,18104
Sri Veeranarayana Temple,Yadadri Bhuvanagiri,Temple,2024,November,Post-Monsoon,Diwali/Deepavali,7132,7132
Sri Veeranarayana Temple,Yadadri Bhuvanagiri,Temple,2024,December,Winter,Christmas,7729,7729
Sri Veeranarayana Temple,Yadadri Bhuvanagiri,Temple,2025,January,Winter,"Bhogi, Sankranti/Pongal, New Year's Day, Republic Day",16711,16711
Sri Veeranarayana Temple,Yadadri Bhuvanagiri,Temple,2025,February,Winter,Maha Shivaratri,7614,7614
Sri Veeranarayana Temple,Yadadri Bhuvanagiri,Temple,2025,March,Summer,"Holi, Ugadi, Eid-ul-Fitr",7532,7532
Sri Veeranarayana Temple,Yadadri Bhuvanagiri,Temple,2025,April,Summer,"Sri Rama Navami, Ambedkar Jayanti",5788,5788
Sri Veeranarayana Temple,Yadadri Bhuvanagiri,Temple,2025,May,Summer,May Day,6944,6944
Sri Veeranarayana Temple,Yadadri Bhuvanagiri,Temple,2025,June,Monsoon,"Bakrid/Eid-ul-Adha, Telangana Formation Day",4762,4762
Sri Veeranarayana Temple,Yadadri Bhuvanagiri,Temple,2025,July,Monsoon,Bonalu,4625,4625
Sri Veeranarayana Temple,Yadadri Bhuvanagiri,Temple,2025,August,Monsoon,"Krishna Ashtami, Vinayaka Chavithi, Independence Day",4649,4649
Sri Veeranarayana Temple,Yadadri Bhuvanagiri,Temple,2025,September,Monsoon,Bathukamma (Engili Pula to Saddula),4701,4701
Sri Veeranarayana Temple,Yadadri Bhuvanagiri,Temple,2025,October,Post-Monsoon,"Vijaya Dasami/Dussehra, Diwali/Deepavali",16661,16661
Sri Veeranarayana Temple,Yadadri Bhuvanagiri,Temple,2025,November,Post-Monsoon,No Major Festival / Public Holiday,8522,8522
Sri Veeranarayana Temple,Yadadri Bhuvanagiri,Temple,2025,December,Winter,Christmas,7484,7484
Sriram Sagar,Nizamabad,Lake/Reservoir,2024,January,Winter,"Bhogi, Sankranti/Pongal, New Year's Day, Republic Day",716,716
Sriram Sagar,Nizamabad,Lake/Reservoir,2024,February,Winter,No Major Festival / Public Holiday,793,793
Sriram Sagar,Nizamabad,Lake/Reservoir,2024,March,Summer,"Maha Shivaratri, Holi",562,562
Sriram Sagar,Nizamabad,Lake/Reservoir,2024,April,Summer,"Ugadi, Sri Rama Navami, Eid-ul-Fitr, Ambedkar Jayanti",551,551
Sriram Sagar,Nizamabad,Lake/Reservoir,2024,May,Summer,May Day,662,662
Sriram Sagar,Nizamabad,Lake/Reservoir,2024,June,Monsoon,"Bakrid/Eid-ul-Adha, Telangana Formation Day",459,459
Sriram Sagar,Nizamabad,Lake/Reservoir,2024,July,Monsoon,Bonalu,455,455
Sriram Sagar,Nizamabad,Lake/Reservoir,2024,August,Monsoon,"Raksha Bandhan, Krishna Janmashtami, Independence Day",457,457
Sriram Sagar,Nizamabad,Lake/Reservoir,2024,September,Monsoon,"Ganesh Chaturthi, Engili Pula Bathukamma (start)",427,427
Sriram Sagar,Nizamabad,Lake/Reservoir,2024,October,Post-Monsoon,"Bathukamma (Saddula Bathukamma), Dussehra/Vijayadashami",722,722
Sriram Sagar,Nizamabad,Lake/Reservoir,2024,November,Post-Monsoon,Diwali/Deepavali,680,680
Sriram Sagar,Nizamabad,Lake/Reservoir,2024,December,Winter,Christmas,733,733
Sriram Sagar,Nizamabad,Lake/Reservoir,2025,January,Winter,"Bhogi, Sankranti/Pongal, New Year's Day, Republic Day",746,746
Sriram Sagar,Nizamabad,Lake/Reservoir,2025,February,Winter,Maha Shivaratri,740,740
Sriram Sagar,Nizamabad,Lake/Reservoir,2025,March,Summer,"Holi, Ugadi, Eid-ul-Fitr",594,594
Sriram Sagar,Nizamabad,Lake/Reservoir,2025,April,Summer,"Sri Rama Navami, Ambedkar Jayanti",599,599
Sriram Sagar,Nizamabad,Lake/Reservoir,2025,May,Summer,May Day,673,673
Sriram Sagar,Nizamabad,Lake/Reservoir,2025,June,Monsoon,"Bakrid/Eid-ul-Adha, Telangana Formation Day",469,469
Sriram Sagar,Nizamabad,Lake/Reservoir,2025,July,Monsoon,Bonalu,465,465
Sriram Sagar,Nizamabad,Lake/Reservoir,2025,August,Monsoon,"Krishna Ashtami, Vinayaka Chavithi, Independence Day",473,473
Sriram Sagar,Nizamabad,Lake/Reservoir,2025,September,Monsoon,Bathukamma (Engili Pula to Saddula),436,436
Sriram Sagar,Nizamabad,Lake/Reservoir,2025,October,Post-Monsoon,"Vijaya Dasami/Dussehra, Diwali/Deepavali",696,696
Sriram Sagar,Nizamabad,Lake/Reservoir,2025,November,Post-Monsoon,No Major Festival / Public Holiday,671,671
Sriram Sagar,Nizamabad,Lake/Reservoir,2025,December,Winter,Christmas,779,779
St. Joseph's Cathedral,Hyderabad,Church/Cathedral,2024,January,Winter,"Bhogi, Sankranti/Pongal, New Year's Day, Republic Day",2517,2517
St. Joseph's Cathedral,Hyderabad,Church/Cathedral,2024,February,Winter,No Major Festival / Public Holiday,2548,2548
St. Joseph's Cathedral,Hyderabad,Church/Cathedral,2024,March,Summer,"Maha Shivaratri, Holi",1920,1920
St. Joseph's Cathedral,Hyderabad,Church/Cathedral,2024,April,Summer,"Ugadi, Sri Rama Navami, Eid-ul-Fitr, Ambedkar Jayanti",1953,1953
St. Joseph's Cathedral,Hyderabad,Church/Cathedral,2024,May,Summer,May Day,2319,2319
St. Joseph's Cathedral,Hyderabad,Church/Cathedral,2024,June,Monsoon,"Bakrid/Eid-ul-Adha, Telangana Formation Day",1422,1422
St. Joseph's Cathedral,Hyderabad,Church/Cathedral,2024,July,Monsoon,Bonalu,1430,1430
St. Joseph's Cathedral,Hyderabad,Church/Cathedral,2024,August,Monsoon,"Raksha Bandhan, Krishna Janmashtami, Independence Day",1517,1517
St. Joseph's Cathedral,Hyderabad,Church/Cathedral,2024,September,Monsoon,"Ganesh Chaturthi, Engili Pula Bathukamma (start)",1459,1459
St. Joseph's Cathedral,Hyderabad,Church/Cathedral,2024,October,Post-Monsoon,"Bathukamma (Saddula Bathukamma), Dussehra/Vijayadashami",2183,2183
St. Joseph's Cathedral,Hyderabad,Church/Cathedral,2024,November,Post-Monsoon,Diwali/Deepavali,2280,2280
St. Joseph's Cathedral,Hyderabad,Church/Cathedral,2024,December,Winter,Christmas,2516,2516
St. Joseph's Cathedral,Hyderabad,Church/Cathedral,2025,January,Winter,"Bhogi, Sankranti/Pongal, New Year's Day, Republic Day",2448,2448
St. Joseph's Cathedral,Hyderabad,Church/Cathedral,2025,February,Winter,Maha Shivaratri,2566,2566
St. Joseph's Cathedral,Hyderabad,Church/Cathedral,2025,March,Summer,"Holi, Ugadi, Eid-ul-Fitr",1932,1932
St. Joseph's Cathedral,Hyderabad,Church/Cathedral,2025,April,Summer,"Sri Rama Navami, Ambedkar Jayanti",1861,1861
St. Joseph's Cathedral,Hyderabad,Church/Cathedral,2025,May,Summer,May Day,2370,2370
St. Joseph's Cathedral,Hyderabad,Church/Cathedral,2025,June,Monsoon,"Bakrid/Eid-ul-Adha, Telangana Formation Day",1526,1526
St. Joseph's Cathedral,Hyderabad,Church/Cathedral,2025,July,Monsoon,Bonalu,1524,1524
St. Joseph's Cathedral,Hyderabad,Church/Cathedral,2025,August,Monsoon,"Krishna Ashtami, Vinayaka Chavithi, Independence Day",1509,1509
St. Joseph's Cathedral,Hyderabad,Church/Cathedral,2025,September,Monsoon,Bathukamma (Engili Pula to Saddula),1412,1412
St. Joseph's Cathedral,Hyderabad,Church/Cathedral,2025,October,Post-Monsoon,"Vijaya Dasami/Dussehra, Diwali/Deepavali",2354,2354
St. Joseph's Cathedral,Hyderabad,Church/Cathedral,2025,November,Post-Monsoon,No Major Festival / Public Holiday,2265,2265
St. Joseph's Cathedral,Hyderabad,Church/Cathedral,2025,December,Winter,Christmas,2632,2632
State Art Gallery,Hyderabad,Museum/Gallery,2024,January,Winter,"Bhogi, Sankranti/Pongal, New Year's Day, Republic Day",6428,6428
State Art Gallery,Hyderabad,Museum/Gallery,2024,February,Winter,No Major Festival / Public Holiday,4388,4388
State Art Gallery,Hyderabad,Museum/Gallery,2024,March,Summer,"Maha Shivaratri, Holi",3414,3414
State Art Gallery,Hyderabad,Museum/Gallery,2024,April,Summer,"Ugadi, Sri Rama Navami, Eid-ul-Fitr, Ambedkar Jayanti",3299,3299
State Art Gallery,Hyderabad,Museum/Gallery,2024,May,Summer,May Day,4087,4087
State Art Gallery,Hyderabad,Museum/Gallery,2024,June,Monsoon,"Bakrid/Eid-ul-Adha, Telangana Formation Day",2574,2574
State Art Gallery,Hyderabad,Museum/Gallery,2024,July,Monsoon,Bonalu,2562,2562
State Art Gallery,Hyderabad,Museum/Gallery,2024,August,Monsoon,"Raksha Bandhan, Krishna Janmashtami, Independence Day",2649,2649
State Art Gallery,Hyderabad,Museum/Gallery,2024,September,Monsoon,"Ganesh Chaturthi, Engili Pula Bathukamma (start)",2624,2624
State Art Gallery,Hyderabad,Museum/Gallery,2024,October,Post-Monsoon,"Bathukamma (Saddula Bathukamma), Dussehra/Vijayadashami",5688,5688
State Art Gallery,Hyderabad,Museum/Gallery,2024,November,Post-Monsoon,Diwali/Deepavali,3921,3921
State Art Gallery,Hyderabad,Museum/Gallery,2024,December,Winter,Christmas,6027,6027
State Art Gallery,Hyderabad,Museum/Gallery,2025,January,Winter,"Bhogi, Sankranti/Pongal, New Year's Day, Republic Day",5819,5819
State Art Gallery,Hyderabad,Museum/Gallery,2025,February,Winter,Maha Shivaratri,4139,4139
State Art Gallery,Hyderabad,Museum/Gallery,2025,March,Summer,"Holi, Ugadi, Eid-ul-Fitr",3226,3226
State Art Gallery,Hyderabad,Museum/Gallery,2025,April,Summer,"Sri Rama Navami, Ambedkar Jayanti",3155,3155
State Art Gallery,Hyderabad,Museum/Gallery,2025,May,Summer,May Day,3833,3833
State Art Gallery,Hyderabad,Museum/Gallery,2025,June,Monsoon,"Bakrid/Eid-ul-Adha, Telangana Formation Day",2723,2723
State Art Gallery,Hyderabad,Museum/Gallery,2025,July,Monsoon,Bonalu,2479,2479
State Art Gallery,Hyderabad,Museum/Gallery,2025,August,Monsoon,"Krishna Ashtami, Vinayaka Chavithi, Independence Day",2675,2675
State Art Gallery,Hyderabad,Museum/Gallery,2025,September,Monsoon,Bathukamma (Engili Pula to Saddula),2553,2553
State Art Gallery,Hyderabad,Museum/Gallery,2025,October,Post-Monsoon,"Vijaya Dasami/Dussehra, Diwali/Deepavali",5886,5886
State Art Gallery,Hyderabad,Museum/Gallery,2025,November,Post-Monsoon,No Major Festival / Public Holiday,4017,4017
State Art Gallery,Hyderabad,Museum/Gallery,2025,December,Winter,Christmas,5982,5982
Sudha Cars Museum,Hyderabad,Museum/Gallery,2024,January,Winter,"Bhogi, Sankranti/Pongal, New Year's Day, Republic Day",5836,5836
Sudha Cars Museum,Hyderabad,Museum/Gallery,2024,February,Winter,No Major Festival / Public Holiday,4556,4556
Sudha Cars Museum,Hyderabad,Museum/Gallery,2024,March,Summer,"Maha Shivaratri, Holi",3419,3419
Sudha Cars Museum,Hyderabad,Museum/Gallery,2024,April,Summer,"Ugadi, Sri Rama Navami, Eid-ul-Fitr, Ambedkar Jayanti",3209,3209
Sudha Cars Museum,Hyderabad,Museum/Gallery,2024,May,Summer,May Day,3853,3853
Sudha Cars Museum,Hyderabad,Museum/Gallery,2024,June,Monsoon,"Bakrid/Eid-ul-Adha, Telangana Formation Day",2567,2567
Sudha Cars Museum,Hyderabad,Museum/Gallery,2024,July,Monsoon,Bonalu,2774,2774
Sudha Cars Museum,Hyderabad,Museum/Gallery,2024,August,Monsoon,"Raksha Bandhan, Krishna Janmashtami, Independence Day",2548,2548
Sudha Cars Museum,Hyderabad,Museum/Gallery,2024,September,Monsoon,"Ganesh Chaturthi, Engili Pula Bathukamma (start)",2611,2611
Sudha Cars Museum,Hyderabad,Museum/Gallery,2024,October,Post-Monsoon,"Bathukamma (Saddula Bathukamma), Dussehra/Vijayadashami",5317,5317
Sudha Cars Museum,Hyderabad,Museum/Gallery,2024,November,Post-Monsoon,Diwali/Deepavali,3975,3975
Sudha Cars Museum,Hyderabad,Museum/Gallery,2024,December,Winter,Christmas,6177,6177
Sudha Cars Museum,Hyderabad,Museum/Gallery,2025,January,Winter,"Bhogi, Sankranti/Pongal, New Year's Day, Republic Day",6458,6458
Sudha Cars Museum,Hyderabad,Museum/Gallery,2025,February,Winter,Maha Shivaratri,4383,4383
Sudha Cars Museum,Hyderabad,Museum/Gallery,2025,March,Summer,"Holi, Ugadi, Eid-ul-Fitr",3452,3452
Sudha Cars Museum,Hyderabad,Museum/Gallery,2025,April,Summer,"Sri Rama Navami, Ambedkar Jayanti",3343,3343
Sudha Cars Museum,Hyderabad,Museum/Gallery,2025,May,Summer,May Day,3803,3803
Sudha Cars Museum,Hyderabad,Museum/Gallery,2025,June,Monsoon,"Bakrid/Eid-ul-Adha, Telangana Formation Day",2566,2566
Sudha Cars Museum,Hyderabad,Museum/Gallery,2025,July,Monsoon,Bonalu,2648,2648
Sudha Cars Museum,Hyderabad,Museum/Gallery,2025,August,Monsoon,"Krishna Ashtami, Vinayaka Chavithi, Independence Day",2766,2766
Sudha Cars Museum,Hyderabad,Museum/Gallery,2025,September,Monsoon,Bathukamma (Engili Pula to Saddula),2738,2738
Sudha Cars Museum,Hyderabad,Museum/Gallery,2025,October,Post-Monsoon,"Vijaya Dasami/Dussehra, Diwali/Deepavali",5451,5451
Sudha Cars Museum,Hyderabad,Museum/Gallery,2025,November,Post-Monsoon,No Major Festival / Public Holiday,3889,3889
Sudha Cars Museum,Hyderabad,Museum/Gallery,2025,December,Winter,Christmas,5905,5905
Tadvai Forest,Mulugu,Other/Cultural Site,2024,January,Winter,"Bhogi, Sankranti/Pongal, New Year's Day, Republic Day",433,433
Tadvai Forest,Mulugu,Other/Cultural Site,2024,February,Winter,No Major Festival / Public Holiday,438,438
Tadvai Forest,Mulugu,Other/Cultural Site,2024,March,Summer,"Maha Shivaratri, Holi",327,327
Tadvai Forest,Mulugu,Other/Cultural Site,2024,April,Summer,"Ugadi, Sri Rama Navami, Eid-ul-Fitr, Ambedkar Jayanti",342,342
Tadvai Forest,Mulugu,Other/Cultural Site,2024,May,Summer,May Day,416,416
Tadvai Forest,Mulugu,Other/Cultural Site,2024,June,Monsoon,"Bakrid/Eid-ul-Adha, Telangana Formation Day",270,270
Tadvai Forest,Mulugu,Other/Cultural Site,2024,July,Monsoon,Bonalu,269,269
Tadvai Forest,Mulugu,Other/Cultural Site,2024,August,Monsoon,"Raksha Bandhan, Krishna Janmashtami, Independence Day",253,253
Tadvai Forest,Mulugu,Other/Cultural Site,2024,September,Monsoon,"Ganesh Chaturthi, Engili Pula Bathukamma (start)",257,257
Tadvai Forest,Mulugu,Other/Cultural Site,2024,October,Post-Monsoon,"Bathukamma (Saddula Bathukamma), Dussehra/Vijayadashami",401,401
Tadvai Forest,Mulugu,Other/Cultural Site,2024,November,Post-Monsoon,Diwali/Deepavali,394,394
Tadvai Forest,Mulugu,Other/Cultural Site,2024,December,Winter,Christmas,450,450
Tadvai Forest,Mulugu,Other/Cultural Site,2025,January,Winter,"Bhogi, Sankranti/Pongal, New Year's Day, Republic Day",428,428
Tadvai Forest,Mulugu,Other/Cultural Site,2025,February,Winter,Maha Shivaratri,418,418
Tadvai Forest,Mulugu,Other/Cultural Site,2025,March,Summer,"Holi, Ugadi, Eid-ul-Fitr",328,328
Tadvai Forest,Mulugu,Other/Cultural Site,2025,April,Summer,"Sri Rama Navami, Ambedkar Jayanti",351,351
Tadvai Forest,Mulugu,Other/Cultural Site,2025,May,Summer,May Day,389,389
Tadvai Forest,Mulugu,Other/Cultural Site,2025,June,Monsoon,"Bakrid/Eid-ul-Adha, Telangana Formation Day",266,266
Tadvai Forest,Mulugu,Other/Cultural Site,2025,July,Monsoon,Bonalu,260,260
Tadvai Forest,Mulugu,Other/Cultural Site,2025,August,Monsoon,"Krishna Ashtami, Vinayaka Chavithi, Independence Day",248,248
Tadvai Forest,Mulugu,Other/Cultural Site,2025,September,Monsoon,Bathukamma (Engili Pula to Saddula),262,262
Tadvai Forest,Mulugu,Other/Cultural Site,2025,October,Post-Monsoon,"Vijaya Dasami/Dussehra, Diwali/Deepavali",412,412
Tadvai Forest,Mulugu,Other/Cultural Site,2025,November,Post-Monsoon,No Major Festival / Public Holiday,403,403
Tadvai Forest,Mulugu,Other/Cultural Site,2025,December,Winter,Christmas,457,457
Tank Bund,Khammam,Lake/Reservoir,2024,January,Winter,"Bhogi, Sankranti/Pongal, New Year's Day, Republic Day",78545,78545
Tank Bund,Khammam,Lake/Reservoir,2024,February,Winter,No Major Festival / Public Holiday,83369,83369
Tank Bund,Khammam,Lake/Reservoir,2024,March,Summer,"Maha Shivaratri, Holi",50026,50026
Tank Bund,Khammam,Lake/Reservoir,2024,April,Summer,"Ugadi, Sri Rama Navami, Eid-ul-Fitr, Ambedkar Jayanti",47658,47658
Tank Bund,Khammam,Lake/Reservoir,2024,May,Summer,May Day,57776,57776
Tank Bund,Khammam,Lake/Reservoir,2024,June,Monsoon,"Bakrid/Eid-ul-Adha, Telangana Formation Day",37324,37324
Tank Bund,Khammam,Lake/Reservoir,2024,July,Monsoon,Bonalu,36716,36716
Tank Bund,Khammam,Lake/Reservoir,2024,August,Monsoon,"Raksha Bandhan, Krishna Janmashtami, Independence Day",37390,37390
Tank Bund,Khammam,Lake/Reservoir,2024,September,Monsoon,"Ganesh Chaturthi, Engili Pula Bathukamma (start)",37962,37962
Tank Bund,Khammam,Lake/Reservoir,2024,October,Post-Monsoon,"Bathukamma (Saddula Bathukamma), Dussehra/Vijayadashami",60853,60853
Tank Bund,Khammam,Lake/Reservoir,2024,November,Post-Monsoon,Diwali/Deepavali,60520,60520
Tank Bund,Khammam,Lake/Reservoir,2024,December,Winter,Christmas,84780,84780
Tank Bund,Khammam,Lake/Reservoir,2025,January,Winter,"Bhogi, Sankranti/Pongal, New Year's Day, Republic Day",85044,85044
Tank Bund,Khammam,Lake/Reservoir,2025,February,Winter,Maha Shivaratri,80936,80936
Tank Bund,Khammam,Lake/Reservoir,2025,March,Summer,"Holi, Ugadi, Eid-ul-Fitr",48397,48397
Tank Bund,Khammam,Lake/Reservoir,2025,April,Summer,"Sri Rama Navami, Ambedkar Jayanti",49751,49751
Tank Bund,Khammam,Lake/Reservoir,2025,May,Summer,May Day,56761,56761
Tank Bund,Khammam,Lake/Reservoir,2025,June,Monsoon,"Bakrid/Eid-ul-Adha, Telangana Formation Day",39577,39577
Tank Bund,Khammam,Lake/Reservoir,2025,July,Monsoon,Bonalu,37121,37121
Tank Bund,Khammam,Lake/Reservoir,2025,August,Monsoon,"Krishna Ashtami, Vinayaka Chavithi, Independence Day",37954,37954
Tank Bund,Khammam,Lake/Reservoir,2025,September,Monsoon,Bathukamma (Engili Pula to Saddula),38444,38444
Tank Bund,Khammam,Lake/Reservoir,2025,October,Post-Monsoon,"Vijaya Dasami/Dussehra, Diwali/Deepavali",60609,60609
Tank Bund,Khammam,Lake/Reservoir,2025,November,Post-Monsoon,No Major Festival / Public Holiday,55737,55737
Tank Bund,Khammam,Lake/Reservoir,2025,December,Winter,Christmas,83649,83649
Taramati Baradari,Hyderabad,Other/Cultural Site,2024,January,Winter,"Bhogi, Sankranti/Pongal, New Year's Day, Republic Day",449,449
Taramati Baradari,Hyderabad,Other/Cultural Site,2024,February,Winter,No Major Festival / Public Holiday,432,432
Taramati Baradari,Hyderabad,Other/Cultural Site,2024,March,Summer,"Maha Shivaratri, Holi",326,326
Taramati Baradari,Hyderabad,Other/Cultural Site,2024,April,Summer,"Ugadi, Sri Rama Navami, Eid-ul-Fitr, Ambedkar Jayanti",328,328
Taramati Baradari,Hyderabad,Other/Cultural Site,2024,May,Summer,May Day,398,398
Taramati Baradari,Hyderabad,Other/Cultural Site,2024,June,Monsoon,"Bakrid/Eid-ul-Adha, Telangana Formation Day",263,263
Taramati Baradari,Hyderabad,Other/Cultural Site,2024,July,Monsoon,Bonalu,263,263
Taramati Baradari,Hyderabad,Other/Cultural Site,2024,August,Monsoon,"Raksha Bandhan, Krishna Janmashtami, Independence Day",262,262
Taramati Baradari,Hyderabad,Other/Cultural Site,2024,September,Monsoon,"Ganesh Chaturthi, Engili Pula Bathukamma (start)",250,250
Taramati Baradari,Hyderabad,Other/Cultural Site,2024,October,Post-Monsoon,"Bathukamma (Saddula Bathukamma), Dussehra/Vijayadashami",402,402
Taramati Baradari,Hyderabad,Other/Cultural Site,2024,November,Post-Monsoon,Diwali/Deepavali,386,386
Taramati Baradari,Hyderabad,Other/Cultural Site,2024,December,Winter,Christmas,417,417
Taramati Baradari,Hyderabad,Other/Cultural Site,2025,January,Winter,"Bhogi, Sankranti/Pongal, New Year's Day, Republic Day",460,460
Taramati Baradari,Hyderabad,Other/Cultural Site,2025,February,Winter,Maha Shivaratri,443,443
Taramati Baradari,Hyderabad,Other/Cultural Site,2025,March,Summer,"Holi, Ugadi, Eid-ul-Fitr",338,338
Taramati Baradari,Hyderabad,Other/Cultural Site,2025,April,Summer,"Sri Rama Navami, Ambedkar Jayanti",328,328
Taramati Baradari,Hyderabad,Other/Cultural Site,2025,May,Summer,May Day,422,422
Taramati Baradari,Hyderabad,Other/Cultural Site,2025,June,Monsoon,"Bakrid/Eid-ul-Adha, Telangana Formation Day",266,266
Taramati Baradari,Hyderabad,Other/Cultural Site,2025,July,Monsoon,Bonalu,270,270
Taramati Baradari,Hyderabad,Other/Cultural Site,2025,August,Monsoon,"Krishna Ashtami, Vinayaka Chavithi, Independence Day",258,258
Taramati Baradari,Hyderabad,Other/Cultural Site,2025,September,Monsoon,Bathukamma (Engili Pula to Saddula),276,276
Taramati Baradari,Hyderabad,Other/Cultural Site,2025,October,Post-Monsoon,"Vijaya Dasami/Dussehra, Diwali/Deepavali",417,417
Taramati Baradari,Hyderabad,Other/Cultural Site,2025,November,Post-Monsoon,No Major Festival / Public Holiday,419,419
Taramati Baradari,Hyderabad,Other/Cultural Site,2025,December,Winter,Christmas,420,420
Telangana Martyrs Memorial,Hyderabad,Monument/Tomb,2024,January,Winter,"Bhogi, Sankranti/Pongal, New Year's Day, Republic Day",1735,1735
Telangana Martyrs Memorial,Hyderabad,Monument/Tomb,2024,February,Winter,No Major Festival / Public Holiday,1236,1236
Telangana Martyrs Memorial,Hyderabad,Monument/Tomb,2024,March,Summer,"Maha Shivaratri, Holi",905,905
Telangana Martyrs Memorial,Hyderabad,Monument/Tomb,2024,April,Summer,"Ugadi, Sri Rama Navami, Eid-ul-Fitr, Ambedkar Jayanti",970,970
Telangana Martyrs Memorial,Hyderabad,Monument/Tomb,2024,May,Summer,May Day,1177,1177
Telangana Martyrs Memorial,Hyderabad,Monument/Tomb,2024,June,Monsoon,"Bakrid/Eid-ul-Adha, Telangana Formation Day",769,769
Telangana Martyrs Memorial,Hyderabad,Monument/Tomb,2024,July,Monsoon,Bonalu,770,770
Telangana Martyrs Memorial,Hyderabad,Monument/Tomb,2024,August,Monsoon,"Raksha Bandhan, Krishna Janmashtami, Independence Day",705,705
Telangana Martyrs Memorial,Hyderabad,Monument/Tomb,2024,September,Monsoon,"Ganesh Chaturthi, Engili Pula Bathukamma (start)",790,790
Telangana Martyrs Memorial,Hyderabad,Monument/Tomb,2024,October,Post-Monsoon,"Bathukamma (Saddula Bathukamma), Dussehra/Vijayadashami",1670,1670
Telangana Martyrs Memorial,Hyderabad,Monument/Tomb,2024,November,Post-Monsoon,Diwali/Deepavali,1205,1205
Telangana Martyrs Memorial,Hyderabad,Monument/Tomb,2024,December,Winter,Christmas,1648,1648
Telangana Martyrs Memorial,Hyderabad,Monument/Tomb,2025,January,Winter,"Bhogi, Sankranti/Pongal, New Year's Day, Republic Day",1841,1841
Telangana Martyrs Memorial,Hyderabad,Monument/Tomb,2025,February,Winter,Maha Shivaratri,1296,1296
Telangana Martyrs Memorial,Hyderabad,Monument/Tomb,2025,March,Summer,"Holi, Ugadi, Eid-ul-Fitr",988,988
Telangana Martyrs Memorial,Hyderabad,Monument/Tomb,2025,April,Summer,"Sri Rama Navami, Ambedkar Jayanti",903,903
Telangana Martyrs Memorial,Hyderabad,Monument/Tomb,2025,May,Summer,May Day,1182,1182
Telangana Martyrs Memorial,Hyderabad,Monument/Tomb,2025,June,Monsoon,"Bakrid/Eid-ul-Adha, Telangana Formation Day",791,791
Telangana Martyrs Memorial,Hyderabad,Monument/Tomb,2025,July,Monsoon,Bonalu,766,766
Telangana Martyrs Memorial,Hyderabad,Monument/Tomb,2025,August,Monsoon,"Krishna Ashtami, Vinayaka Chavithi, Independence Day",756,756
Telangana Martyrs Memorial,Hyderabad,Monument/Tomb,2025,September,Monsoon,Bathukamma (Engili Pula to Saddula),790,790
Telangana Martyrs Memorial,Hyderabad,Monument/Tomb,2025,October,Post-Monsoon,"Vijaya Dasami/Dussehra, Diwali/Deepavali",1598,1598
Telangana Martyrs Memorial,Hyderabad,Monument/Tomb,2025,November,Post-Monsoon,No Major Festival / Public Holiday,1163,1163
Telangana Martyrs Memorial,Hyderabad,Monument/Tomb,2025,December,Winter,Christmas,1745,1745
Telangana State Museum,Hyderabad,Museum/Gallery,2024,January,Winter,"Bhogi, Sankranti/Pongal, New Year's Day, Republic Day",6152,6152
Telangana State Museum,Hyderabad,Museum/Gallery,2024,February,Winter,No Major Festival / Public Holiday,4590,4590
Telangana State Museum,Hyderabad,Museum/Gallery,2024,March,Summer,"Maha Shivaratri, Holi",3463,3463
Telangana State Museum,Hyderabad,Museum/Gallery,2024,April,Summer,"Ugadi, Sri Rama Navami, Eid-ul-Fitr, Ambedkar Jayanti",3176,3176
Telangana State Museum,Hyderabad,Museum/Gallery,2024,May,Summer,May Day,3828,3828
Telangana State Museum,Hyderabad,Museum/Gallery,2024,June,Monsoon,"Bakrid/Eid-ul-Adha, Telangana Formation Day",2653,2653
Telangana State Museum,Hyderabad,Museum/Gallery,2024,July,Monsoon,Bonalu,2635,2635
Telangana State Museum,Hyderabad,Museum/Gallery,2024,August,Monsoon,"Raksha Bandhan, Krishna Janmashtami, Independence Day",2551,2551
Telangana State Museum,Hyderabad,Museum/Gallery,2024,September,Monsoon,"Ganesh Chaturthi, Engili Pula Bathukamma (start)",2750,2750
Telangana State Museum,Hyderabad,Museum/Gallery,2024,October,Post-Monsoon,"Bathukamma (Saddula Bathukamma), Dussehra/Vijayadashami",5923,5923
Telangana State Museum,Hyderabad,Museum/Gallery,2024,November,Post-Monsoon,Diwali/Deepavali,3977,3977
Telangana State Museum,Hyderabad,Museum/Gallery,2024,December,Winter,Christmas,6411,6411
Telangana State Museum,Hyderabad,Museum/Gallery,2025,January,Winter,"Bhogi, Sankranti/Pongal, New Year's Day, Republic Day",6039,6039
Telangana State Museum,Hyderabad,Museum/Gallery,2025,February,Winter,Maha Shivaratri,4499,4499
Telangana State Museum,Hyderabad,Museum/Gallery,2025,March,Summer,"Holi, Ugadi, Eid-ul-Fitr",3315,3315
Telangana State Museum,Hyderabad,Museum/Gallery,2025,April,Summer,"Sri Rama Navami, Ambedkar Jayanti",3174,3174
Telangana State Museum,Hyderabad,Museum/Gallery,2025,May,Summer,May Day,4231,4231
Telangana State Museum,Hyderabad,Museum/Gallery,2025,June,Monsoon,"Bakrid/Eid-ul-Adha, Telangana Formation Day",2610,2610
Telangana State Museum,Hyderabad,Museum/Gallery,2025,July,Monsoon,Bonalu,2698,2698
Telangana State Museum,Hyderabad,Museum/Gallery,2025,August,Monsoon,"Krishna Ashtami, Vinayaka Chavithi, Independence Day",2583,2583
Telangana State Museum,Hyderabad,Museum/Gallery,2025,September,Monsoon,Bathukamma (Engili Pula to Saddula),2473,2473
Telangana State Museum,Hyderabad,Museum/Gallery,2025,October,Post-Monsoon,"Vijaya Dasami/Dussehra, Diwali/Deepavali",5364,5364
Telangana State Museum,Hyderabad,Museum/Gallery,2025,November,Post-Monsoon,No Major Festival / Public Holiday,4023,4023
Telangana State Museum,Hyderabad,Museum/Gallery,2025,December,Winter,Christmas,6264,6264
Thousand Pillar Temple,Hanumakonda,Temple,2024,January,Winter,"Bhogi, Sankranti/Pongal, New Year's Day, Republic Day",74676,74676
Thousand Pillar Temple,Hanumakonda,Temple,2024,February,Winter,No Major Festival / Public Holiday,44430,44430
Thousand Pillar Temple,Hanumakonda,Temple,2024,March,Summer,"Maha Shivaratri, Holi",35703,35703
Thousand Pillar Temple,Hanumakonda,Temple,2024,April,Summer,"Ugadi, Sri Rama Navami, Eid-ul-Fitr, Ambedkar Jayanti",33863,33863
Thousand Pillar Temple,Hanumakonda,Temple,2024,May,Summer,May Day,31203,31203
Thousand Pillar Temple,Hanumakonda,Temple,2024,June,Monsoon,"Bakrid/Eid-ul-Adha, Telangana Formation Day",20166,20166
Thousand Pillar Temple,Hanumakonda,Temple,2024,July,Monsoon,Bonalu,21692,21692
Thousand Pillar Temple,Hanumakonda,Temple,2024,August,Monsoon,"Raksha Bandhan, Krishna Janmashtami, Independence Day",20066,20066
Thousand Pillar Temple,Hanumakonda,Temple,2024,September,Monsoon,"Ganesh Chaturthi, Engili Pula Bathukamma (start)",20883,20883
Thousand Pillar Temple,Hanumakonda,Temple,2024,October,Post-Monsoon,"Bathukamma (Saddula Bathukamma), Dussehra/Vijayadashami",80566,80566
Thousand Pillar Temple,Hanumakonda,Temple,2024,November,Post-Monsoon,Diwali/Deepavali,32924,32924
Thousand Pillar Temple,Hanumakonda,Temple,2024,December,Winter,Christmas,35559,35559
Thousand Pillar Temple,Hanumakonda,Temple,2025,January,Winter,"Bhogi, Sankranti/Pongal, New Year's Day, Republic Day",79871,79871
Thousand Pillar Temple,Hanumakonda,Temple,2025,February,Winter,Maha Shivaratri,33087,33087
Thousand Pillar Temple,Hanumakonda,Temple,2025,March,Summer,"Holi, Ugadi, Eid-ul-Fitr",33735,33735
Thousand Pillar Temple,Hanumakonda,Temple,2025,April,Summer,"Sri Rama Navami, Ambedkar Jayanti",25898,25898
Thousand Pillar Temple,Hanumakonda,Temple,2025,May,Summer,May Day,30832,30832
Thousand Pillar Temple,Hanumakonda,Temple,2025,June,Monsoon,"Bakrid/Eid-ul-Adha, Telangana Formation Day",20468,20468
Thousand Pillar Temple,Hanumakonda,Temple,2025,July,Monsoon,Bonalu,20520,20520
Thousand Pillar Temple,Hanumakonda,Temple,2025,August,Monsoon,"Krishna Ashtami, Vinayaka Chavithi, Independence Day",21055,21055
Thousand Pillar Temple,Hanumakonda,Temple,2025,September,Monsoon,Bathukamma (Engili Pula to Saddula),21412,21412
Thousand Pillar Temple,Hanumakonda,Temple,2025,October,Post-Monsoon,"Vijaya Dasami/Dussehra, Diwali/Deepavali",79351,79351
Thousand Pillar Temple,Hanumakonda,Temple,2025,November,Post-Monsoon,No Major Festival / Public Holiday,42962,42962
Thousand Pillar Temple,Hanumakonda,Temple,2025,December,Winter,Christmas,34311,34311
Toli Masjid,Hyderabad,Temple,2024,January,Winter,"Bhogi, Sankranti/Pongal, New Year's Day, Republic Day",16310,16310
Toli Masjid,Hyderabad,Temple,2024,February,Winter,No Major Festival / Public Holiday,9424,9424
Toli Masjid,Hyderabad,Temple,2024,March,Summer,"Maha Shivaratri, Holi",7420,7420
Toli Masjid,Hyderabad,Temple,2024,April,Summer,"Ugadi, Sri Rama Navami, Eid-ul-Fitr, Ambedkar Jayanti",7453,7453
Toli Masjid,Hyderabad,Temple,2024,May,Summer,May Day,6931,6931
Toli Masjid,Hyderabad,Temple,2024,June,Monsoon,"Bakrid/Eid-ul-Adha, Telangana Formation Day",4535,4535
Toli Masjid,Hyderabad,Temple,2024,July,Monsoon,Bonalu,4742,4742
Toli Masjid,Hyderabad,Temple,2024,August,Monsoon,"Raksha Bandhan, Krishna Janmashtami, Independence Day",4717,4717
Toli Masjid,Hyderabad,Temple,2024,September,Monsoon,"Ganesh Chaturthi, Engili Pula Bathukamma (start)",4702,4702
Toli Masjid,Hyderabad,Temple,2024,October,Post-Monsoon,"Bathukamma (Saddula Bathukamma), Dussehra/Vijayadashami",17873,17873
Toli Masjid,Hyderabad,Temple,2024,November,Post-Monsoon,Diwali/Deepavali,7267,7267
Toli Masjid,Hyderabad,Temple,2024,December,Winter,Christmas,7138,7138
Toli Masjid,Hyderabad,Temple,2025,January,Winter,"Bhogi, Sankranti/Pongal, New Year's Day, Republic Day",16034,16034
Toli Masjid,Hyderabad,Temple,2025,February,Winter,Maha Shivaratri,7495,7495
Toli Masjid,Hyderabad,Temple,2025,March,Summer,"Holi, Ugadi, Eid-ul-Fitr",7718,7718
Toli Masjid,Hyderabad,Temple,2025,April,Summer,"Sri Rama Navami, Ambedkar Jayanti",5703,5703
Toli Masjid,Hyderabad,Temple,2025,May,Summer,May Day,7105,7105
Toli Masjid,Hyderabad,Temple,2025,June,Monsoon,"Bakrid/Eid-ul-Adha, Telangana Formation Day",4305,4305
Toli Masjid,Hyderabad,Temple,2025,July,Monsoon,Bonalu,4366,4366
Toli Masjid,Hyderabad,Temple,2025,August,Monsoon,"Krishna Ashtami, Vinayaka Chavithi, Independence Day",4625,4625
Toli Masjid,Hyderabad,Temple,2025,September,Monsoon,Bathukamma (Engili Pula to Saddula),4318,4318
Toli Masjid,Hyderabad,Temple,2025,October,Post-Monsoon,"Vijaya Dasami/Dussehra, Diwali/Deepavali",16942,16942
Toli Masjid,Hyderabad,Temple,2025,November,Post-Monsoon,No Major Festival / Public Holiday,8716,8716
Toli Masjid,Hyderabad,Temple,2025,December,Winter,Christmas,7364,7364
Tribal Museum,Hyderabad,Museum/Gallery,2024,January,Winter,"Bhogi, Sankranti/Pongal, New Year's Day, Republic Day",5891,5891
Tribal Museum,Hyderabad,Museum/Gallery,2024,February,Winter,No Major Festival / Public Holiday,4607,4607
Tribal Museum,Hyderabad,Museum/Gallery,2024,March,Summer,"Maha Shivaratri, Holi",3426,3426
Tribal Museum,Hyderabad,Museum/Gallery,2024,April,Summer,"Ugadi, Sri Rama Navami, Eid-ul-Fitr, Ambedkar Jayanti",3208,3208
Tribal Museum,Hyderabad,Museum/Gallery,2024,May,Summer,May Day,3946,3946
Tribal Museum,Hyderabad,Museum/Gallery,2024,June,Monsoon,"Bakrid/Eid-ul-Adha, Telangana Formation Day",2722,2722
Tribal Museum,Hyderabad,Museum/Gallery,2024,July,Monsoon,Bonalu,2686,2686
Tribal Museum,Hyderabad,Museum/Gallery,2024,August,Monsoon,"Raksha Bandhan, Krishna Janmashtami, Independence Day",2708,2708
Tribal Museum,Hyderabad,Museum/Gallery,2024,September,Monsoon,"Ganesh Chaturthi, Engili Pula Bathukamma (start)",2606,2606
Tribal Museum,Hyderabad,Museum/Gallery,2024,October,Post-Monsoon,"Bathukamma (Saddula Bathukamma), Dussehra/Vijayadashami",5781,5781
Tribal Museum,Hyderabad,Museum/Gallery,2024,November,Post-Monsoon,Diwali/Deepavali,3970,3970
Tribal Museum,Hyderabad,Museum/Gallery,2024,December,Winter,Christmas,5912,5912
Tribal Museum,Hyderabad,Museum/Gallery,2025,January,Winter,"Bhogi, Sankranti/Pongal, New Year's Day, Republic Day",6222,6222
Tribal Museum,Hyderabad,Museum/Gallery,2025,February,Winter,Maha Shivaratri,4624,4624
Tribal Museum,Hyderabad,Museum/Gallery,2025,March,Summer,"Holi, Ugadi, Eid-ul-Fitr",3249,3249
Tribal Museum,Hyderabad,Museum/Gallery,2025,April,Summer,"Sri Rama Navami, Ambedkar Jayanti",3309,3309
Tribal Museum,Hyderabad,Museum/Gallery,2025,May,Summer,May Day,4109,4109
Tribal Museum,Hyderabad,Museum/Gallery,2025,June,Monsoon,"Bakrid/Eid-ul-Adha, Telangana Formation Day",2638,2638
Tribal Museum,Hyderabad,Museum/Gallery,2025,July,Monsoon,Bonalu,2733,2733
Tribal Museum,Hyderabad,Museum/Gallery,2025,August,Monsoon,"Krishna Ashtami, Vinayaka Chavithi, Independence Day",2707,2707
Tribal Museum,Hyderabad,Museum/Gallery,2025,September,Monsoon,Bathukamma (Engili Pula to Saddula),2485,2485
Tribal Museum,Hyderabad,Museum/Gallery,2025,October,Post-Monsoon,"Vijaya Dasami/Dussehra, Diwali/Deepavali",5972,5972
Tribal Museum,Hyderabad,Museum/Gallery,2025,November,Post-Monsoon,No Major Festival / Public Holiday,4146,4146
Tribal Museum,Hyderabad,Museum/Gallery,2025,December,Winter,Christmas,6392,6392
Ujwala Park,Karimnagar,Park/Garden,2024,January,Winter,"Bhogi, Sankranti/Pongal, New Year's Day, Republic Day",7016,7016
Ujwala Park,Karimnagar,Park/Garden,2024,February,Winter,No Major Festival / Public Holiday,5198,5198
Ujwala Park,Karimnagar,Park/Garden,2024,March,Summer,"Maha Shivaratri, Holi",3763,3763
Ujwala Park,Karimnagar,Park/Garden,2024,April,Summer,"Ugadi, Sri Rama Navami, Eid-ul-Fitr, Ambedkar Jayanti",3660,3660
Ujwala Park,Karimnagar,Park/Garden,2024,May,Summer,May Day,6273,6273
Ujwala Park,Karimnagar,Park/Garden,2024,June,Monsoon,"Bakrid/Eid-ul-Adha, Telangana Formation Day",3001,3001
Ujwala Park,Karimnagar,Park/Garden,2024,July,Monsoon,Bonalu,3011,3011
Ujwala Park,Karimnagar,Park/Garden,2024,August,Monsoon,"Raksha Bandhan, Krishna Janmashtami, Independence Day",3110,3110
Ujwala Park,Karimnagar,Park/Garden,2024,September,Monsoon,"Ganesh Chaturthi, Engili Pula Bathukamma (start)",3104,3104
Ujwala Park,Karimnagar,Park/Garden,2024,October,Post-Monsoon,"Bathukamma (Saddula Bathukamma), Dussehra/Vijayadashami",4644,4644
Ujwala Park,Karimnagar,Park/Garden,2024,November,Post-Monsoon,Diwali/Deepavali,4754,4754
Ujwala Park,Karimnagar,Park/Garden,2024,December,Winter,Christmas,6741,6741
Ujwala Park,Karimnagar,Park/Garden,2025,January,Winter,"Bhogi, Sankranti/Pongal, New Year's Day, Republic Day",6622,6622
Ujwala Park,Karimnagar,Park/Garden,2025,February,Winter,Maha Shivaratri,5224,5224
Ujwala Park,Karimnagar,Park/Garden,2025,March,Summer,"Holi, Ugadi, Eid-ul-Fitr",3606,3606
Ujwala Park,Karimnagar,Park/Garden,2025,April,Summer,"Sri Rama Navami, Ambedkar Jayanti",3684,3684
Ujwala Park,Karimnagar,Park/Garden,2025,May,Summer,May Day,6590,6590
Ujwala Park,Karimnagar,Park/Garden,2025,June,Monsoon,"Bakrid/Eid-ul-Adha, Telangana Formation Day",2967,2967
Ujwala Park,Karimnagar,Park/Garden,2025,July,Monsoon,Bonalu,3135,3135
Ujwala Park,Karimnagar,Park/Garden,2025,August,Monsoon,"Krishna Ashtami, Vinayaka Chavithi, Independence Day",2927,2927
Ujwala Park,Karimnagar,Park/Garden,2025,September,Monsoon,Bathukamma (Engili Pula to Saddula),2824,2824
Ujwala Park,Karimnagar,Park/Garden,2025,October,Post-Monsoon,"Vijaya Dasami/Dussehra, Diwali/Deepavali",4489,4489
Ujwala Park,Karimnagar,Park/Garden,2025,November,Post-Monsoon,No Major Festival / Public Holiday,4643,4643
Ujwala Park,Karimnagar,Park/Garden,2025,December,Winter,Christmas,6895,6895
Undrugonda Fort,Suryapet,Fort,2024,January,Winter,"Bhogi, Sankranti/Pongal, New Year's Day, Republic Day",8234,8234
Undrugonda Fort,Suryapet,Fort,2024,February,Winter,No Major Festival / Public Holiday,6220,6220
Undrugonda Fort,Suryapet,Fort,2024,March,Summer,"Maha Shivaratri, Holi",4743,4743
Undrugonda Fort,Suryapet,Fort,2024,April,Summer,"Ugadi, Sri Rama Navami, Eid-ul-Fitr, Ambedkar Jayanti",4477,4477
Undrugonda Fort,Suryapet,Fort,2024,May,Summer,May Day,5878,5878
Undrugonda Fort,Suryapet,Fort,2024,June,Monsoon,"Bakrid/Eid-ul-Adha, Telangana Formation Day",3657,3657
Undrugonda Fort,Suryapet,Fort,2024,July,Monsoon,Bonalu,3776,3776
Undrugonda Fort,Suryapet,Fort,2024,August,Monsoon,"Raksha Bandhan, Krishna Janmashtami, Independence Day",3660,3660
Undrugonda Fort,Suryapet,Fort,2024,September,Monsoon,"Ganesh Chaturthi, Engili Pula Bathukamma (start)",3600,3600
Undrugonda Fort,Suryapet,Fort,2024,October,Post-Monsoon,"Bathukamma (Saddula Bathukamma), Dussehra/Vijayadashami",7960,7960
Undrugonda Fort,Suryapet,Fort,2024,November,Post-Monsoon,Diwali/Deepavali,5565,5565
Undrugonda Fort,Suryapet,Fort,2024,December,Winter,Christmas,8786,8786
Undrugonda Fort,Suryapet,Fort,2025,January,Winter,"Bhogi, Sankranti/Pongal, New Year's Day, Republic Day",8433,8433
Undrugonda Fort,Suryapet,Fort,2025,February,Winter,Maha Shivaratri,6256,6256
Undrugonda Fort,Suryapet,Fort,2025,March,Summer,"Holi, Ugadi, Eid-ul-Fitr",4554,4554
Undrugonda Fort,Suryapet,Fort,2025,April,Summer,"Sri Rama Navami, Ambedkar Jayanti",4847,4847
Undrugonda Fort,Suryapet,Fort,2025,May,Summer,May Day,5925,5925
Undrugonda Fort,Suryapet,Fort,2025,June,Monsoon,"Bakrid/Eid-ul-Adha, Telangana Formation Day",3574,3574
Undrugonda Fort,Suryapet,Fort,2025,July,Monsoon,Bonalu,3735,3735
Undrugonda Fort,Suryapet,Fort,2025,August,Monsoon,"Krishna Ashtami, Vinayaka Chavithi, Independence Day",3556,3556
Undrugonda Fort,Suryapet,Fort,2025,September,Monsoon,Bathukamma (Engili Pula to Saddula),3794,3794
Undrugonda Fort,Suryapet,Fort,2025,October,Post-Monsoon,"Vijaya Dasami/Dussehra, Diwali/Deepavali",7822,7822
Undrugonda Fort,Suryapet,Fort,2025,November,Post-Monsoon,No Major Festival / Public Holiday,5769,5769
Undrugonda Fort,Suryapet,Fort,2025,December,Winter,Christmas,8768,8768
Upper Manair Dam,Rajanna Sircilla,Dam/Barrage,2024,January,Winter,"Bhogi, Sankranti/Pongal, New Year's Day, Republic Day",512,512
Upper Manair Dam,Rajanna Sircilla,Dam/Barrage,2024,February,Winter,No Major Festival / Public Holiday,487,487
Upper Manair Dam,Rajanna Sircilla,Dam/Barrage,2024,March,Summer,"Maha Shivaratri, Holi",370,370
Upper Manair Dam,Rajanna Sircilla,Dam/Barrage,2024,April,Summer,"Ugadi, Sri Rama Navami, Eid-ul-Fitr, Ambedkar Jayanti",370,370
Upper Manair Dam,Rajanna Sircilla,Dam/Barrage,2024,May,Summer,May Day,472,472
Upper Manair Dam,Rajanna Sircilla,Dam/Barrage,2024,June,Monsoon,"Bakrid/Eid-ul-Adha, Telangana Formation Day",290,290
Upper Manair Dam,Rajanna Sircilla,Dam/Barrage,2024,July,Monsoon,Bonalu,282,282
Upper Manair Dam,Rajanna Sircilla,Dam/Barrage,2024,August,Monsoon,"Raksha Bandhan, Krishna Janmashtami, Independence Day",307,307
Upper Manair Dam,Rajanna Sircilla,Dam/Barrage,2024,September,Monsoon,"Ganesh Chaturthi, Engili Pula Bathukamma (start)",288,288
Upper Manair Dam,Rajanna Sircilla,Dam/Barrage,2024,October,Post-Monsoon,"Bathukamma (Saddula Bathukamma), Dussehra/Vijayadashami",438,438
Upper Manair Dam,Rajanna Sircilla,Dam/Barrage,2024,November,Post-Monsoon,Diwali/Deepavali,445,445
Upper Manair Dam,Rajanna Sircilla,Dam/Barrage,2024,December,Winter,Christmas,492,492
Upper Manair Dam,Rajanna Sircilla,Dam/Barrage,2025,January,Winter,"Bhogi, Sankranti/Pongal, New Year's Day, Republic Day",498,498
Upper Manair Dam,Rajanna Sircilla,Dam/Barrage,2025,February,Winter,Maha Shivaratri,472,472
Upper Manair Dam,Rajanna Sircilla,Dam/Barrage,2025,March,Summer,"Holi, Ugadi, Eid-ul-Fitr",401,401
Upper Manair Dam,Rajanna Sircilla,Dam/Barrage,2025,April,Summer,"Sri Rama Navami, Ambedkar Jayanti",389,389
Upper Manair Dam,Rajanna Sircilla,Dam/Barrage,2025,May,Summer,May Day,450,450
Upper Manair Dam,Rajanna Sircilla,Dam/Barrage,2025,June,Monsoon,"Bakrid/Eid-ul-Adha, Telangana Formation Day",293,293
Upper Manair Dam,Rajanna Sircilla,Dam/Barrage,2025,July,Monsoon,Bonalu,298,298
Upper Manair Dam,Rajanna Sircilla,Dam/Barrage,2025,August,Monsoon,"Krishna Ashtami, Vinayaka Chavithi, Independence Day",304,304
Upper Manair Dam,Rajanna Sircilla,Dam/Barrage,2025,September,Monsoon,Bathukamma (Engili Pula to Saddula),287,287
Upper Manair Dam,Rajanna Sircilla,Dam/Barrage,2025,October,Post-Monsoon,"Vijaya Dasami/Dussehra, Diwali/Deepavali",442,442
Upper Manair Dam,Rajanna Sircilla,Dam/Barrage,2025,November,Post-Monsoon,No Major Festival / Public Holiday,479,479
Upper Manair Dam,Rajanna Sircilla,Dam/Barrage,2025,December,Winter,Christmas,485,485
Vemulawada Raja Rajeshwara Swamy Temple,Rajanna Sircilla,Temple,2024,January,Winter,"Bhogi, Sankranti/Pongal, New Year's Day, Republic Day",16524,16524
Vemulawada Raja Rajeshwara Swamy Temple,Rajanna Sircilla,Temple,2024,February,Winter,No Major Festival / Public Holiday,9586,9586
Vemulawada Raja Rajeshwara Swamy Temple,Rajanna Sircilla,Temple,2024,March,Summer,"Maha Shivaratri, Holi",22704,22704
Vemulawada Raja Rajeshwara Swamy Temple,Rajanna Sircilla,Temple,2024,April,Summer,"Ugadi, Sri Rama Navami, Eid-ul-Fitr, Ambedkar Jayanti",7578,7578
Vemulawada Raja Rajeshwara Swamy Temple,Rajanna Sircilla,Temple,2024,May,Summer,May Day,7217,7217
Vemulawada Raja Rajeshwara Swamy Temple,Rajanna Sircilla,Temple,2024,June,Monsoon,"Bakrid/Eid-ul-Adha, Telangana Formation Day",4341,4341
Vemulawada Raja Rajeshwara Swamy Temple,Rajanna Sircilla,Temple,2024,July,Monsoon,Bonalu,4725,4725
Vemulawada Raja Rajeshwara Swamy Temple,Rajanna Sircilla,Temple,2024,August,Monsoon,"Raksha Bandhan, Krishna Janmashtami, Independence Day",4670,4670
Vemulawada Raja Rajeshwara Swamy Temple,Rajanna Sircilla,Temple,2024,September,Monsoon,"Ganesh Chaturthi, Engili Pula Bathukamma (start)",4758,4758
Vemulawada Raja Rajeshwara Swamy Temple,Rajanna Sircilla,Temple,2024,October,Post-Monsoon,"Bathukamma (Saddula Bathukamma), Dussehra/Vijayadashami",18037,18037
Vemulawada Raja Rajeshwara Swamy Temple,Rajanna Sircilla,Temple,2024,November,Post-Monsoon,Diwali/Deepavali,6717,6717
Vemulawada Raja Rajeshwara Swamy Temple,Rajanna Sircilla,Temple,2024,December,Winter,Christmas,7145,7145
Vemulawada Raja Rajeshwara Swamy Temple,Rajanna Sircilla,Temple,2025,January,Winter,"Bhogi, Sankranti/Pongal, New Year's Day, Republic Day",15732,15732
Vemulawada Raja Rajeshwara Swamy Temple,Rajanna Sircilla,Temple,2025,February,Winter,Maha Shivaratri,29248,29248
Vemulawada Raja Rajeshwara Swamy Temple,Rajanna Sircilla,Temple,2025,March,Summer,"Holi, Ugadi, Eid-ul-Fitr",7511,7511
Vemulawada Raja Rajeshwara Swamy Temple,Rajanna Sircilla,Temple,2025,April,Summer,"Sri Rama Navami, Ambedkar Jayanti",5908,5908
Vemulawada Raja Rajeshwara Swamy Temple,Rajanna Sircilla,Temple,2025,May,Summer,May Day,7230,7230
Vemulawada Raja Rajeshwara Swamy Temple,Rajanna Sircilla,Temple,2025,June,Monsoon,"Bakrid/Eid-ul-Adha, Telangana Formation Day",4566,4566
Vemulawada Raja Rajeshwara Swamy Temple,Rajanna Sircilla,Temple,2025,July,Monsoon,Bonalu,4233,4233
Vemulawada Raja Rajeshwara Swamy Temple,Rajanna Sircilla,Temple,2025,August,Monsoon,"Krishna Ashtami, Vinayaka Chavithi, Independence Day",4330,4330
Vemulawada Raja Rajeshwara Swamy Temple,Rajanna Sircilla,Temple,2025,September,Monsoon,Bathukamma (Engili Pula to Saddula),4283,4283
Vemulawada Raja Rajeshwara Swamy Temple,Rajanna Sircilla,Temple,2025,October,Post-Monsoon,"Vijaya Dasami/Dussehra, Diwali/Deepavali",16967,16967
Vemulawada Raja Rajeshwara Swamy Temple,Rajanna Sircilla,Temple,2025,November,Post-Monsoon,No Major Festival / Public Holiday,8971,8971
Vemulawada Raja Rajeshwara Swamy Temple,Rajanna Sircilla,Temple,2025,December,Winter,Christmas,7089,7089
Vyasa Maharshi Cave,Nirmal,Cave/Hill/Viewpoint,2024,January,Winter,"Bhogi, Sankranti/Pongal, New Year's Day, Republic Day",985,985
Vyasa Maharshi Cave,Nirmal,Cave/Hill/Viewpoint,2024,February,Winter,No Major Festival / Public Holiday,995,995
Vyasa Maharshi Cave,Nirmal,Cave/Hill/Viewpoint,2024,March,Summer,"Maha Shivaratri, Holi",722,722
Vyasa Maharshi Cave,Nirmal,Cave/Hill/Viewpoint,2024,April,Summer,"Ugadi, Sri Rama Navami, Eid-ul-Fitr, Ambedkar Jayanti",769,769
Vyasa Maharshi Cave,Nirmal,Cave/Hill/Viewpoint,2024,May,Summer,May Day,896,896
Vyasa Maharshi Cave,Nirmal,Cave/Hill/Viewpoint,2024,June,Monsoon,"Bakrid/Eid-ul-Adha, Telangana Formation Day",575,575
Vyasa Maharshi Cave,Nirmal,Cave/Hill/Viewpoint,2024,July,Monsoon,Bonalu,603,603
Vyasa Maharshi Cave,Nirmal,Cave/Hill/Viewpoint,2024,August,Monsoon,"Raksha Bandhan, Krishna Janmashtami, Independence Day",602,602
Vyasa Maharshi Cave,Nirmal,Cave/Hill/Viewpoint,2024,September,Monsoon,"Ganesh Chaturthi, Engili Pula Bathukamma (start)",569,569
Vyasa Maharshi Cave,Nirmal,Cave/Hill/Viewpoint,2024,October,Post-Monsoon,"Bathukamma (Saddula Bathukamma), Dussehra/Vijayadashami",941,941
Vyasa Maharshi Cave,Nirmal,Cave/Hill/Viewpoint,2024,November,Post-Monsoon,Diwali/Deepavali,933,933
Vyasa Maharshi Cave,Nirmal,Cave/Hill/Viewpoint,2024,December,Winter,Christmas,962,962
Vyasa Maharshi Cave,Nirmal,Cave/Hill/Viewpoint,2025,January,Winter,"Bhogi, Sankranti/Pongal, New Year's Day, Republic Day",996,996
Vyasa Maharshi Cave,Nirmal,Cave/Hill/Viewpoint,2025,February,Winter,Maha Shivaratri,1026,1026
Vyasa Maharshi Cave,Nirmal,Cave/Hill/Viewpoint,2025,March,Summer,"Holi, Ugadi, Eid-ul-Fitr",762,762
Vyasa Maharshi Cave,Nirmal,Cave/Hill/Viewpoint,2025,April,Summer,"Sri Rama Navami, Ambedkar Jayanti",750,750
Vyasa Maharshi Cave,Nirmal,Cave/Hill/Viewpoint,2025,May,Summer,May Day,900,900
Vyasa Maharshi Cave,Nirmal,Cave/Hill/Viewpoint,2025,June,Monsoon,"Bakrid/Eid-ul-Adha, Telangana Formation Day",607,607
Vyasa Maharshi Cave,Nirmal,Cave/Hill/Viewpoint,2025,July,Monsoon,Bonalu,631,631
Vyasa Maharshi Cave,Nirmal,Cave/Hill/Viewpoint,2025,August,Monsoon,"Krishna Ashtami, Vinayaka Chavithi, Independence Day",612,612
Vyasa Maharshi Cave,Nirmal,Cave/Hill/Viewpoint,2025,September,Monsoon,Bathukamma (Engili Pula to Saddula),569,569
Vyasa Maharshi Cave,Nirmal,Cave/Hill/Viewpoint,2025,October,Post-Monsoon,"Vijaya Dasami/Dussehra, Diwali/Deepavali",915,915
Vyasa Maharshi Cave,Nirmal,Cave/Hill/Viewpoint,2025,November,Post-Monsoon,No Major Festival / Public Holiday,963,963
Vyasa Maharshi Cave,Nirmal,Cave/Hill/Viewpoint,2025,December,Winter,Christmas,951,951
Wadapally Sri Lakshmi Narasimha Swamy Temple,Nalgonda,Temple,2024,January,Winter,"Bhogi, Sankranti/Pongal, New Year's Day, Republic Day",15879,15879
Wadapally Sri Lakshmi Narasimha Swamy Temple,Nalgonda,Temple,2024,February,Winter,No Major Festival / Public Holiday,9569,9569
Wadapally Sri Lakshmi Narasimha Swamy Temple,Nalgonda,Temple,2024,March,Summer,"Maha Shivaratri, Holi",7274,7274
Wadapally Sri Lakshmi Narasimha Swamy Temple,Nalgonda,Temple,2024,April,Summer,"Ugadi, Sri Rama Navami, Eid-ul-Fitr, Ambedkar Jayanti",7382,7382
Wadapally Sri Lakshmi Narasimha Swamy Temple,Nalgonda,Temple,2024,May,Summer,May Day,6762,6762
Wadapally Sri Lakshmi Narasimha Swamy Temple,Nalgonda,Temple,2024,June,Monsoon,"Bakrid/Eid-ul-Adha, Telangana Formation Day",4287,4287
Wadapally Sri Lakshmi Narasimha Swamy Temple,Nalgonda,Temple,2024,July,Monsoon,Bonalu,4308,4308
Wadapally Sri Lakshmi Narasimha Swamy Temple,Nalgonda,Temple,2024,August,Monsoon,"Raksha Bandhan, Krishna Janmashtami, Independence Day",4248,4248
Wadapally Sri Lakshmi Narasimha Swamy Temple,Nalgonda,Temple,2024,September,Monsoon,"Ganesh Chaturthi, Engili Pula Bathukamma (start)",4483,4483
Wadapally Sri Lakshmi Narasimha Swamy Temple,Nalgonda,Temple,2024,October,Post-Monsoon,"Bathukamma (Saddula Bathukamma), Dussehra/Vijayadashami",18190,18190
Wadapally Sri Lakshmi Narasimha Swamy Temple,Nalgonda,Temple,2024,November,Post-Monsoon,Diwali/Deepavali,6581,6581
Wadapally Sri Lakshmi Narasimha Swamy Temple,Nalgonda,Temple,2024,December,Winter,Christmas,7901,7901
Wadapally Sri Lakshmi Narasimha Swamy Temple,Nalgonda,Temple,2025,January,Winter,"Bhogi, Sankranti/Pongal, New Year's Day, Republic Day",16962,16962
Wadapally Sri Lakshmi Narasimha Swamy Temple,Nalgonda,Temple,2025,February,Winter,Maha Shivaratri,7623,7623
Wadapally Sri Lakshmi Narasimha Swamy Temple,Nalgonda,Temple,2025,March,Summer,"Holi, Ugadi, Eid-ul-Fitr",7539,7539
Wadapally Sri Lakshmi Narasimha Swamy Temple,Nalgonda,Temple,2025,April,Summer,"Sri Rama Navami, Ambedkar Jayanti",5923,5923
Wadapally Sri Lakshmi Narasimha Swamy Temple,Nalgonda,Temple,2025,May,Summer,May Day,6574,6574
Wadapally Sri Lakshmi Narasimha Swamy Temple,Nalgonda,Temple,2025,June,Monsoon,"Bakrid/Eid-ul-Adha, Telangana Formation Day",4502,4502
Wadapally Sri Lakshmi Narasimha Swamy Temple,Nalgonda,Temple,2025,July,Monsoon,Bonalu,4606,4606
Wadapally Sri Lakshmi Narasimha Swamy Temple,Nalgonda,Temple,2025,August,Monsoon,"Krishna Ashtami, Vinayaka Chavithi, Independence Day",4546,4546
Wadapally Sri Lakshmi Narasimha Swamy Temple,Nalgonda,Temple,2025,September,Monsoon,Bathukamma (Engili Pula to Saddula),4679,4679
Wadapally Sri Lakshmi Narasimha Swamy Temple,Nalgonda,Temple,2025,October,Post-Monsoon,"Vijaya Dasami/Dussehra, Diwali/Deepavali",16364,16364
Wadapally Sri Lakshmi Narasimha Swamy Temple,Nalgonda,Temple,2025,November,Post-Monsoon,No Major Festival / Public Holiday,9175,9175
Wadapally Sri Lakshmi Narasimha Swamy Temple,Nalgonda,Temple,2025,December,Winter,Christmas,7530,7530
Wadapally Sri Meenakshi Agastheeshwara Temple,Nalgonda,Temple,2024,January,Winter,"Bhogi, Sankranti/Pongal, New Year's Day, Republic Day",16931,16931
Wadapally Sri Meenakshi Agastheeshwara Temple,Nalgonda,Temple,2024,February,Winter,No Major Festival / Public Holiday,10034,10034
Wadapally Sri Meenakshi Agastheeshwara Temple,Nalgonda,Temple,2024,March,Summer,"Maha Shivaratri, Holi",7010,7010
Wadapally Sri Meenakshi Agastheeshwara Temple,Nalgonda,Temple,2024,April,Summer,"Ugadi, Sri Rama Navami, Eid-ul-Fitr, Ambedkar Jayanti",7162,7162
Wadapally Sri Meenakshi Agastheeshwara Temple,Nalgonda,Temple,2024,May,Summer,May Day,6713,6713
Wadapally Sri Meenakshi Agastheeshwara Temple,Nalgonda,Temple,2024,June,Monsoon,"Bakrid/Eid-ul-Adha, Telangana Formation Day",4525,4525
Wadapally Sri Meenakshi Agastheeshwara Temple,Nalgonda,Temple,2024,July,Monsoon,Bonalu,4308,4308
Wadapally Sri Meenakshi Agastheeshwara Temple,Nalgonda,Temple,2024,August,Monsoon,"Raksha Bandhan, Krishna Janmashtami, Independence Day",4302,4302
Wadapally Sri Meenakshi Agastheeshwara Temple,Nalgonda,Temple,2024,September,Monsoon,"Ganesh Chaturthi, Engili Pula Bathukamma (start)",4739,4739
Wadapally Sri Meenakshi Agastheeshwara Temple,Nalgonda,Temple,2024,October,Post-Monsoon,"Bathukamma (Saddula Bathukamma), Dussehra/Vijayadashami",17879,17879
Wadapally Sri Meenakshi Agastheeshwara Temple,Nalgonda,Temple,2024,November,Post-Monsoon,Diwali/Deepavali,6635,6635
Wadapally Sri Meenakshi Agastheeshwara Temple,Nalgonda,Temple,2024,December,Winter,Christmas,7415,7415
Wadapally Sri Meenakshi Agastheeshwara Temple,Nalgonda,Temple,2025,January,Winter,"Bhogi, Sankranti/Pongal, New Year's Day, Republic Day",16214,16214
Wadapally Sri Meenakshi Agastheeshwara Temple,Nalgonda,Temple,2025,February,Winter,Maha Shivaratri,7761,7761
Wadapally Sri Meenakshi Agastheeshwara Temple,Nalgonda,Temple,2025,March,Summer,"Holi, Ugadi, Eid-ul-Fitr",7419,7419
Wadapally Sri Meenakshi Agastheeshwara Temple,Nalgonda,Temple,2025,April,Summer,"Sri Rama Navami, Ambedkar Jayanti",5445,5445
Wadapally Sri Meenakshi Agastheeshwara Temple,Nalgonda,Temple,2025,May,Summer,May Day,7097,7097
Wadapally Sri Meenakshi Agastheeshwara Temple,Nalgonda,Temple,2025,June,Monsoon,"Bakrid/Eid-ul-Adha, Telangana Formation Day",4444,4444
Wadapally Sri Meenakshi Agastheeshwara Temple,Nalgonda,Temple,2025,July,Monsoon,Bonalu,4371,4371
Wadapally Sri Meenakshi Agastheeshwara Temple,Nalgonda,Temple,2025,August,Monsoon,"Krishna Ashtami, Vinayaka Chavithi, Independence Day",4432,4432
Wadapally Sri Meenakshi Agastheeshwara Temple,Nalgonda,Temple,2025,September,Monsoon,Bathukamma (Engili Pula to Saddula),4498,4498
Wadapally Sri Meenakshi Agastheeshwara Temple,Nalgonda,Temple,2025,October,Post-Monsoon,"Vijaya Dasami/Dussehra, Diwali/Deepavali",16925,16925
Wadapally Sri Meenakshi Agastheeshwara Temple,Nalgonda,Temple,2025,November,Post-Monsoon,No Major Festival / Public Holiday,8692,8692
Wadapally Sri Meenakshi Agastheeshwara Temple,Nalgonda,Temple,2025,December,Winter,Christmas,7408,7408
Wanaparthy Palace,Wanaparthy,Palace/Heritage,2024,January,Winter,"Bhogi, Sankranti/Pongal, New Year's Day, Republic Day",8256,8256
Wanaparthy Palace,Wanaparthy,Palace/Heritage,2024,February,Winter,No Major Festival / Public Holiday,5357,5357
Wanaparthy Palace,Wanaparthy,Palace/Heritage,2024,March,Summer,"Maha Shivaratri, Holi",4522,4522
Wanaparthy Palace,Wanaparthy,Palace/Heritage,2024,April,Summer,"Ugadi, Sri Rama Navami, Eid-ul-Fitr, Ambedkar Jayanti",4459,4459
Wanaparthy Palace,Wanaparthy,Palace/Heritage,2024,May,Summer,May Day,5291,5291
Wanaparthy Palace,Wanaparthy,Palace/Heritage,2024,June,Monsoon,"Bakrid/Eid-ul-Adha, Telangana Formation Day",3552,3552
Wanaparthy Palace,Wanaparthy,Palace/Heritage,2024,July,Monsoon,Bonalu,3465,3465
Wanaparthy Palace,Wanaparthy,Palace/Heritage,2024,August,Monsoon,"Raksha Bandhan, Krishna Janmashtami, Independence Day",3249,3249
Wanaparthy Palace,Wanaparthy,Palace/Heritage,2024,September,Monsoon,"Ganesh Chaturthi, Engili Pula Bathukamma (start)",3351,3351
Wanaparthy Palace,Wanaparthy,Palace/Heritage,2024,October,Post-Monsoon,"Bathukamma (Saddula Bathukamma), Dussehra/Vijayadashami",6872,6872
Wanaparthy Palace,Wanaparthy,Palace/Heritage,2024,November,Post-Monsoon,Diwali/Deepavali,5106,5106
Wanaparthy Palace,Wanaparthy,Palace/Heritage,2024,December,Winter,Christmas,8103,8103
Wanaparthy Palace,Wanaparthy,Palace/Heritage,2025,January,Winter,"Bhogi, Sankranti/Pongal, New Year's Day, Republic Day",7767,7767
Wanaparthy Palace,Wanaparthy,Palace/Heritage,2025,February,Winter,Maha Shivaratri,5510,5510
Wanaparthy Palace,Wanaparthy,Palace/Heritage,2025,March,Summer,"Holi, Ugadi, Eid-ul-Fitr",4323,4323
Wanaparthy Palace,Wanaparthy,Palace/Heritage,2025,April,Summer,"Sri Rama Navami, Ambedkar Jayanti",4465,4465
Wanaparthy Palace,Wanaparthy,Palace/Heritage,2025,May,Summer,May Day,4894,4894
Wanaparthy Palace,Wanaparthy,Palace/Heritage,2025,June,Monsoon,"Bakrid/Eid-ul-Adha, Telangana Formation Day",3328,3328
Wanaparthy Palace,Wanaparthy,Palace/Heritage,2025,July,Monsoon,Bonalu,3236,3236
Wanaparthy Palace,Wanaparthy,Palace/Heritage,2025,August,Monsoon,"Krishna Ashtami, Vinayaka Chavithi, Independence Day",3454,3454
Wanaparthy Palace,Wanaparthy,Palace/Heritage,2025,September,Monsoon,Bathukamma (Engili Pula to Saddula),3215,3215
Wanaparthy Palace,Wanaparthy,Palace/Heritage,2025,October,Post-Monsoon,"Vijaya Dasami/Dussehra, Diwali/Deepavali",7388,7388
Wanaparthy Palace,Wanaparthy,Palace/Heritage,2025,November,Post-Monsoon,No Major Festival / Public Holiday,5042,5042
Wanaparthy Palace,Wanaparthy,Palace/Heritage,2025,December,Winter,Christmas,7590,7590
Warangal Fort,Warangal,Fort,2024,January,Winter,"Bhogi, Sankranti/Pongal, New Year's Day, Republic Day",53065,53065
Warangal Fort,Warangal,Fort,2024,February,Winter,No Major Festival / Public Holiday,36152,36152
Warangal Fort,Warangal,Fort,2024,March,Summer,"Maha Shivaratri, Holi",27772,27772
Warangal Fort,Warangal,Fort,2024,April,Summer,"Ugadi, Sri Rama Navami, Eid-ul-Fitr, Ambedkar Jayanti",27343,27343
Warangal Fort,Warangal,Fort,2024,May,Summer,May Day,33462,33462
Warangal Fort,Warangal,Fort,2024,June,Monsoon,"Bakrid/Eid-ul-Adha, Telangana Formation Day",21757,21757
Warangal Fort,Warangal,Fort,2024,July,Monsoon,Bonalu,22552,22552
Warangal Fort,Warangal,Fort,2024,August,Monsoon,"Raksha Bandhan, Krishna Janmashtami, Independence Day",22669,22669
Warangal Fort,Warangal,Fort,2024,September,Monsoon,"Ganesh Chaturthi, Engili Pula Bathukamma (start)",23701,23701
Warangal Fort,Warangal,Fort,2024,October,Post-Monsoon,"Bathukamma (Saddula Bathukamma), Dussehra/Vijayadashami",46535,46535
Warangal Fort,Warangal,Fort,2024,November,Post-Monsoon,Diwali/Deepavali,35086,35086
Warangal Fort,Warangal,Fort,2024,December,Winter,Christmas,54498,54498
Warangal Fort,Warangal,Fort,2025,January,Winter,"Bhogi, Sankranti/Pongal, New Year's Day, Republic Day",52879,52879
Warangal Fort,Warangal,Fort,2025,February,Winter,Maha Shivaratri,36397,36397
Warangal Fort,Warangal,Fort,2025,March,Summer,"Holi, Ugadi, Eid-ul-Fitr",27687,27687
Warangal Fort,Warangal,Fort,2025,April,Summer,"Sri Rama Navami, Ambedkar Jayanti",26924,26924
Warangal Fort,Warangal,Fort,2025,May,Summer,May Day,33694,33694
Warangal Fort,Warangal,Fort,2025,June,Monsoon,"Bakrid/Eid-ul-Adha, Telangana Formation Day",23160,23160
Warangal Fort,Warangal,Fort,2025,July,Monsoon,Bonalu,21278,21278
Warangal Fort,Warangal,Fort,2025,August,Monsoon,"Krishna Ashtami, Vinayaka Chavithi, Independence Day",21742,21742
Warangal Fort,Warangal,Fort,2025,September,Monsoon,Bathukamma (Engili Pula to Saddula),23056,23056
Warangal Fort,Warangal,Fort,2025,October,Post-Monsoon,"Vijaya Dasami/Dussehra, Diwali/Deepavali",49938,49938
Warangal Fort,Warangal,Fort,2025,November,Post-Monsoon,No Major Festival / Public Holiday,34315,34315
Warangal Fort,Warangal,Fort,2025,December,Winter,Christmas,53747,53747
Wargal Saraswati Temple,Siddipet,Temple,2024,January,Winter,"Bhogi, Sankranti/Pongal, New Year's Day, Republic Day",16606,16606
Wargal Saraswati Temple,Siddipet,Temple,2024,January,Winter,"Bhogi, Sankranti/Pongal, New Year's Day, Republic Day",16402,16402
Wargal Saraswati Temple,Siddipet,Temple,2024,February,Winter,No Major Festival / Public Holiday,9499,9499
Wargal Saraswati Temple,Siddipet,Temple,2024,February,Winter,No Major Festival / Public Holiday,9513,9513
Wargal Saraswati Temple,Siddipet,Temple,2024,March,Summer,"Maha Shivaratri, Holi",7306,7306
Wargal Saraswati Temple,Siddipet,Temple,2024,March,Summer,"Maha Shivaratri, Holi",7708,7708
Wargal Saraswati Temple,Siddipet,Temple,2024,April,Summer,"Ugadi, Sri Rama Navami, Eid-ul-Fitr, Ambedkar Jayanti",7825,7825
Wargal Saraswati Temple,Siddipet,Temple,2024,April,Summer,"Ugadi, Sri Rama Navami, Eid-ul-Fitr, Ambedkar Jayanti",7355,7355
Wargal Saraswati Temple,Siddipet,Temple,2024,May,Summer,May Day,6811,6811
Wargal Saraswati Temple,Siddipet,Temple,2024,May,Summer,May Day,7186,7186
Wargal Saraswati Temple,Siddipet,Temple,2024,June,Monsoon,"Bakrid/Eid-ul-Adha, Telangana Formation Day",4460,4460
Wargal Saraswati Temple,Siddipet,Temple,2024,June,Monsoon,"Bakrid/Eid-ul-Adha, Telangana Formation Day",4528,4528
Wargal Saraswati Temple,Siddipet,Temple,2024,July,Monsoon,Bonalu,13064,13064
Wargal Saraswati Temple,Siddipet,Temple,2024,July,Monsoon,Bonalu,13894,13894
Wargal Saraswati Temple,Siddipet,Temple,2024,August,Monsoon,"Raksha Bandhan, Krishna Janmashtami, Independence Day",4517,4517
Wargal Saraswati Temple,Siddipet,Temple,2024,August,Monsoon,"Raksha Bandhan, Krishna Janmashtami, Independence Day",4666,4666
Wargal Saraswati Temple,Siddipet,Temple,2024,September,Monsoon,"Ganesh Chaturthi, Engili Pula Bathukamma (start)",13954,13954
Wargal Saraswati Temple,Siddipet,Temple,2024,September,Monsoon,"Ganesh Chaturthi, Engili Pula Bathukamma (start)",13038,13038
Wargal Saraswati Temple,Siddipet,Temple,2024,October,Post-Monsoon,"Bathukamma (Saddula Bathukamma), Dussehra/Vijayadashami",21235,21235
Wargal Saraswati Temple,Siddipet,Temple,2024,October,Post-Monsoon,"Bathukamma (Saddula Bathukamma), Dussehra/Vijayadashami",21445,21445
Wargal Saraswati Temple,Siddipet,Temple,2024,November,Post-Monsoon,Diwali/Deepavali,6772,6772
Wargal Saraswati Temple,Siddipet,Temple,2024,November,Post-Monsoon,Diwali/Deepavali,6628,6628
Wargal Saraswati Temple,Siddipet,Temple,2024,December,Winter,Christmas,7052,7052
Wargal Saraswati Temple,Siddipet,Temple,2024,December,Winter,Christmas,7455,7455
Wargal Saraswati Temple,Siddipet,Temple,2025,January,Winter,"Bhogi, Sankranti/Pongal, New Year's Day, Republic Day",16207,16207
Wargal Saraswati Temple,Siddipet,Temple,2025,January,Winter,"Bhogi, Sankranti/Pongal, New Year's Day, Republic Day",16608,16608
Wargal Saraswati Temple,Siddipet,Temple,2025,February,Winter,Maha Shivaratri,7219,7219
Wargal Saraswati Temple,Siddipet,Temple,2025,February,Winter,Maha Shivaratri,7823,7823
Wargal Saraswati Temple,Siddipet,Temple,2025,March,Summer,"Holi, Ugadi, Eid-ul-Fitr",7194,7194
Wargal Saraswati Temple,Siddipet,Temple,2025,March,Summer,"Holi, Ugadi, Eid-ul-Fitr",7166,7166
Wargal Saraswati Temple,Siddipet,Temple,2025,April,Summer,"Sri Rama Navami, Ambedkar Jayanti",5686,5686
Wargal Saraswati Temple,Siddipet,Temple,2025,April,Summer,"Sri Rama Navami, Ambedkar Jayanti",5699,5699
Wargal Saraswati Temple,Siddipet,Temple,2025,May,Summer,May Day,6664,6664
Wargal Saraswati Temple,Siddipet,Temple,2025,May,Summer,May Day,6711,6711
Wargal Saraswati Temple,Siddipet,Temple,2025,June,Monsoon,"Bakrid/Eid-ul-Adha, Telangana Formation Day",4321,4321
Wargal Saraswati Temple,Siddipet,Temple,2025,June,Monsoon,"Bakrid/Eid-ul-Adha, Telangana Formation Day",4617,4617
Wargal Saraswati Temple,Siddipet,Temple,2025,July,Monsoon,Bonalu,13937,13937
Wargal Saraswati Temple,Siddipet,Temple,2025,July,Monsoon,Bonalu,13438,13438
Wargal Saraswati Temple,Siddipet,Temple,2025,August,Monsoon,"Krishna Ashtami, Vinayaka Chavithi, Independence Day",4615,4615
Wargal Saraswati Temple,Siddipet,Temple,2025,August,Monsoon,"Krishna Ashtami, Vinayaka Chavithi, Independence Day",4627,4627
Wargal Saraswati Temple,Siddipet,Temple,2025,September,Monsoon,Bathukamma (Engili Pula to Saddula),12914,12914
Wargal Saraswati Temple,Siddipet,Temple,2025,September,Monsoon,Bathukamma (Engili Pula to Saddula),14255,14255
Wargal Saraswati Temple,Siddipet,Temple,2025,October,Post-Monsoon,"Vijaya Dasami/Dussehra, Diwali/Deepavali",17914,17914
Wargal Saraswati Temple,Siddipet,Temple,2025,October,Post-Monsoon,"Vijaya Dasami/Dussehra, Diwali/Deepavali",16638,16638
Wargal Saraswati Temple,Siddipet,Temple,2025,November,Post-Monsoon,No Major Festival / Public Holiday,8632,8632
Wargal Saraswati Temple,Siddipet,Temple,2025,November,Post-Monsoon,No Major Festival / Public Holiday,8567,8567
Wargal Saraswati Temple,Siddipet,Temple,2025,December,Winter,Christmas,7174,7174
Wargal Saraswati Temple,Siddipet,Temple,2025,December,Winter,Christmas,7723,7723
Wonderla Hyderabad,Ranga Reddy,Other/Cultural Site,2024,January,Winter,"Bhogi, Sankranti/Pongal, New Year's Day, Republic Day",423,423
Wonderla Hyderabad,Ranga Reddy,Other/Cultural Site,2024,February,Winter,No Major Festival / Public Holiday,463,463
Wonderla Hyderabad,Ranga Reddy,Other/Cultural Site,2024,March,Summer,"Maha Shivaratri, Holi",320,320
Wonderla Hyderabad,Ranga Reddy,Other/Cultural Site,2024,April,Summer,"Ugadi, Sri Rama Navami, Eid-ul-Fitr, Ambedkar Jayanti",335,335
Wonderla Hyderabad,Ranga Reddy,Other/Cultural Site,2024,May,Summer,May Day,423,423
Wonderla Hyderabad,Ranga Reddy,Other/Cultural Site,2024,June,Monsoon,"Bakrid/Eid-ul-Adha, Telangana Formation Day",251,251
Wonderla Hyderabad,Ranga Reddy,Other/Cultural Site,2024,July,Monsoon,Bonalu,277,277
Wonderla Hyderabad,Ranga Reddy,Other/Cultural Site,2024,August,Monsoon,"Raksha Bandhan, Krishna Janmashtami, Independence Day",276,276
Wonderla Hyderabad,Ranga Reddy,Other/Cultural Site,2024,September,Monsoon,"Ganesh Chaturthi, Engili Pula Bathukamma (start)",274,274
Wonderla Hyderabad,Ranga Reddy,Other/Cultural Site,2024,October,Post-Monsoon,"Bathukamma (Saddula Bathukamma), Dussehra/Vijayadashami",388,388
Wonderla Hyderabad,Ranga Reddy,Other/Cultural Site,2024,November,Post-Monsoon,Diwali/Deepavali,408,408
Wonderla Hyderabad,Ranga Reddy,Other/Cultural Site,2024,December,Winter,Christmas,451,451
Wonderla Hyderabad,Ranga Reddy,Other/Cultural Site,2025,January,Winter,"Bhogi, Sankranti/Pongal, New Year's Day, Republic Day",463,463
Wonderla Hyderabad,Ranga Reddy,Other/Cultural Site,2025,February,Winter,Maha Shivaratri,420,420
Wonderla Hyderabad,Ranga Reddy,Other/Cultural Site,2025,March,Summer,"Holi, Ugadi, Eid-ul-Fitr",343,343
Wonderla Hyderabad,Ranga Reddy,Other/Cultural Site,2025,April,Summer,"Sri Rama Navami, Ambedkar Jayanti",326,326
Wonderla Hyderabad,Ranga Reddy,Other/Cultural Site,2025,May,Summer,May Day,386,386
Wonderla Hyderabad,Ranga Reddy,Other/Cultural Site,2025,June,Monsoon,"Bakrid/Eid-ul-Adha, Telangana Formation Day",260,260
Wonderla Hyderabad,Ranga Reddy,Other/Cultural Site,2025,July,Monsoon,Bonalu,271,271
Wonderla Hyderabad,Ranga Reddy,Other/Cultural Site,2025,August,Monsoon,"Krishna Ashtami, Vinayaka Chavithi, Independence Day",261,261
Wonderla Hyderabad,Ranga Reddy,Other/Cultural Site,2025,September,Monsoon,Bathukamma (Engili Pula to Saddula),263,263
Wonderla Hyderabad,Ranga Reddy,Other/Cultural Site,2025,October,Post-Monsoon,"Vijaya Dasami/Dussehra, Diwali/Deepavali",426,426
Wonderla Hyderabad,Ranga Reddy,Other/Cultural Site,2025,November,Post-Monsoon,No Major Festival / Public Holiday,397,397
Wonderla Hyderabad,Ranga Reddy,Other/Cultural Site,2025,December,Winter,Christmas,443,443
Yadagirigutta,Yadadri Bhuvanagiri,Temple,2024,January,Winter,"Bhogi, Sankranti/Pongal, New Year's Day, Republic Day",15539,15539
Yadagirigutta,Yadadri Bhuvanagiri,Temple,2024,February,Winter,No Major Festival / Public Holiday,9474,9474
Yadagirigutta,Yadadri Bhuvanagiri,Temple,2024,March,Summer,"Maha Shivaratri, Holi",7422,7422
Yadagirigutta,Yadadri Bhuvanagiri,Temple,2024,April,Summer,"Ugadi, Sri Rama Navami, Eid-ul-Fitr, Ambedkar Jayanti",7475,7475
Yadagirigutta,Yadadri Bhuvanagiri,Temple,2024,May,Summer,May Day,7252,7252
Yadagirigutta,Yadadri Bhuvanagiri,Temple,2024,June,Monsoon,"Bakrid/Eid-ul-Adha, Telangana Formation Day",4578,4578
Yadagirigutta,Yadadri Bhuvanagiri,Temple,2024,July,Monsoon,Bonalu,4453,4453
Yadagirigutta,Yadadri Bhuvanagiri,Temple,2024,August,Monsoon,"Raksha Bandhan, Krishna Janmashtami, Independence Day",4732,4732
Yadagirigutta,Yadadri Bhuvanagiri,Temple,2024,September,Monsoon,"Ganesh Chaturthi, Engili Pula Bathukamma (start)",4653,4653
Yadagirigutta,Yadadri Bhuvanagiri,Temple,2024,October,Post-Monsoon,"Bathukamma (Saddula Bathukamma), Dussehra/Vijayadashami",16629,16629
Yadagirigutta,Yadadri Bhuvanagiri,Temple,2024,November,Post-Monsoon,Diwali/Deepavali,6594,6594
Yadagirigutta,Yadadri Bhuvanagiri,Temple,2024,December,Winter,Christmas,7658,7658
Yadagirigutta,Yadadri Bhuvanagiri,Temple,2025,January,Winter,"Bhogi, Sankranti/Pongal, New Year's Day, Republic Day",16618,16618
Yadagirigutta,Yadadri Bhuvanagiri,Temple,2025,February,Winter,Maha Shivaratri,7760,7760
Yadagirigutta,Yadadri Bhuvanagiri,Temple,2025,March,Summer,"Holi, Ugadi, Eid-ul-Fitr",7622,7622
Yadagirigutta,Yadadri Bhuvanagiri,Temple,2025,April,Summer,"Sri Rama Navami, Ambedkar Jayanti",5785,5785
Yadagirigutta,Yadadri Bhuvanagiri,Temple,2025,May,Summer,May Day,7302,7302
Yadagirigutta,Yadadri Bhuvanagiri,Temple,2025,June,Monsoon,"Bakrid/Eid-ul-Adha, Telangana Formation Day",4518,4518
Yadagirigutta,Yadadri Bhuvanagiri,Temple,2025,July,Monsoon,Bonalu,4291,4291
Yadagirigutta,Yadadri Bhuvanagiri,Temple,2025,August,Monsoon,"Krishna Ashtami, Vinayaka Chavithi, Independence Day",4677,4677
Yadagirigutta,Yadadri Bhuvanagiri,Temple,2025,September,Monsoon,Bathukamma (Engili Pula to Saddula),4366,4366
Yadagirigutta,Yadadri Bhuvanagiri,Temple,2025,October,Post-Monsoon,"Vijaya Dasami/Dussehra, Diwali/Deepavali",17824,17824
Yadagirigutta,Yadadri Bhuvanagiri,Temple,2025,November,Post-Monsoon,No Major Festival / Public Holiday,9462,9462
Yadagirigutta,Yadadri Bhuvanagiri,Temple,2025,December,Winter,Christmas,7677,7677
Yellamma Temple,Hyderabad,Temple,2024,January,Winter,"Bhogi, Sankranti/Pongal, New Year's Day, Republic Day",17036,17036
Yellamma Temple,Hyderabad,Temple,2024,February,Winter,No Major Festival / Public Holiday,9938,9938
Yellamma Temple,Hyderabad,Temple,2024,March,Summer,"Maha Shivaratri, Holi",7329,7329
Yellamma Temple,Hyderabad,Temple,2024,April,Summer,"Ugadi, Sri Rama Navami, Eid-ul-Fitr, Ambedkar Jayanti",7761,7761
Yellamma Temple,Hyderabad,Temple,2024,May,Summer,May Day,6620,6620
Yellamma Temple,Hyderabad,Temple,2024,June,Monsoon,"Bakrid/Eid-ul-Adha, Telangana Formation Day",4767,4767
Yellamma Temple,Hyderabad,Temple,2024,July,Monsoon,Bonalu,4294,4294
Yellamma Temple,Hyderabad,Temple,2024,August,Monsoon,"Raksha Bandhan, Krishna Janmashtami, Independence Day",4238,4238
Yellamma Temple,Hyderabad,Temple,2024,September,Monsoon,"Ganesh Chaturthi, Engili Pula Bathukamma (start)",4710,4710
Yellamma Temple,Hyderabad,Temple,2024,October,Post-Monsoon,"Bathukamma (Saddula Bathukamma), Dussehra/Vijayadashami",16722,16722
Yellamma Temple,Hyderabad,Temple,2024,November,Post-Monsoon,Diwali/Deepavali,7090,7090
Yellamma Temple,Hyderabad,Temple,2024,December,Winter,Christmas,7779,7779
Yellamma Temple,Hyderabad,Temple,2025,January,Winter,"Bhogi, Sankranti/Pongal, New Year's Day, Republic Day",17210,17210
Yellamma Temple,Hyderabad,Temple,2025,February,Winter,Maha Shivaratri,7942,7942
Yellamma Temple,Hyderabad,Temple,2025,March,Summer,"Holi, Ugadi, Eid-ul-Fitr",7226,7226
Yellamma Temple,Hyderabad,Temple,2025,April,Summer,"Sri Rama Navami, Ambedkar Jayanti",5843,5843
Yellamma Temple,Hyderabad,Temple,2025,May,Summer,May Day,6581,6581
Yellamma Temple,Hyderabad,Temple,2025,June,Monsoon,"Bakrid/Eid-ul-Adha, Telangana Formation Day",4449,4449
Yellamma Temple,Hyderabad,Temple,2025,July,Monsoon,Bonalu,4687,4687
Yellamma Temple,Hyderabad,Temple,2025,August,Monsoon,"Krishna Ashtami, Vinayaka Chavithi, Independence Day",4428,4428
Yellamma Temple,Hyderabad,Temple,2025,September,Monsoon,Bathukamma (Engili Pula to Saddula),4549,4549
Yellamma Temple,Hyderabad,Temple,2025,October,Post-Monsoon,"Vijaya Dasami/Dussehra, Diwali/Deepavali",17257,17257
Yellamma Temple,Hyderabad,Temple,2025,November,Post-Monsoon,No Major Festival / Public Holiday,9127,9127
Yellamma Temple,Hyderabad,Temple,2025,December,Winter,Christmas,7925,7925
Yerragattu Gutta,Hanumakonda,Cave/Hill/Viewpoint,2024,January,Winter,"Bhogi, Sankranti/Pongal, New Year's Day, Republic Day",1023,1023
Yerragattu Gutta,Hanumakonda,Cave/Hill/Viewpoint,2024,February,Winter,No Major Festival / Public Holiday,940,940
Yerragattu Gutta,Hanumakonda,Cave/Hill/Viewpoint,2024,March,Summer,"Maha Shivaratri, Holi",753,753
Yerragattu Gutta,Hanumakonda,Cave/Hill/Viewpoint,2024,April,Summer,"Ugadi, Sri Rama Navami, Eid-ul-Fitr, Ambedkar Jayanti",732,732
Yerragattu Gutta,Hanumakonda,Cave/Hill/Viewpoint,2024,May,Summer,May Day,965,965
Yerragattu Gutta,Hanumakonda,Cave/Hill/Viewpoint,2024,June,Monsoon,"Bakrid/Eid-ul-Adha, Telangana Formation Day",576,576
Yerragattu Gutta,Hanumakonda,Cave/Hill/Viewpoint,2024,July,Monsoon,Bonalu,584,584
Yerragattu Gutta,Hanumakonda,Cave/Hill/Viewpoint,2024,August,Monsoon,"Raksha Bandhan, Krishna Janmashtami, Independence Day",601,601
Yerragattu Gutta,Hanumakonda,Cave/Hill/Viewpoint,2024,September,Monsoon,"Ganesh Chaturthi, Engili Pula Bathukamma (start)",582,582
Yerragattu Gutta,Hanumakonda,Cave/Hill/Viewpoint,2024,October,Post-Monsoon,"Bathukamma (Saddula Bathukamma), Dussehra/Vijayadashami",887,887
Yerragattu Gutta,Hanumakonda,Cave/Hill/Viewpoint,2024,November,Post-Monsoon,Diwali/Deepavali,930,930
Yerragattu Gutta,Hanumakonda,Cave/Hill/Viewpoint,2024,December,Winter,Christmas,950,950
Yerragattu Gutta,Hanumakonda,Cave/Hill/Viewpoint,2025,January,Winter,"Bhogi, Sankranti/Pongal, New Year's Day, Republic Day",946,946
Yerragattu Gutta,Hanumakonda,Cave/Hill/Viewpoint,2025,February,Winter,Maha Shivaratri,984,984
Yerragattu Gutta,Hanumakonda,Cave/Hill/Viewpoint,2025,March,Summer,"Holi, Ugadi, Eid-ul-Fitr",780,780
Yerragattu Gutta,Hanumakonda,Cave/Hill/Viewpoint,2025,April,Summer,"Sri Rama Navami, Ambedkar Jayanti",764,764
Yerragattu Gutta,Hanumakonda,Cave/Hill/Viewpoint,2025,May,Summer,May Day,911,911
Yerragattu Gutta,Hanumakonda,Cave/Hill/Viewpoint,2025,June,Monsoon,"Bakrid/Eid-ul-Adha, Telangana Formation Day",604,604
Yerragattu Gutta,Hanumakonda,Cave/Hill/Viewpoint,2025,July,Monsoon,Bonalu,590,590
Yerragattu Gutta,Hanumakonda,Cave/Hill/Viewpoint,2025,August,Monsoon,"Krishna Ashtami, Vinayaka Chavithi, Independence Day",631,631
Yerragattu Gutta,Hanumakonda,Cave/Hill/Viewpoint,2025,September,Monsoon,Bathukamma (Engili Pula to Saddula),567,567
Yerragattu Gutta,Hanumakonda,Cave/Hill/Viewpoint,2025,October,Post-Monsoon,"Vijaya Dasami/Dussehra, Diwali/Deepavali",939,939
Yerragattu Gutta,Hanumakonda,Cave/Hill/Viewpoint,2025,November,Post-Monsoon,No Major Festival / Public Holiday,963,963
Yerragattu Gutta,Hanumakonda,Cave/Hill/Viewpoint,2025,December,Winter,Christmas,1036,1036
lower maneru dam,Karimnagar,Dam/Barrage,2024,January,Winter,"Bhogi, Sankranti/Pongal, New Year's Day, Republic Day",471,471
lower maneru dam,Karimnagar,Dam/Barrage,2024,February,Winter,No Major Festival / Public Holiday,492,492
lower maneru dam,Karimnagar,Dam/Barrage,2024,March,Summer,"Maha Shivaratri, Holi",363,363
lower maneru dam,Karimnagar,Dam/Barrage,2024,April,Summer,"Ugadi, Sri Rama Navami, Eid-ul-Fitr, Ambedkar Jayanti",382,382
lower maneru dam,Karimnagar,Dam/Barrage,2024,May,Summer,May Day,483,483
lower maneru dam,Karimnagar,Dam/Barrage,2024,June,Monsoon,"Bakrid/Eid-ul-Adha, Telangana Formation Day",296,296
lower maneru dam,Karimnagar,Dam/Barrage,2024,July,Monsoon,Bonalu,312,312
lower maneru dam,Karimnagar,Dam/Barrage,2024,August,Monsoon,"Raksha Bandhan, Krishna Janmashtami, Independence Day",282,282
lower maneru dam,Karimnagar,Dam/Barrage,2024,September,Monsoon,"Ganesh Chaturthi, Engili Pula Bathukamma (start)",288,288
lower maneru dam,Karimnagar,Dam/Barrage,2024,October,Post-Monsoon,"Bathukamma (Saddula Bathukamma), Dussehra/Vijayadashami",434,434
lower maneru dam,Karimnagar,Dam/Barrage,2024,November,Post-Monsoon,Diwali/Deepavali,450,450
lower maneru dam,Karimnagar,Dam/Barrage,2024,December,Winter,Christmas,524,524
lower maneru dam,Karimnagar,Dam/Barrage,2025,January,Winter,"Bhogi, Sankranti/Pongal, New Year's Day, Republic Day",475,475
lower maneru dam,Karimnagar,Dam/Barrage,2025,February,Winter,Maha Shivaratri,506,506
lower maneru dam,Karimnagar,Dam/Barrage,2025,March,Summer,"Holi, Ugadi, Eid-ul-Fitr",377,377
lower maneru dam,Karimnagar,Dam/Barrage,2025,April,Summer,"Sri Rama Navami, Ambedkar Jayanti",399,399
lower maneru dam,Karimnagar,Dam/Barrage,2025,May,Summer,May Day,439,439
lower maneru dam,Karimnagar,Dam/Barrage,2025,June,Monsoon,"Bakrid/Eid-ul-Adha, Telangana Formation Day",289,289
lower maneru dam,Karimnagar,Dam/Barrage,2025,July,Monsoon,Bonalu,283,283
lower maneru dam,Karimnagar,Dam/Barrage,2025,August,Monsoon,"Krishna Ashtami, Vinayaka Chavithi, Independence Day",297,297
lower maneru dam,Karimnagar,Dam/Barrage,2025,September,Monsoon,Bathukamma (Engili Pula to Saddula),292,292
lower maneru dam,Karimnagar,Dam/Barrage,2025,October,Post-Monsoon,"Vijaya Dasami/Dussehra, Diwali/Deepavali",480,480
lower maneru dam,Karimnagar,Dam/Barrage,2025,November,Post-Monsoon,No Major Festival / Public Holiday,465,465
lower maneru dam,Karimnagar,Dam/Barrage,2025,December,Winter,Christmas,506,506
palle prakruthi vanam,Mahabubabad,Park/Garden,2024,January,Winter,"Bhogi, Sankranti/Pongal, New Year's Day, Republic Day",6977,6977
palle prakruthi vanam,Mahabubabad,Park/Garden,2024,February,Winter,No Major Festival / Public Holiday,5106,5106
palle prakruthi vanam,Mahabubabad,Park/Garden,2024,March,Summer,"Maha Shivaratri, Holi",3970,3970
palle prakruthi vanam,Mahabubabad,Park/Garden,2024,April,Summer,"Ugadi, Sri Rama Navami, Eid-ul-Fitr, Ambedkar Jayanti",3913,3913
palle prakruthi vanam,Mahabubabad,Park/Garden,2024,May,Summer,May Day,6778,6778
palle prakruthi vanam,Mahabubabad,Park/Garden,2024,June,Monsoon,"Bakrid/Eid-ul-Adha, Telangana Formation Day",2839,2839
palle prakruthi vanam,Mahabubabad,Park/Garden,2024,July,Monsoon,Bonalu,2824,2824
palle prakruthi vanam,Mahabubabad,Park/Garden,2024,August,Monsoon,"Raksha Bandhan, Krishna Janmashtami, Independence Day",3058,3058
palle prakruthi vanam,Mahabubabad,Park/Garden,2024,September,Monsoon,"Ganesh Chaturthi, Engili Pula Bathukamma (start)",2924,2924
palle prakruthi vanam,Mahabubabad,Park/Garden,2024,October,Post-Monsoon,"Bathukamma (Saddula Bathukamma), Dussehra/Vijayadashami",4463,4463
palle prakruthi vanam,Mahabubabad,Park/Garden,2024,November,Post-Monsoon,Diwali/Deepavali,4506,4506
palle prakruthi vanam,Mahabubabad,Park/Garden,2024,December,Winter,Christmas,6806,6806
palle prakruthi vanam,Mahabubabad,Park/Garden,2025,January,Winter,"Bhogi, Sankranti/Pongal, New Year's Day, Republic Day",7009,7009
palle prakruthi vanam,Mahabubabad,Park/Garden,2025,February,Winter,Maha Shivaratri,4964,4964
palle prakruthi vanam,Mahabubabad,Park/Garden,2025,March,Summer,"Holi, Ugadi, Eid-ul-Fitr",3805,3805
palle prakruthi vanam,Mahabubabad,Park/Garden,2025,April,Summer,"Sri Rama Navami, Ambedkar Jayanti",3878,3878
palle prakruthi vanam,Mahabubabad,Park/Garden,2025,May,Summer,May Day,6352,6352
palle prakruthi vanam,Mahabubabad,Park/Garden,2025,June,Monsoon,"Bakrid/Eid-ul-Adha, Telangana Formation Day",2910,2910
palle prakruthi vanam,Mahabubabad,Park/Garden,2025,July,Monsoon,Bonalu,2879,2879
palle prakruthi vanam,Mahabubabad,Park/Garden,2025,August,Monsoon,"Krishna Ashtami, Vinayaka Chavithi, Independence Day",2945,2945
palle prakruthi vanam,Mahabubabad,Park/Garden,2025,September,Monsoon,Bathukamma (Engili Pula to Saddula),3087,3087
palle prakruthi vanam,Mahabubabad,Park/Garden,2025,October,Post-Monsoon,"Vijaya Dasami/Dussehra, Diwali/Deepavali",4741,4741
palle prakruthi vanam,Mahabubabad,Park/Garden,2025,November,Post-Monsoon,No Major Festival / Public Holiday,4692,4692
palle prakruthi vanam,Mahabubabad,Park/Garden,2025,December,Winter,Christmas,6776,6776
